{
    "aircraft": [
        {
            "hex": "aaf0a1",
            "step": 1,
            "x": 213129.00945642893,
            "y": -4876308.742179239,
            "z": 4094110.4838551395,
            "velocity": 73.76496,
            "heading": 195.78,
            "delay": 5
        }
    ]
}{
    "aircraft": [
        {
            "hex": "aaf0a1",
            "step": 1,
            "x": 213081.05972830052,
            "y": -4876431.044529342,
            "z": 4093968.2649094462,
            "velocity": 74.27936,
            "heading": 195.67,
            "delay": 5
        }
    ]
}{
    "aircraft": [
        {
            "hex": "aaf0a1",
            "step": 1,
            "x": 212954.55543254863,
            "y": -4876746.347246559,
            "z": 4093562.9693373023,
            "velocity": 74.63944,
            "heading": 195.19,
            "delay": 5
        }
    ]
}{
    "aircraft": [
        {
            "hex": "aaf0a1",
            "step": 1,
            "x": 212911.85934598497,
            "y": -4876840.7471358,
            "z": 4093414.7099615987,
            "velocity": 75.10239999999999,
            "heading": 195.08,
            "delay": 5
        }
    ]
}{
    "aircraft": [
        {
            "hex": "aaf0a1",
            "step": 1,
            "x": 212765.15749062644,
            "y": -4877176.476629518,
            "z": 4092947.429800874,
            "velocity": 76.54272,
            "heading": 196.0,
            "delay": 5
        }
    ]
}{
    "aircraft": [
        {
            "hex": "aaf0a1",
            "step": 1,
            "x": 212723.59290994238,
            "y": -4877265.715688164,
            "z": 4092805.1872191364,
            "velocity": 77.00567999999998,
            "heading": 195.89,
            "delay": 5
        }
    ]
}{
    "aircraft": [
        {
            "hex": "aaf0a1",
            "step": 1,
            "x": 212723.59290994238,
            "y": -4877265.715688164,
            "z": 4092805.1872191364,
            "velocity": 76.54272,
            "heading": 196.0,
            "delay": 5
        }
    ]
}{
    "aircraft": [
        {
            "hex": "aaf0a1",
            "step": 1,
            "x": 212493.37692244395,
            "y": -4877846.510077034,
            "z": 4092129.4876275384,
            "velocity": 75.66824,
            "heading": 196.59,
            "delay": 5
        }
    ]
}{
    "aircraft": [
        {
            "hex": "aaf0a1",
            "step": 1,
            "x": 212399.25429010435,
            "y": -4878098.270343756,
            "z": 4091875.001258985,
            "velocity": 75.05096,
            "heading": 196.32,
            "delay": 5
        }
    ]
}