{
    "Runway_5": [
        [
            40.408095,
            -86.938895
        ],
        [
            40.408802,
            -86.939587
        ],
        [
            40.415828,
            -86.927611
        ],
        [
            40.415612,
            -86.927366
        ]
    ],
    "Runway_10": [
        [
            40.413802,
            -86.951705
        ],
        [
            40.414276,
            -86.951618
        ],
        [
            40.411252,
            -86.926964
        ],
        [
            40.410819,
            -86.927059
        ]
    ],
    "Parking_lot_1": [
        [
            40.416489,
            -86.925488
        ],
        [
            40.4156,
            -86.924069
        ],
        [
            40.4148,
            -86.924993
        ],
        [
            40.415531,
            -86.926347
        ]
    ],
    "Parking_lot_2": [
        [
            40.416729,
            -86.927943
        ],
        [
            40.416731,
            -86.929028
        ],
        [
            40.41657,
            -86.929059
        ],
        [
            40.416552,
            -86.927936
        ]
    ],
    "Airport_building_1": [
        [
            40.416546,
            -86.928137
        ],
        [
            40.416539,
            -86.929064
        ],
        [
            40.416091,
            -86.929014
        ],
        [
            40.416091,
            -86.928142
        ]
    ],
    "Airport_building_2": [
        [
            40.41617825650553,
            -86.928783834643
        ],
        [
            40.41617366174902,
            -86.92901584573137
        ],
        [
            40.41606696120412,
            -86.92901517517907
        ],
        [
            40.41606542961612,
            -86.92878785795666
        ]
    ],
    "Department_of_Aviation_Technology_building": [
        [
            40.41672952650375,
            -86.92908254963399
        ],
        [
            40.41671318972414,
            -86.92971018656665
        ],
        [
            40.416110768206515,
            -86.92975846633071
        ],
        [
            40.41608115751825,
            -86.92908254963399
        ]
    ],
    "Rental_Car_building": [
        [
            40.41651190209472,
            -86.93003841544622
        ],
        [
            40.41651104349584,
            -86.93042973776123
        ],
        [
            40.41641659755096,
            -86.93043199322125
        ],
        [
            40.41641831475114,
            -86.93003503225616
        ]
    ],
    "Airport_building_3": [
        [
            40.41649295265735,
            -86.93060480277293
        ],
        [
            40.41648350806627,
            -86.93134797685245
        ],
        [
            40.41602072148022,
            -86.9313434659324
        ],
        [
            40.41602673171604,
            -86.9305935254728
        ]
    ],
    "Parking_lot_3": [
        [
            40.416752364184084,
            -86.92981853184544
        ],
        [
            40.416749935708324,
            -86.93131131245737
        ],
        [
            40.41650951617608,
            -86.93131609701062
        ],
        [
            40.41653015829084,
            -86.92984564431384
        ]
    ],
    "PURT_hangar": [
        [
            40.415753413044854,
            -86.9327016807438
        ],
        [
            40.41526915607196,
            -86.93341891703298
        ],
        [
            40.414970357477664,
            -86.93309413078882
        ],
        [
            40.41545289937625,
            -86.9323588508194
        ]
    ],
    "airport_hangar": [
        [
            40.41452422964575,
            -86.93444661800248
        ],
        [
            40.414646759382194,
            -86.93544037647919
        ],
        [
            40.41419748259109,
            -86.93552352496172
        ],
        [
            40.414080057480746,
            -86.9345324486941
        ]
    ],
    "airport_hangar2": [
        [
            40.414770309977506,
            -86.93621151157019
        ],
        [
            40.41482544818486,
            -86.93666212270132
        ],
        [
            40.41447521769237,
            -86.93672917792918
        ],
        [
            40.41442518461606,
            -86.9362799079026
        ]
    ],
    "airport_hangar3": [
        [
            40.41631731555881,
            -86.93326692254755
        ],
        [
            40.41655530729509,
            -86.93518871810029
        ],
        [
            40.41691957873051,
            -86.93510738069516
        ],
        [
            40.41670101610591,
            -86.93322705127052
        ]
    ],
    "airport_hangar4": [
        [
            40.416749245715074,
            -86.9362222545391
        ],
        [
            40.416649648522004,
            -86.93539224524848
        ],
        [
            40.41548366351989,
            -86.93566966683204
        ],
        [
            40.4155866968818,
            -86.93652899710304
        ]
    ],
    "airport_hangar5": [
        [
            40.41592660591574,
            -86.93446200817604
        ],
        [
            40.415990142755966,
            -86.93516120078498
        ],
        [
            40.41564326522226,
            -86.93522435366579
        ],
        [
            40.41555912139259,
            -86.93454094927704
        ]
    ],
    "Parking_lot_4": [
        [
            40.415287644920326,
            -86.93443490196115
        ],
        [
            40.4153580987467,
            -86.93518994382673
        ],
        [
            40.414645388522054,
            -86.93541659049686
        ],
        [
            40.41455859664671,
            -86.93455962468495
        ]
    ],
    "airport_hangar6": [
        [
            40.41689536493925,
            -86.93854246720376
        ],
        [
            40.416993555318534,
            -86.94658408619664
        ],
        [
            40.415826813311405,
            -86.9464323575364
        ],
        [
            40.41450409617069,
            -86.93846660287363
        ]
    ],
    "aircraft_parking1": [
        [
            40.414957731295004,
            -86.93304922631089
        ],
        [
            40.414357336229266,
            -86.9323625807777
        ],
        [
            40.41517215681363,
            -86.93074520874605
        ],
        [
            40.415151735366194,
            -86.92883547589726
        ],
        [
            40.41598084116393,
            -86.92877914950586
        ],
        [
            40.41600534659857,
            -86.93158742244819
        ]
    ],
    "aircraft_parking2": [
        [
            40.416512470759066,
            -86.93496415476733
        ],
        [
            40.41627276874948,
            -86.93277926205982
        ],
        [
            40.41537315660301,
            -86.93383946607328
        ],
        [
            40.41554643756649,
            -86.93521640366498
        ]
    ],
    "aircraft_parking3": [
        [
            40.41406234971884,
            -86.93455578616953
        ],
        [
            40.41430639170153,
            -86.93658895021679
        ],
        [
            40.41377209745101,
            -86.93669136706245
        ],
        [
            40.41353238567887,
            -86.93466199623168
        ]
    ],
    "complete_airport": [
        [
            40.416633638344855,
            -86.92388960730543
        ],
        [
            40.41693476921368,
            -86.95710649237589
        ],
        [
            40.40679271792103,
            -86.95606027006666
        ],
        [
            40.40735620531512,
            -86.9237804841848
        ]
    ]
}