<?xml version="1.0" encoding="UTF-8"?>
<osm version="0.6" generator="CGImap 0.9.0 (1950342 spike-07.openstreetmap.org)" copyright="OpenStreetMap and contributors" attribution="http://www.openstreetmap.org/copyright" license="http://opendatacommons.org/licenses/odbl/1-0/">
 <bounds minlat="40.4056000" minlon="-86.9553000" maxlat="40.4198000" maxlon="-86.9217000"/>
 <node id="37969773" visible="true" version="4" changeset="62359168" timestamp="2018-09-07T01:52:43Z" user="Evan Nichols (Virtual Tours)" uid="3033892" lat="40.4135732" lon="-86.9231460"/>
 <node id="37969774" visible="true" version="4" changeset="62359168" timestamp="2018-09-07T01:52:43Z" user="Evan Nichols (Virtual Tours)" uid="3033892" lat="40.4132829" lon="-86.9226152"/>
 <node id="37969786" visible="true" version="5" changeset="62359142" timestamp="2018-09-07T01:48:48Z" user="Evan Nichols (Virtual Tours)" uid="3033892" lat="40.4125991" lon="-86.9207045"/>
 <node id="37969794" visible="true" version="7" changeset="112758258" timestamp="2021-10-20T18:45:51Z" user="riiga" uid="83501" lat="40.4128910" lon="-86.9197037"/>
 <node id="37969838" visible="true" version="4" changeset="62358047" timestamp="2018-09-06T23:56:48Z" user="Evan Nichols (Virtual Tours)" uid="3033892" lat="40.4120056" lon="-86.9203918"/>
 <node id="37970412" visible="true" version="3" changeset="15228949" timestamp="2013-03-03T02:35:38Z" user="mcgrew" uid="156147" lat="40.4011541" lon="-86.9223188"/>
 <node id="37970669" visible="true" version="5" changeset="112671985" timestamp="2021-10-18T22:03:22Z" user="riiga" uid="83501" lat="40.4201627" lon="-86.9305499"/>
 <node id="37970811" visible="true" version="5" changeset="62359168" timestamp="2018-09-07T01:52:43Z" user="Evan Nichols (Virtual Tours)" uid="3033892" lat="40.4166595" lon="-86.9261455"/>
 <node id="37970815" visible="true" version="4" changeset="62359168" timestamp="2018-09-07T01:52:43Z" user="Evan Nichols (Virtual Tours)" uid="3033892" lat="40.4160872" lon="-86.9261436"/>
 <node id="37977671" visible="true" version="3" changeset="62327327" timestamp="2018-09-06T01:04:59Z" user="Evan Nichols (Virtual Tours)" uid="3033892" lat="40.4010679" lon="-86.9460119"/>
 <node id="37977673" visible="true" version="3" changeset="62327327" timestamp="2018-09-06T01:04:59Z" user="Evan Nichols (Virtual Tours)" uid="3033892" lat="40.4029228" lon="-86.9459877"/>
 <node id="37977675" visible="true" version="3" changeset="62327327" timestamp="2018-09-06T01:04:59Z" user="Evan Nichols (Virtual Tours)" uid="3033892" lat="40.4083380" lon="-86.9498445"/>
 <node id="37977677" visible="true" version="3" changeset="62327327" timestamp="2018-09-06T01:04:59Z" user="Evan Nichols (Virtual Tours)" uid="3033892" lat="40.4084607" lon="-86.9516408"/>
 <node id="37977678" visible="true" version="3" changeset="62327327" timestamp="2018-09-06T01:04:59Z" user="Evan Nichols (Virtual Tours)" uid="3033892" lat="40.4085750" lon="-86.9534407"/>
 <node id="37977680" visible="true" version="4" changeset="122247959" timestamp="2022-06-11T12:47:13Z" user="the_edge01" uid="14100502" lat="40.4093218" lon="-86.9642082">
  <tag k="power" v="pole"/>
 </node>
 <node id="37977681" visible="true" version="3" changeset="62327327" timestamp="2018-09-06T01:04:59Z" user="Evan Nichols (Virtual Tours)" uid="3033892" lat="40.4167314" lon="-86.9642375"/>
 <node id="37977689" visible="true" version="3" changeset="62327440" timestamp="2018-09-06T01:18:34Z" user="Evan Nichols (Virtual Tours)" uid="3033892" lat="40.4205690" lon="-86.9457405"/>
 <node id="37977696" visible="true" version="3" changeset="62327440" timestamp="2018-09-06T01:18:34Z" user="Evan Nichols (Virtual Tours)" uid="3033892" lat="40.4269491" lon="-86.9456261"/>
 <node id="37977699" visible="true" version="3" changeset="62327440" timestamp="2018-09-06T01:18:34Z" user="Evan Nichols (Virtual Tours)" uid="3033892" lat="40.4309145" lon="-86.9435100"/>
 <node id="37978637" visible="true" version="4" changeset="112671985" timestamp="2021-10-18T22:03:22Z" user="riiga" uid="83501" lat="40.4169141" lon="-86.9523273">
  <tag k="barrier" v="gate"/>
 </node>
 <node id="37978640" visible="true" version="5" changeset="112671985" timestamp="2021-10-18T22:03:22Z" user="riiga" uid="83501" lat="40.4169075" lon="-86.9480069"/>
 <node id="37978641" visible="true" version="5" changeset="112671985" timestamp="2021-10-18T22:03:22Z" user="riiga" uid="83501" lat="40.4168615" lon="-86.9478701"/>
 <node id="37978644" visible="true" version="5" changeset="112671985" timestamp="2021-10-18T22:03:22Z" user="riiga" uid="83501" lat="40.4167512" lon="-86.9477923"/>
 <node id="37978646" visible="true" version="5" changeset="112671985" timestamp="2021-10-18T22:03:22Z" user="riiga" uid="83501" lat="40.4158997" lon="-86.9478151"/>
 <node id="37978649" visible="true" version="4" changeset="112671985" timestamp="2021-10-18T22:03:22Z" user="riiga" uid="83501" lat="40.4158507" lon="-86.9478004"/>
 <node id="37978651" visible="true" version="5" changeset="112671985" timestamp="2021-10-18T22:03:22Z" user="riiga" uid="83501" lat="40.4157618" lon="-86.9475456"/>
 <node id="37978654" visible="true" version="4" changeset="122525177" timestamp="2022-06-17T21:30:08Z" user="Clarke22" uid="703694" lat="40.4157985" lon="-86.9413743"/>
 <node id="37978734" visible="true" version="3" changeset="4038194" timestamp="2010-03-05T05:17:59Z" user="mcgrew" uid="156147" lat="40.4094284" lon="-86.9523469"/>
 <node id="37978888" visible="true" version="3" changeset="4038194" timestamp="2010-03-05T05:17:58Z" user="mcgrew" uid="156147" lat="40.4062403" lon="-86.9421195"/>
 <node id="37978947" visible="true" version="3" changeset="62357930" timestamp="2018-09-06T23:45:26Z" user="Evan Nichols (Virtual Tours)" uid="3033892" lat="40.4028198" lon="-86.9430260"/>
 <node id="37978967" visible="true" version="3" changeset="4038194" timestamp="2010-03-05T05:17:58Z" user="mcgrew" uid="156147" lat="40.4052300" lon="-86.9423051"/>
 <node id="37986896" visible="true" version="3" changeset="4038194" timestamp="2010-03-05T05:17:59Z" user="mcgrew" uid="156147" lat="40.4079694" lon="-86.9375875"/>
 <node id="37986898" visible="true" version="4" changeset="62358158" timestamp="2018-09-07T00:06:52Z" user="Evan Nichols (Virtual Tours)" uid="3033892" lat="40.4080229" lon="-86.9374533"/>
 <node id="37986901" visible="true" version="4" changeset="62358158" timestamp="2018-09-07T00:06:52Z" user="Evan Nichols (Virtual Tours)" uid="3033892" lat="40.4080778" lon="-86.9372575"/>
 <node id="37986917" visible="true" version="3" changeset="4038194" timestamp="2010-03-05T05:18:00Z" user="mcgrew" uid="156147" lat="40.4082040" lon="-86.9283583"/>
 <node id="37986919" visible="true" version="4" changeset="62358047" timestamp="2018-09-06T23:56:48Z" user="Evan Nichols (Virtual Tours)" uid="3033892" lat="40.4092883" lon="-86.9257408"/>
 <node id="37986921" visible="true" version="4" changeset="62358047" timestamp="2018-09-06T23:56:48Z" user="Evan Nichols (Virtual Tours)" uid="3033892" lat="40.4093041" lon="-86.9237814"/>
 <node id="37986937" visible="true" version="6" changeset="62359168" timestamp="2018-09-07T01:52:43Z" user="Evan Nichols (Virtual Tours)" uid="3033892" lat="40.4161069" lon="-86.9243413"/>
 <node id="37986944" visible="true" version="3" changeset="4038194" timestamp="2010-03-05T05:18:00Z" user="mcgrew" uid="156147" lat="40.4167808" lon="-86.9302403"/>
 <node id="37986948" visible="true" version="6" changeset="141185128" timestamp="2023-09-13T00:37:08Z" user="Clarke22" uid="703694" lat="40.4167748" lon="-86.9304709"/>
 <node id="37987036" visible="true" version="4" changeset="62358047" timestamp="2018-09-06T23:56:48Z" user="Evan Nichols (Virtual Tours)" uid="3033892" lat="40.4086555" lon="-86.9260445"/>
 <node id="37987039" visible="true" version="4" changeset="62358047" timestamp="2018-09-06T23:56:48Z" user="Evan Nichols (Virtual Tours)" uid="3033892" lat="40.4060587" lon="-86.9298137"/>
 <node id="37987041" visible="true" version="4" changeset="62358047" timestamp="2018-09-06T23:56:48Z" user="Evan Nichols (Virtual Tours)" uid="3033892" lat="40.4057190" lon="-86.9300084"/>
 <node id="37987045" visible="true" version="4" changeset="62358047" timestamp="2018-09-06T23:56:48Z" user="Evan Nichols (Virtual Tours)" uid="3033892" lat="40.4055438" lon="-86.9301058"/>
 <node id="37987046" visible="true" version="4" changeset="62358047" timestamp="2018-09-06T23:56:48Z" user="Evan Nichols (Virtual Tours)" uid="3033892" lat="40.4051832" lon="-86.9303037"/>
 <node id="37987048" visible="true" version="4" changeset="62358047" timestamp="2018-09-06T23:56:48Z" user="Evan Nichols (Virtual Tours)" uid="3033892" lat="40.4049004" lon="-86.9304640"/>
 <node id="37987049" visible="true" version="4" changeset="62358047" timestamp="2018-09-06T23:56:48Z" user="Evan Nichols (Virtual Tours)" uid="3033892" lat="40.4047308" lon="-86.9305551"/>
 <node id="37987052" visible="true" version="4" changeset="62358047" timestamp="2018-09-06T23:56:48Z" user="Evan Nichols (Virtual Tours)" uid="3033892" lat="40.4045961" lon="-86.9306231"/>
 <node id="37987055" visible="true" version="4" changeset="62358047" timestamp="2018-09-06T23:56:48Z" user="Evan Nichols (Virtual Tours)" uid="3033892" lat="40.4043032" lon="-86.9307523"/>
 <node id="37987059" visible="true" version="4" changeset="62358047" timestamp="2018-09-06T23:56:48Z" user="Evan Nichols (Virtual Tours)" uid="3033892" lat="40.4040935" lon="-86.9307903"/>
 <node id="37987062" visible="true" version="4" changeset="62358047" timestamp="2018-09-06T23:56:48Z" user="Evan Nichols (Virtual Tours)" uid="3033892" lat="40.4033724" lon="-86.9310707"/>
 <node id="37987065" visible="true" version="4" changeset="62358047" timestamp="2018-09-06T23:56:48Z" user="Evan Nichols (Virtual Tours)" uid="3033892" lat="40.4033054" lon="-86.9311625"/>
 <node id="37989144" visible="true" version="3" changeset="4038194" timestamp="2010-03-05T05:17:59Z" user="mcgrew" uid="156147" lat="40.4094975" lon="-86.9477465"/>
 <node id="37989147" visible="true" version="3" changeset="4038194" timestamp="2010-03-05T05:17:59Z" user="mcgrew" uid="156147" lat="40.4085417" lon="-86.9453771"/>
 <node id="37989167" visible="true" version="3" changeset="4038194" timestamp="2010-03-05T05:17:59Z" user="mcgrew" uid="156147" lat="40.4083527" lon="-86.9438255"/>
 <node id="37989170" visible="true" version="3" changeset="4038194" timestamp="2010-03-05T05:17:59Z" user="mcgrew" uid="156147" lat="40.4081637" lon="-86.9423891"/>
 <node id="37989175" visible="true" version="4" changeset="62358158" timestamp="2018-09-07T00:06:52Z" user="Evan Nichols (Virtual Tours)" uid="3033892" lat="40.4080837" lon="-86.9417744"/>
 <node id="37989185" visible="true" version="4" changeset="62358158" timestamp="2018-09-07T00:06:52Z" user="Evan Nichols (Virtual Tours)" uid="3033892" lat="40.4078846" lon="-86.9412379"/>
 <node id="37989197" visible="true" version="4" changeset="62358158" timestamp="2018-09-07T00:06:52Z" user="Evan Nichols (Virtual Tours)" uid="3033892" lat="40.4070022" lon="-86.9402062"/>
 <node id="37989200" visible="true" version="4" changeset="62358158" timestamp="2018-09-07T00:06:52Z" user="Evan Nichols (Virtual Tours)" uid="3033892" lat="40.4068119" lon="-86.9393543"/>
 <node id="37989495" visible="true" version="3" changeset="4038194" timestamp="2010-03-05T05:17:59Z" user="mcgrew" uid="156147" lat="40.4109271" lon="-86.9523644"/>
 <node id="37990038" visible="true" version="3" changeset="4038194" timestamp="2010-03-05T05:18:03Z" user="mcgrew" uid="156147" lat="40.4103881" lon="-86.9204444"/>
 <node id="37992574" visible="true" version="6" changeset="112758258" timestamp="2021-10-20T18:45:51Z" user="riiga" uid="83501" lat="40.4066049" lon="-86.9223533"/>
 <node id="37992576" visible="true" version="3" changeset="15228949" timestamp="2013-03-03T02:35:38Z" user="mcgrew" uid="156147" lat="40.4011833" lon="-86.9217811"/>
 <node id="37992581" visible="true" version="3" changeset="15228949" timestamp="2013-03-03T02:35:38Z" user="mcgrew" uid="156147" lat="40.4011419" lon="-86.9219807"/>
 <node id="37994983" visible="true" version="7" changeset="117658475" timestamp="2022-02-21T00:01:00Z" user="AwwJeez" uid="9625789" lat="40.4208843" lon="-86.9232662"/>
 <node id="38001751" visible="true" version="4" changeset="122525177" timestamp="2022-06-17T21:30:08Z" user="Clarke22" uid="703694" lat="40.4218768" lon="-86.9524100"/>
 <node id="38004762" visible="true" version="4" changeset="122525177" timestamp="2022-06-17T21:30:08Z" user="Clarke22" uid="703694" lat="40.4266099" lon="-86.9524516"/>
 <node id="38007986" visible="true" version="3" changeset="30782129" timestamp="2015-05-04T15:21:06Z" user="Pnrrth" uid="1012362" lat="40.4167114" lon="-86.9148128"/>
 <node id="38008214" visible="true" version="4" changeset="112671985" timestamp="2021-10-18T22:03:22Z" user="riiga" uid="83501" lat="40.4169838" lon="-86.9302579"/>
 <node id="38008217" visible="true" version="4" changeset="5579123" timestamp="2010-08-24T12:02:47Z" user="dcs" uid="236412" lat="40.4169295" lon="-86.9267931"/>
 <node id="38008224" visible="true" version="5" changeset="112671985" timestamp="2021-10-18T22:03:22Z" user="riiga" uid="83501" lat="40.4168779" lon="-86.9243731"/>
 <node id="38008228" visible="true" version="3" changeset="30782129" timestamp="2015-05-04T15:21:06Z" user="Pnrrth" uid="1012362" lat="40.4166044" lon="-86.9112052"/>
 <node id="38008231" visible="true" version="2" changeset="3078855" timestamp="2009-11-09T23:36:42Z" user="woodpeck_fixbot" uid="147510" lat="40.4166350" lon="-86.9101090"/>
 <node id="38008235" visible="true" version="3" changeset="30782129" timestamp="2015-05-04T15:21:06Z" user="Pnrrth" uid="1012362" lat="40.4166698" lon="-86.9094257"/>
 <node id="38008238" visible="true" version="3" changeset="30782129" timestamp="2015-05-04T15:21:06Z" user="Pnrrth" uid="1012362" lat="40.4166919" lon="-86.9092378"/>
 <node id="38008241" visible="true" version="3" changeset="30782129" timestamp="2015-05-04T15:21:06Z" user="Pnrrth" uid="1012362" lat="40.4167590" lon="-86.9088284"/>
 <node id="38008442" visible="true" version="8" changeset="85207310" timestamp="2020-05-14T14:33:46Z" user="Andros66" uid="8929524" lat="40.4242446" lon="-86.9305648">
  <tag k="highway" v="traffic_signals"/>
 </node>
 <node id="38010519" visible="true" version="4" changeset="112671985" timestamp="2021-10-18T22:03:22Z" user="riiga" uid="83501" lat="40.4170130" lon="-86.9320588"/>
 <node id="38010523" visible="true" version="4" changeset="112671985" timestamp="2021-10-18T22:03:22Z" user="riiga" uid="83501" lat="40.4170690" lon="-86.9334082"/>
 <node id="38010528" visible="true" version="4" changeset="112671985" timestamp="2021-10-18T22:03:22Z" user="riiga" uid="83501" lat="40.4172721" lon="-86.9348761"/>
 <node id="38010531" visible="true" version="4" changeset="112671985" timestamp="2021-10-18T22:03:22Z" user="riiga" uid="83501" lat="40.4175427" lon="-86.9359875"/>
 <node id="38010534" visible="true" version="3" changeset="112671985" timestamp="2021-10-18T22:03:22Z" user="riiga" uid="83501" lat="40.4178318" lon="-86.9368543"/>
 <node id="38010537" visible="true" version="3" changeset="112671985" timestamp="2021-10-18T22:03:22Z" user="riiga" uid="83501" lat="40.4183029" lon="-86.9379282"/>
 <node id="38010541" visible="true" version="3" changeset="112671985" timestamp="2021-10-18T22:03:22Z" user="riiga" uid="83501" lat="40.4186619" lon="-86.9385990"/>
 <node id="38010544" visible="true" version="2" changeset="2862252" timestamp="2009-10-16T09:42:16Z" user="woodpeck_fixbot" uid="147510" lat="40.4193790" lon="-86.9396740"/>
 <node id="38010547" visible="true" version="3" changeset="138961947" timestamp="2023-07-24T23:20:54Z" user="Clarke22" uid="703694" lat="40.4199528" lon="-86.9403218"/>
 <node id="38010550" visible="true" version="3" changeset="138961947" timestamp="2023-07-24T23:20:54Z" user="Clarke22" uid="703694" lat="40.4208556" lon="-86.9411332"/>
 <node id="38010552" visible="true" version="5" changeset="138961947" timestamp="2023-07-24T23:20:54Z" user="Clarke22" uid="703694" lat="40.4215598" lon="-86.9416326"/>
 <node id="38014556" visible="true" version="5" changeset="122525177" timestamp="2022-06-17T21:30:08Z" user="Clarke22" uid="703694" lat="40.4329405" lon="-86.9524661"/>
 <node id="38018080" visible="true" version="4" changeset="32171253" timestamp="2015-06-23T21:18:42Z" user="calfarome" uid="2511706" lat="40.4042886" lon="-86.9525307"/>
 <node id="38021323" visible="true" version="5" changeset="117658475" timestamp="2022-02-21T00:01:00Z" user="AwwJeez" uid="9625789" lat="40.4223447" lon="-86.9305611"/>
 <node id="38021346" visible="true" version="5" changeset="117658475" timestamp="2022-02-21T00:01:00Z" user="AwwJeez" uid="9625789" lat="40.4199438" lon="-86.9305472"/>
 <node id="38026763" visible="true" version="3" changeset="20917302" timestamp="2014-03-04T19:57:23Z" user="jonesydesign" uid="1802220" lat="40.4254074" lon="-86.9524380"/>
 <node id="38033085" visible="true" version="6" changeset="122733657" timestamp="2022-06-23T01:37:52Z" user="Clarke22" uid="703694" lat="40.4208670" lon="-86.9246372"/>
 <node id="38033088" visible="true" version="6" changeset="117914136" timestamp="2022-02-27T16:12:14Z" user="AwwJeez" uid="9625789" lat="40.4192395" lon="-86.9247485"/>
 <node id="38033091" visible="true" version="5" changeset="25234132" timestamp="2014-09-04T19:25:18Z" user="lrhill" uid="1813535" lat="40.4190335" lon="-86.9274311"/>
 <node id="38033093" visible="true" version="5" changeset="117914136" timestamp="2022-02-27T16:12:14Z" user="AwwJeez" uid="9625789" lat="40.4200831" lon="-86.9279622">
  <tag k="highway" v="stop"/>
  <tag k="stop" v="all"/>
 </node>
 <node id="38035472" visible="true" version="4" changeset="62357930" timestamp="2018-09-06T23:45:26Z" user="Evan Nichols (Virtual Tours)" uid="3033892" lat="40.4024003" lon="-86.9430131"/>
 <node id="38035475" visible="true" version="4" changeset="62358158" timestamp="2018-09-07T00:06:52Z" user="Evan Nichols (Virtual Tours)" uid="3033892" lat="40.4044862" lon="-86.9424422"/>
 <node id="390708252" visible="true" version="2" changeset="120616519" timestamp="2022-05-06T07:14:12Z" user="Clarke22" uid="703694" lat="40.4272586" lon="-86.9009660"/>
 <node id="390708299" visible="true" version="2" changeset="120616519" timestamp="2022-05-06T07:14:12Z" user="Clarke22" uid="703694" lat="40.4258298" lon="-86.8994463"/>
 <node id="390708333" visible="true" version="2" changeset="59818967" timestamp="2018-06-13T18:15:53Z" user="EdwinChen" uid="7918221" lat="40.4099346" lon="-86.9149927"/>
 <node id="390708334" visible="true" version="2" changeset="59818967" timestamp="2018-06-13T18:15:53Z" user="EdwinChen" uid="7918221" lat="40.4148673" lon="-86.9093431"/>
 <node id="390708364" visible="true" version="3" changeset="124707926" timestamp="2022-08-10T01:23:09Z" user="Clarke22" uid="703694" lat="40.4217423" lon="-86.8971183"/>
 <node id="390708366" visible="true" version="1" changeset="1082245" timestamp="2009-05-05T06:07:56Z" user="TIGERcnl" uid="120146" lat="40.4225890" lon="-86.8973190"/>
 <node id="390708389" visible="true" version="2" changeset="59818967" timestamp="2018-06-13T18:15:53Z" user="EdwinChen" uid="7918221" lat="40.4079356" lon="-86.9194199"/>
 <node id="390708473" visible="true" version="2" changeset="120616519" timestamp="2022-05-06T07:14:12Z" user="Clarke22" uid="703694" lat="40.4260346" lon="-86.8976605"/>
 <node id="390708474" visible="true" version="1" changeset="1082245" timestamp="2009-05-05T06:07:59Z" user="TIGERcnl" uid="120146" lat="40.4270830" lon="-86.8972790"/>
 <node id="390708477" visible="true" version="1" changeset="1082245" timestamp="2009-05-05T06:07:59Z" user="TIGERcnl" uid="120146" lat="40.4328880" lon="-86.8964790"/>
 <node id="390708478" visible="true" version="1" changeset="1082245" timestamp="2009-05-05T06:07:59Z" user="TIGERcnl" uid="120146" lat="40.4341370" lon="-86.8963120"/>
 <node id="390708480" visible="true" version="1" changeset="1082245" timestamp="2009-05-05T06:07:59Z" user="TIGERcnl" uid="120146" lat="40.4287980" lon="-86.8970260"/>
 <node id="390708492" visible="true" version="2" changeset="124707926" timestamp="2022-08-10T01:23:09Z" user="Clarke22" uid="703694" lat="40.4157741" lon="-86.9085298"/>
 <node id="390708496" visible="true" version="1" changeset="1082245" timestamp="2009-05-05T06:07:59Z" user="TIGERcnl" uid="120146" lat="40.4156140" lon="-86.9020080"/>
 <node id="390708738" visible="true" version="3" changeset="120616519" timestamp="2022-05-06T07:14:12Z" user="Clarke22" uid="703694" lat="40.4248951" lon="-86.8976066"/>
 <node id="390708745" visible="true" version="3" changeset="120616519" timestamp="2022-05-06T07:14:12Z" user="Clarke22" uid="703694" lat="40.4239489" lon="-86.9028711"/>
 <node id="390708747" visible="true" version="3" changeset="120616519" timestamp="2022-05-06T07:14:12Z" user="Clarke22" uid="703694" lat="40.4249161" lon="-86.9000597"/>
 <node id="390708849" visible="true" version="2" changeset="125052214" timestamp="2022-08-18T09:27:44Z" user="Clarke22" uid="703694" lat="40.4344200" lon="-86.8979872"/>
 <node id="390708850" visible="true" version="1" changeset="1082245" timestamp="2009-05-05T06:09:15Z" user="TIGERcnl" uid="120146" lat="40.4343860" lon="-86.8976640"/>
 <node id="390708851" visible="true" version="1" changeset="1082245" timestamp="2009-05-05T06:09:15Z" user="TIGERcnl" uid="120146" lat="40.4342850" lon="-86.8966610"/>
 <node id="390708852" visible="true" version="1" changeset="1082245" timestamp="2009-05-05T06:09:15Z" user="TIGERcnl" uid="120146" lat="40.4342520" lon="-86.8963270"/>
 <node id="390708957" visible="true" version="1" changeset="1082245" timestamp="2009-05-05T06:09:17Z" user="TIGERcnl" uid="120146" lat="40.4166750" lon="-86.9003930"/>
 <node id="390708963" visible="true" version="2" changeset="124707926" timestamp="2022-08-10T01:23:09Z" user="Clarke22" uid="703694" lat="40.4169952" lon="-86.8997654"/>
 <node id="390708964" visible="true" version="1" changeset="1082245" timestamp="2009-05-05T06:09:17Z" user="TIGERcnl" uid="120146" lat="40.4167710" lon="-86.9001210"/>
 <node id="390708965" visible="true" version="2" changeset="124707926" timestamp="2022-08-10T01:23:09Z" user="Clarke22" uid="703694" lat="40.4165197" lon="-86.9008461"/>
 <node id="390708966" visible="true" version="1" changeset="1082245" timestamp="2009-05-05T06:09:18Z" user="TIGERcnl" uid="120146" lat="40.4161930" lon="-86.9014300"/>
 <node id="390709153" visible="true" version="2" changeset="120616519" timestamp="2022-05-06T07:14:12Z" user="Clarke22" uid="703694" lat="40.4256778" lon="-86.8978255"/>
 <node id="577079105" visible="true" version="1" changeset="3263459" timestamp="2009-12-01T11:46:39Z" user="JosephManning" uid="152444" lat="40.4140323" lon="-86.9515429"/>
 <node id="577079110" visible="true" version="2" changeset="100010816" timestamp="2021-02-26T02:00:12Z" user="Sfriniks" uid="11810703" lat="40.4110502" lon="-86.9271871"/>
 <node id="577079118" visible="true" version="1" changeset="3263459" timestamp="2009-12-01T11:46:39Z" user="JosephManning" uid="152444" lat="40.4156660" lon="-86.9275747"/>
 <node id="577079122" visible="true" version="3" changeset="100010816" timestamp="2021-02-26T02:00:12Z" user="Sfriniks" uid="11810703" lat="40.4082477" lon="-86.9389350"/>
 <node id="660557777" visible="true" version="2" changeset="62357930" timestamp="2018-09-06T23:45:26Z" user="Evan Nichols (Virtual Tours)" uid="3033892" lat="40.4033477" lon="-86.9429666"/>
 <node id="660557778" visible="true" version="1" changeset="4038194" timestamp="2010-03-05T05:17:54Z" user="mcgrew" uid="156147" lat="40.4076140" lon="-86.9420519"/>
 <node id="660557779" visible="true" version="2" changeset="62358158" timestamp="2018-09-07T00:06:52Z" user="Evan Nichols (Virtual Tours)" uid="3033892" lat="40.4068377" lon="-86.9419878"/>
 <node id="660557781" visible="true" version="2" changeset="62358047" timestamp="2018-09-06T23:56:48Z" user="Evan Nichols (Virtual Tours)" uid="3033892" lat="40.4072690" lon="-86.9282659"/>
 <node id="660557782" visible="true" version="1" changeset="4038194" timestamp="2010-03-05T05:17:55Z" user="mcgrew" uid="156147" lat="40.4095777" lon="-86.9524696"/>
 <node id="660557783" visible="true" version="1" changeset="4038194" timestamp="2010-03-05T05:17:55Z" user="mcgrew" uid="156147" lat="40.4086786" lon="-86.9458884"/>
 <node id="660557784" visible="true" version="1" changeset="4038194" timestamp="2010-03-05T05:17:55Z" user="mcgrew" uid="156147" lat="40.4083618" lon="-86.9277615"/>
 <node id="660557785" visible="true" version="2" changeset="62358047" timestamp="2018-09-06T23:56:48Z" user="Evan Nichols (Virtual Tours)" uid="3033892" lat="40.4094471" lon="-86.9244072"/>
 <node id="660557786" visible="true" version="3" changeset="62359168" timestamp="2018-09-07T01:52:43Z" user="Evan Nichols (Virtual Tours)" uid="3033892" lat="40.4165848" lon="-86.9254935"/>
 <node id="660557788" visible="true" version="4" changeset="117658475" timestamp="2022-02-21T00:01:00Z" user="AwwJeez" uid="9625789" lat="40.4192251" lon="-86.9276616"/>
 <node id="660557789" visible="true" version="2" changeset="12167736" timestamp="2012-07-09T22:16:51Z" user="Kien Doan" uid="722698" lat="40.4189639" lon="-86.9254166"/>
 <node id="660557793" visible="true" version="2" changeset="62358047" timestamp="2018-09-06T23:56:48Z" user="Evan Nichols (Virtual Tours)" uid="3033892" lat="40.4091112" lon="-86.9229371"/>
 <node id="660557794" visible="true" version="1" changeset="4038194" timestamp="2010-03-05T05:17:55Z" user="mcgrew" uid="156147" lat="40.4090633" lon="-86.9219289"/>
 <node id="660557795" visible="true" version="1" changeset="4038194" timestamp="2010-03-05T05:17:55Z" user="mcgrew" uid="156147" lat="40.4092218" lon="-86.9213723"/>
 <node id="660557797" visible="true" version="2" changeset="62358047" timestamp="2018-09-06T23:56:48Z" user="Evan Nichols (Virtual Tours)" uid="3033892" lat="40.4097062" lon="-86.9207986"/>
 <node id="660557798" visible="true" version="1" changeset="4038194" timestamp="2010-03-05T05:17:55Z" user="mcgrew" uid="156147" lat="40.4115918" lon="-86.9233080"/>
 <node id="660557799" visible="true" version="3" changeset="62359168" timestamp="2018-09-07T01:52:43Z" user="Evan Nichols (Virtual Tours)" uid="3033892" lat="40.4124596" lon="-86.9229682"/>
 <node id="660557800" visible="true" version="2" changeset="62359168" timestamp="2018-09-07T01:52:44Z" user="Evan Nichols (Virtual Tours)" uid="3033892" lat="40.4119566" lon="-86.9231681"/>
 <node id="660557804" visible="true" version="2" changeset="27833730" timestamp="2015-01-01T01:36:02Z" user="DeVietor" uid="506866" lat="40.4154658" lon="-86.9233928"/>
 <node id="660557805" visible="true" version="2" changeset="62359168" timestamp="2018-09-07T01:52:43Z" user="Evan Nichols (Virtual Tours)" uid="3033892" lat="40.4143252" lon="-86.9233360"/>
 <node id="846532778" visible="true" version="1" changeset="5404510" timestamp="2010-08-05T03:11:08Z" user="mcgrew" uid="156147" lat="40.4191359" lon="-86.9241813"/>
 <node id="846532779" visible="true" version="4" changeset="122812377" timestamp="2022-06-24T17:30:53Z" user="Clarke22" uid="703694" lat="40.4200974" lon="-86.9232733"/>
 <node id="877091504" visible="true" version="5" changeset="119977826" timestamp="2022-04-21T02:05:59Z" user="Clarke22" uid="703694" lat="40.4322943" lon="-86.9151671"/>
 <node id="877091513" visible="true" version="5" changeset="119977826" timestamp="2022-04-21T02:05:59Z" user="Clarke22" uid="703694" lat="40.4305778" lon="-86.9134177"/>
 <node id="877091515" visible="true" version="4" changeset="127437447" timestamp="2022-10-12T21:30:54Z" user="Clarke22" uid="703694" lat="40.4309586" lon="-86.9127876"/>
 <node id="877091522" visible="true" version="3" changeset="119977826" timestamp="2022-04-21T02:05:59Z" user="Clarke22" uid="703694" lat="40.4308987" lon="-86.9117125"/>
 <node id="877091525" visible="true" version="5" changeset="127435653" timestamp="2022-10-12T20:53:03Z" user="Clarke22" uid="703694" lat="40.4300443" lon="-86.9116570"/>
 <node id="877091527" visible="true" version="4" changeset="119977826" timestamp="2022-04-21T02:05:59Z" user="Clarke22" uid="703694" lat="40.4299888" lon="-86.9105122"/>
 <node id="877091528" visible="true" version="6" changeset="139003470" timestamp="2023-07-25T18:48:04Z" user="Clarke22" uid="703694" lat="40.4257122" lon="-86.9104889"/>
 <node id="877091530" visible="true" version="4" changeset="141183307" timestamp="2023-09-12T22:29:20Z" user="Clarke22" uid="703694" lat="40.4257073" lon="-86.9092908"/>
 <node id="877091536" visible="true" version="4" changeset="122526532" timestamp="2022-06-17T22:48:38Z" user="Clarke22" uid="703694" lat="40.4164422" lon="-86.9103491"/>
 <node id="877091537" visible="true" version="1" changeset="5579123" timestamp="2010-08-24T12:02:44Z" user="dcs" uid="236412" lat="40.4164394" lon="-86.9107857"/>
 <node id="877091539" visible="true" version="1" changeset="5579123" timestamp="2010-08-24T12:02:44Z" user="dcs" uid="236412" lat="40.4138500" lon="-86.9108072"/>
 <node id="877091542" visible="true" version="1" changeset="5579123" timestamp="2010-08-24T12:02:44Z" user="dcs" uid="236412" lat="40.4121754" lon="-86.9128135"/>
 <node id="877091545" visible="true" version="2" changeset="93208830" timestamp="2020-10-29T03:49:46Z" user="indianajoe" uid="507149" lat="40.4130572" lon="-86.9195511"/>
 <node id="877091547" visible="true" version="2" changeset="93208830" timestamp="2020-10-29T03:49:46Z" user="indianajoe" uid="507149" lat="40.4168994" lon="-86.9235567"/>
 <node id="877091550" visible="true" version="1" changeset="5579123" timestamp="2010-08-24T12:02:45Z" user="dcs" uid="236412" lat="40.4170276" lon="-86.9300440"/>
 <node id="877091552" visible="true" version="1" changeset="5579123" timestamp="2010-08-24T12:02:45Z" user="dcs" uid="236412" lat="40.4170521" lon="-86.9321254"/>
 <node id="877091553" visible="true" version="1" changeset="5579123" timestamp="2010-08-24T12:02:45Z" user="dcs" uid="236412" lat="40.4171174" lon="-86.9334987"/>
 <node id="877091555" visible="true" version="1" changeset="5579123" timestamp="2010-08-24T12:02:45Z" user="dcs" uid="236412" lat="40.4173870" lon="-86.9349792"/>
 <node id="877091557" visible="true" version="1" changeset="5579123" timestamp="2010-08-24T12:02:45Z" user="dcs" uid="236412" lat="40.4175830" lon="-86.9358375"/>
 <node id="877091558" visible="true" version="1" changeset="5579123" timestamp="2010-08-24T12:02:45Z" user="dcs" uid="236412" lat="40.4178689" lon="-86.9368353"/>
 <node id="877091559" visible="true" version="1" changeset="5579123" timestamp="2010-08-24T12:02:45Z" user="dcs" uid="236412" lat="40.4181956" lon="-86.9375542"/>
 <node id="877091560" visible="true" version="2" changeset="141185128" timestamp="2023-09-13T00:37:08Z" user="Clarke22" uid="703694" lat="40.4186442" lon="-86.9384091"/>
 <node id="877091561" visible="true" version="2" changeset="112671985" timestamp="2021-10-18T22:03:22Z" user="riiga" uid="83501" lat="40.4145434" lon="-86.9383702"/>
 <node id="877091569" visible="true" version="2" changeset="112671985" timestamp="2021-10-18T22:03:22Z" user="riiga" uid="83501" lat="40.4145373" lon="-86.9399577"/>
 <node id="877091574" visible="true" version="2" changeset="112671985" timestamp="2021-10-18T22:03:22Z" user="riiga" uid="83501" lat="40.4149395" lon="-86.9399655"/>
 <node id="877091576" visible="true" version="3" changeset="122525177" timestamp="2022-06-17T21:30:08Z" user="Clarke22" uid="703694" lat="40.4149111" lon="-86.9430469"/>
 <node id="877091578" visible="true" version="3" changeset="136546951" timestamp="2023-05-25T14:29:36Z" user="Andros66" uid="8929524" lat="40.4228576" lon="-86.9431510"/>
 <node id="877091580" visible="true" version="2" changeset="122525177" timestamp="2022-06-17T21:30:08Z" user="Clarke22" uid="703694" lat="40.4233002" lon="-86.9421787"/>
 <node id="877091582" visible="true" version="3" changeset="136546951" timestamp="2023-05-25T14:29:36Z" user="Andros66" uid="8929524" lat="40.4240100" lon="-86.9410181"/>
 <node id="877091588" visible="true" version="3" changeset="125424085" timestamp="2022-08-26T21:20:52Z" user="Clarke22" uid="703694" lat="40.4386312" lon="-86.9338986"/>
 <node id="877091589" visible="true" version="2" changeset="122397620" timestamp="2022-06-15T05:20:14Z" user="Clarke22" uid="703694" lat="40.4459399" lon="-86.9339299"/>
 <node id="877091593" visible="true" version="2" changeset="122397620" timestamp="2022-06-15T05:20:14Z" user="Clarke22" uid="703694" lat="40.4460214" lon="-86.9304607"/>
 <node id="877091596" visible="true" version="2" changeset="122397620" timestamp="2022-06-15T05:20:14Z" user="Clarke22" uid="703694" lat="40.4516654" lon="-86.9313854"/>
 <node id="877091599" visible="true" version="3" changeset="122397620" timestamp="2022-06-15T05:20:14Z" user="Clarke22" uid="703694" lat="40.4516993" lon="-86.9265897"/>
 <node id="877091606" visible="true" version="5" changeset="122822023" timestamp="2022-06-25T00:26:11Z" user="Clarke22" uid="703694" lat="40.4462824" lon="-86.9245602"/>
 <node id="877091607" visible="true" version="4" changeset="122397620" timestamp="2022-06-15T05:20:14Z" user="Clarke22" uid="703694" lat="40.4387582" lon="-86.9245418"/>
 <node id="877091610" visible="true" version="4" changeset="122397620" timestamp="2022-06-15T05:20:14Z" user="Clarke22" uid="703694" lat="40.4387158" lon="-86.9173448"/>
 <node id="877091611" visible="true" version="5" changeset="122821926" timestamp="2022-06-25T00:15:08Z" user="Clarke22" uid="703694" lat="40.4372562" lon="-86.9159856"/>
 <node id="877091612" visible="true" version="3" changeset="122526532" timestamp="2022-06-17T22:48:38Z" user="Clarke22" uid="703694" lat="40.4369873" lon="-86.9158043"/>
 <node id="877091614" visible="true" version="3" changeset="122526532" timestamp="2022-06-17T22:48:38Z" user="Clarke22" uid="703694" lat="40.4365013" lon="-86.9156102"/>
 <node id="877091616" visible="true" version="3" changeset="122526532" timestamp="2022-06-17T22:48:38Z" user="Clarke22" uid="703694" lat="40.4362355" lon="-86.9155468"/>
 <node id="877091620" visible="true" version="6" changeset="122526532" timestamp="2022-06-17T22:48:38Z" user="Clarke22" uid="703694" lat="40.4326270" lon="-86.9152685"/>
 <node id="877219880" visible="true" version="2" changeset="112671985" timestamp="2021-10-18T22:03:22Z" user="riiga" uid="83501" lat="40.4168387" lon="-86.9264061"/>
 <node id="877219881" visible="true" version="2" changeset="112671985" timestamp="2021-10-18T22:03:22Z" user="riiga" uid="83501" lat="40.4120605" lon="-86.9261245"/>
 <node id="877219882" visible="true" version="2" changeset="112671985" timestamp="2021-10-18T22:03:22Z" user="riiga" uid="83501" lat="40.4117129" lon="-86.9233277"/>
 <node id="877219883" visible="true" version="2" changeset="112671985" timestamp="2021-10-18T22:03:22Z" user="riiga" uid="83501" lat="40.4094605" lon="-86.9238054"/>
 <node id="877219884" visible="true" version="2" changeset="112671985" timestamp="2021-10-18T22:03:22Z" user="riiga" uid="83501" lat="40.4096109" lon="-86.9245169"/>
 <node id="877219885" visible="true" version="2" changeset="112671985" timestamp="2021-10-18T22:03:22Z" user="riiga" uid="83501" lat="40.4096321" lon="-86.9270106"/>
 <node id="877219888" visible="true" version="2" changeset="112671985" timestamp="2021-10-18T22:03:22Z" user="riiga" uid="83501" lat="40.4096990" lon="-86.9282035"/>
 <node id="877219889" visible="true" version="2" changeset="112671985" timestamp="2021-10-18T22:03:22Z" user="riiga" uid="83501" lat="40.4096627" lon="-86.9335699"/>
 <node id="877219891" visible="true" version="2" changeset="112671985" timestamp="2021-10-18T22:03:22Z" user="riiga" uid="83501" lat="40.4083689" lon="-86.9335377"/>
 <node id="877219894" visible="true" version="2" changeset="112671985" timestamp="2021-10-18T22:03:22Z" user="riiga" uid="83501" lat="40.4083822" lon="-86.9377347"/>
 <node id="877219896" visible="true" version="2" changeset="112671985" timestamp="2021-10-18T22:03:22Z" user="riiga" uid="83501" lat="40.4068314" lon="-86.9396659"/>
 <node id="877219898" visible="true" version="2" changeset="112671985" timestamp="2021-10-18T22:03:22Z" user="riiga" uid="83501" lat="40.4083452" lon="-86.9415381"/>
 <node id="877219900" visible="true" version="2" changeset="112671985" timestamp="2021-10-18T22:03:22Z" user="riiga" uid="83501" lat="40.4103382" lon="-86.9385092"/>
 <node id="877219903" visible="true" version="2" changeset="112671985" timestamp="2021-10-18T22:03:22Z" user="riiga" uid="83501" lat="40.4108626" lon="-86.9430046"/>
 <node id="877219904" visible="true" version="2" changeset="112671985" timestamp="2021-10-18T22:03:22Z" user="riiga" uid="83501" lat="40.4111863" lon="-86.9431856"/>
 <node id="877219906" visible="true" version="2" changeset="112671985" timestamp="2021-10-18T22:03:22Z" user="riiga" uid="83501" lat="40.4114906" lon="-86.9456211"/>
 <node id="877219907" visible="true" version="2" changeset="112671985" timestamp="2021-10-18T22:03:22Z" user="riiga" uid="83501" lat="40.4113344" lon="-86.9456694"/>
 <node id="877219908" visible="true" version="2" changeset="112671985" timestamp="2021-10-18T22:03:22Z" user="riiga" uid="83501" lat="40.4120706" lon="-86.9524594"/>
 <node id="877219909" visible="true" version="2" changeset="112671985" timestamp="2021-10-18T22:03:22Z" user="riiga" uid="83501" lat="40.4134542" lon="-86.9524674"/>
 <node id="877219910" visible="true" version="2" changeset="112671985" timestamp="2021-10-18T22:03:22Z" user="riiga" uid="83501" lat="40.4137263" lon="-86.9546822"/>
 <node id="877219911" visible="true" version="2" changeset="112671985" timestamp="2021-10-18T22:03:22Z" user="riiga" uid="83501" lat="40.4138682" lon="-86.9546863"/>
 <node id="877219913" visible="true" version="2" changeset="112671985" timestamp="2021-10-18T22:03:22Z" user="riiga" uid="83501" lat="40.4141521" lon="-86.9570426"/>
 <node id="877219914" visible="true" version="2" changeset="112671985" timestamp="2021-10-18T22:03:22Z" user="riiga" uid="83501" lat="40.4168809" lon="-86.9570540"/>
 <node id="877219916" visible="true" version="3" changeset="141185128" timestamp="2023-09-13T00:37:08Z" user="Clarke22" uid="703694" lat="40.4169394" lon="-86.9477971"/>
 <node id="877219917" visible="true" version="3" changeset="141185128" timestamp="2023-09-13T00:37:08Z" user="Clarke22" uid="703694" lat="40.4158373" lon="-86.9472557"/>
 <node id="877219919" visible="true" version="4" changeset="141185128" timestamp="2023-09-13T00:37:08Z" user="Clarke22" uid="703694" lat="40.4158469" lon="-86.9432423"/>
 <node id="877219927" visible="true" version="2" changeset="112671985" timestamp="2021-10-18T22:03:22Z" user="riiga" uid="83501" lat="40.4175705" lon="-86.9363401"/>
 <node id="877219928" visible="true" version="1" changeset="5580154" timestamp="2010-08-24T13:57:18Z" user="dcs" uid="236412" lat="40.4173192" lon="-86.9354415"/>
 <node id="877219929" visible="true" version="1" changeset="5580154" timestamp="2010-08-24T13:57:19Z" user="dcs" uid="236412" lat="40.4169598" lon="-86.9333064"/>
 <node id="877225632" visible="true" version="2" changeset="100010816" timestamp="2021-02-26T02:00:12Z" user="Sfriniks" uid="11810703" lat="40.4143318" lon="-86.9298873"/>
 <node id="877225633" visible="true" version="2" changeset="100010816" timestamp="2021-02-26T02:00:12Z" user="Sfriniks" uid="11810703" lat="40.4142311" lon="-86.9297745"/>
 <node id="877225634" visible="true" version="2" changeset="100010816" timestamp="2021-02-26T02:00:12Z" user="Sfriniks" uid="11810703" lat="40.4127908" lon="-86.9281666"/>
 <node id="877225635" visible="true" version="2" changeset="100010816" timestamp="2021-02-26T02:00:12Z" user="Sfriniks" uid="11810703" lat="40.4127183" lon="-86.9280802"/>
 <node id="877225638" visible="true" version="2" changeset="100010816" timestamp="2021-02-26T02:00:12Z" user="Sfriniks" uid="11810703" lat="40.4121184" lon="-86.9276591"/>
 <node id="877225640" visible="true" version="2" changeset="100010816" timestamp="2021-02-26T02:00:12Z" user="Sfriniks" uid="11810703" lat="40.4117078" lon="-86.9275578"/>
 <node id="877225642" visible="true" version="2" changeset="100010816" timestamp="2021-02-26T02:00:12Z" user="Sfriniks" uid="11810703" lat="40.4110951" lon="-86.9276118"/>
 <node id="877225648" visible="true" version="1" changeset="5580154" timestamp="2010-08-24T14:07:14Z" user="dcs" uid="236412" lat="40.4143051" lon="-86.9366002"/>
 <node id="877225649" visible="true" version="1" changeset="5580154" timestamp="2010-08-24T14:07:14Z" user="dcs" uid="236412" lat="40.4137741" lon="-86.9367182"/>
 <node id="877225650" visible="true" version="3" changeset="100010816" timestamp="2021-02-26T02:00:12Z" user="Sfriniks" uid="11810703" lat="40.4135227" lon="-86.9346712"/>
 <node id="877225655" visible="true" version="2" changeset="25247765" timestamp="2014-09-05T12:54:12Z" user="lrhill" uid="1813535" lat="40.4140468" lon="-86.9345354"/>
 <node id="877225662" visible="true" version="2" changeset="25247765" timestamp="2014-09-05T12:54:12Z" user="lrhill" uid="1813535" lat="40.4149420" lon="-86.9330955"/>
 <node id="877225664" visible="true" version="2" changeset="25247765" timestamp="2014-09-05T12:54:12Z" user="lrhill" uid="1813535" lat="40.4160183" lon="-86.9313466"/>
 <node id="877225666" visible="true" version="2" changeset="25247765" timestamp="2014-09-05T12:54:12Z" user="lrhill" uid="1813535" lat="40.4159825" lon="-86.9287757"/>
 <node id="877225675" visible="true" version="3" changeset="100010816" timestamp="2021-02-26T02:00:12Z" user="Sfriniks" uid="11810703" lat="40.4151161" lon="-86.9287670"/>
 <node id="877225677" visible="true" version="3" changeset="100010816" timestamp="2021-02-26T02:00:12Z" user="Sfriniks" uid="11810703" lat="40.4151856" lon="-86.9298922"/>
 <node id="877225679" visible="true" version="3" changeset="100010816" timestamp="2021-02-26T02:00:12Z" user="Sfriniks" uid="11810703" lat="40.4152492" lon="-86.9309449"/>
 <node id="877225680" visible="true" version="1" changeset="5580154" timestamp="2010-08-24T14:07:15Z" user="dcs" uid="236412" lat="40.4143639" lon="-86.9322999"/>
 <node id="877225681" visible="true" version="2" changeset="100010816" timestamp="2021-02-26T02:00:12Z" user="Sfriniks" uid="11810703" lat="40.4143122" lon="-86.9323760"/>
 <node id="877225682" visible="true" version="2" changeset="100010816" timestamp="2021-02-26T02:00:12Z" user="Sfriniks" uid="11810703" lat="40.4147676" lon="-86.9328847"/>
 <node id="877225689" visible="true" version="2" changeset="25247805" timestamp="2014-09-05T12:56:16Z" user="lrhill" uid="1813535" lat="40.4161806" lon="-86.9350333"/>
 <node id="877225692" visible="true" version="2" changeset="100010816" timestamp="2021-02-26T02:00:12Z" user="Sfriniks" uid="11810703" lat="40.4160917" lon="-86.9341739"/>
 <node id="877225693" visible="true" version="2" changeset="100010816" timestamp="2021-02-26T02:00:12Z" user="Sfriniks" uid="11810703" lat="40.4160812" lon="-86.9341051"/>
 <node id="877225694" visible="true" version="3" changeset="100010816" timestamp="2021-02-26T02:00:12Z" user="Sfriniks" uid="11810703" lat="40.4153413" lon="-86.9342662"/>
 <node id="877225695" visible="true" version="3" changeset="100010816" timestamp="2021-02-26T02:00:12Z" user="Sfriniks" uid="11810703" lat="40.4153576" lon="-86.9338619"/>
 <node id="877225696" visible="true" version="1" changeset="5580154" timestamp="2010-08-24T14:07:15Z" user="dcs" uid="236412" lat="40.4159878" lon="-86.9328236"/>
 <node id="877225698" visible="true" version="2" changeset="25247805" timestamp="2014-09-05T12:56:16Z" user="lrhill" uid="1813535" lat="40.4165106" lon="-86.9349479"/>
 <node id="877225711" visible="true" version="2" changeset="100010816" timestamp="2021-02-26T02:00:12Z" user="Sfriniks" uid="11810703" lat="40.4119261" lon="-86.9285552">
  <tag k="aeroway" v="holding_position"/>
  <tag k="holding_position:type" v="runway"/>
 </node>
 <node id="877225712" visible="true" version="2" changeset="100010816" timestamp="2021-02-26T02:00:12Z" user="Sfriniks" uid="11810703" lat="40.4112479" lon="-86.9287260"/>
 <node id="877225717" visible="true" version="2" changeset="100010816" timestamp="2021-02-26T02:00:12Z" user="Sfriniks" uid="11810703" lat="40.4139584" lon="-86.9508502"/>
 <node id="877225719" visible="true" version="1" changeset="5580154" timestamp="2010-08-24T14:07:16Z" user="dcs" uid="236412" lat="40.4147380" lon="-86.9506657"/>
 <node id="877225723" visible="true" version="2" changeset="100010816" timestamp="2021-02-26T02:00:12Z" user="Sfriniks" uid="11810703" lat="40.4149009" lon="-86.9504719"/>
 <node id="877225725" visible="true" version="1" changeset="5580154" timestamp="2010-08-24T14:07:17Z" user="dcs" uid="236412" lat="40.4149749" lon="-86.9501722"/>
 <node id="877225726" visible="true" version="2" changeset="100010816" timestamp="2021-02-26T02:00:12Z" user="Sfriniks" uid="11810703" lat="40.4148723" lon="-86.9492193"/>
 <node id="877225727" visible="true" version="2" changeset="100010816" timestamp="2021-02-26T02:00:12Z" user="Sfriniks" uid="11810703" lat="40.4140227" lon="-86.9422704"/>
 <node id="877225728" visible="true" version="2" changeset="100010816" timestamp="2021-02-26T02:00:12Z" user="Sfriniks" uid="11810703" lat="40.4133275" lon="-86.9365855"/>
 <node id="877225729" visible="true" version="2" changeset="100010816" timestamp="2021-02-26T02:00:12Z" user="Sfriniks" uid="11810703" lat="40.4128204" lon="-86.9333172"/>
 <node id="877225730" visible="true" version="2" changeset="100010816" timestamp="2021-02-26T02:00:12Z" user="Sfriniks" uid="11810703" lat="40.4123000" lon="-86.9327305"/>
 <node id="877225737" visible="true" version="2" changeset="100010816" timestamp="2021-02-26T02:00:12Z" user="Sfriniks" uid="11810703" lat="40.4142711" lon="-86.9336247"/>
 <node id="877225739" visible="true" version="2" changeset="100010816" timestamp="2021-02-26T02:00:12Z" user="Sfriniks" uid="11810703" lat="40.4137414" lon="-86.9364982"/>
 <node id="877225740" visible="true" version="2" changeset="100010816" timestamp="2021-02-26T02:00:12Z" user="Sfriniks" uid="11810703" lat="40.4122417" lon="-86.9368131"/>
 <node id="877225744" visible="true" version="2" changeset="100010816" timestamp="2021-02-26T02:00:12Z" user="Sfriniks" uid="11810703" lat="40.4150249" lon="-86.9344048"/>
 <node id="877225745" visible="true" version="2" changeset="100010816" timestamp="2021-02-26T02:00:12Z" user="Sfriniks" uid="11810703" lat="40.4137853" lon="-86.9329434"/>
 <node id="877225746" visible="true" version="2" changeset="100010816" timestamp="2021-02-26T02:00:12Z" user="Sfriniks" uid="11810703" lat="40.4137307" lon="-86.9323586"/>
 <node id="877225747" visible="true" version="2" changeset="100010816" timestamp="2021-02-26T02:00:12Z" user="Sfriniks" uid="11810703" lat="40.4133345" lon="-86.9325259"/>
 <node id="877225748" visible="true" version="2" changeset="100010816" timestamp="2021-02-26T02:00:12Z" user="Sfriniks" uid="11810703" lat="40.4119741" lon="-86.9346183"/>
 <node id="877225749" visible="true" version="2" changeset="100010816" timestamp="2021-02-26T02:00:12Z" user="Sfriniks" uid="11810703" lat="40.4094272" lon="-86.9385140"/>
 <node id="877225751" visible="true" version="2" changeset="100010816" timestamp="2021-02-26T02:00:12Z" user="Sfriniks" uid="11810703" lat="40.4088819" lon="-86.9393495"/>
 <node id="877225753" visible="true" version="2" changeset="100010816" timestamp="2021-02-26T02:00:12Z" user="Sfriniks" uid="11810703" lat="40.4086408" lon="-86.9394031"/>
 <node id="877225772" visible="true" version="2" changeset="100010816" timestamp="2021-02-26T02:00:12Z" user="Sfriniks" uid="11810703" lat="40.4090465" lon="-86.9377172"/>
 <node id="877225785" visible="true" version="2" changeset="100010816" timestamp="2021-02-26T02:00:12Z" user="Sfriniks" uid="11810703" lat="40.4138265" lon="-86.9497624"/>
 <node id="877225791" visible="true" version="2" changeset="100010816" timestamp="2021-02-26T02:00:12Z" user="Sfriniks" uid="11810703" lat="40.4129737" lon="-86.9428117"/>
 <node id="883185250" visible="true" version="3" changeset="141185128" timestamp="2023-09-13T00:37:08Z" user="Clarke22" uid="703694" lat="40.4169861" lon="-86.9304753">
  <tag k="railway" v="level_crossing"/>
 </node>
 <node id="1231759461" visible="true" version="4" changeset="112671985" timestamp="2021-10-18T22:03:22Z" user="riiga" uid="83501" lat="40.4182995" lon="-86.9356875"/>
 <node id="1231759463" visible="true" version="4" changeset="112671985" timestamp="2021-10-18T22:03:22Z" user="riiga" uid="83501" lat="40.4208186" lon="-86.9387540"/>
 <node id="1231759465" visible="true" version="5" changeset="112671985" timestamp="2021-10-18T22:03:22Z" user="riiga" uid="83501" lat="40.4161790" lon="-86.9227176"/>
 <node id="1231759466" visible="true" version="5" changeset="112671985" timestamp="2021-10-18T22:03:22Z" user="riiga" uid="83501" lat="40.4196539" lon="-86.9379791"/>
 <node id="1231759470" visible="true" version="6" changeset="112758258" timestamp="2021-10-20T18:45:51Z" user="riiga" uid="83501" lat="40.4139566" lon="-86.9203815"/>
 <node id="1231759480" visible="true" version="4" changeset="112671985" timestamp="2021-10-18T22:03:22Z" user="riiga" uid="83501" lat="40.4173657" lon="-86.9249317"/>
 <node id="1231759484" visible="true" version="3" changeset="112671985" timestamp="2021-10-18T22:03:22Z" user="riiga" uid="83501" lat="40.4180093" lon="-86.9331498"/>
 <node id="1231759492" visible="true" version="4" changeset="112671985" timestamp="2021-10-18T22:03:22Z" user="riiga" uid="83501" lat="40.4177163" lon="-86.9260797"/>
 <node id="1231759493" visible="true" version="3" changeset="112671985" timestamp="2021-10-18T22:03:22Z" user="riiga" uid="83501" lat="40.4180079" lon="-86.9338466"/>
 <node id="1231759496" visible="true" version="5" changeset="112671985" timestamp="2021-10-18T22:03:22Z" user="riiga" uid="83501" lat="40.4189527" lon="-86.9371178"/>
 <node id="1231759504" visible="true" version="4" changeset="112671985" timestamp="2021-10-18T22:03:22Z" user="riiga" uid="83501" lat="40.4179910" lon="-86.9277624"/>
 <node id="1269942796" visible="true" version="5" changeset="112671985" timestamp="2021-10-18T22:03:22Z" user="riiga" uid="83501" lat="40.4158536" lon="-86.9223136"/>
 <node id="1269942808" visible="true" version="3" changeset="112758258" timestamp="2021-10-20T18:45:51Z" user="riiga" uid="83501" lat="40.4076612" lon="-86.9215181"/>
 <node id="1269942829" visible="true" version="4" changeset="122812377" timestamp="2022-06-24T17:30:53Z" user="Clarke22" uid="703694" lat="40.4180906" lon="-86.9241272"/>
 <node id="1269942863" visible="true" version="3" changeset="112758258" timestamp="2021-10-20T18:45:51Z" user="riiga" uid="83501" lat="40.4054861" lon="-86.9239864"/>
 <node id="1269942875" visible="true" version="4" changeset="122812377" timestamp="2022-06-24T17:30:53Z" user="Clarke22" uid="703694" lat="40.4197758" lon="-86.9222344"/>
 <node id="1269942885" visible="true" version="3" changeset="112758258" timestamp="2021-10-20T18:45:51Z" user="riiga" uid="83501" lat="40.4078052" lon="-86.9212747"/>
 <node id="1269942906" visible="true" version="2" changeset="15228949" timestamp="2013-03-03T02:35:38Z" user="mcgrew" uid="156147" lat="40.4061941" lon="-86.9226923"/>
 <node id="1269942908" visible="true" version="4" changeset="112758258" timestamp="2021-10-20T18:45:51Z" user="riiga" uid="83501" lat="40.4079936" lon="-86.9205572"/>
 <node id="1269942936" visible="true" version="5" changeset="112758258" timestamp="2021-10-20T18:45:51Z" user="riiga" uid="83501" lat="40.4151762" lon="-86.9215892"/>
 <node id="1269942939" visible="true" version="5" changeset="122813731" timestamp="2022-06-24T18:21:01Z" user="Clarke22" uid="703694" lat="40.4206223" lon="-86.9232550"/>
 <node id="1699176847" visible="true" version="1" changeset="11162419" timestamp="2012-03-31T06:21:05Z" user="PurdueFan" uid="644179" lat="40.4276336" lon="-86.8971978"/>
 <node id="2059504569" visible="true" version="1" changeset="14222560" timestamp="2012-12-10T07:34:13Z" user="DeVietor" uid="506866" lat="40.4468485" lon="-86.9304759"/>
 <node id="2059504587" visible="true" version="6" changeset="139281478" timestamp="2023-08-01T05:56:11Z" user="Clarke22" uid="703694" lat="40.4388994" lon="-86.9244986"/>
 <node id="2059504614" visible="true" version="7" changeset="122822023" timestamp="2022-06-25T00:26:11Z" user="Clarke22" uid="703694" lat="40.4386855" lon="-86.9199429"/>
 <node id="2182935328" visible="true" version="1" changeset="15228949" timestamp="2013-03-03T02:35:34Z" user="mcgrew" uid="156147" lat="40.4063173" lon="-86.9218272"/>
 <node id="2182935329" visible="true" version="1" changeset="15228949" timestamp="2013-03-03T02:35:34Z" user="mcgrew" uid="156147" lat="40.4064538" lon="-86.9218890"/>
 <node id="2182935335" visible="true" version="2" changeset="62359142" timestamp="2018-09-07T01:48:48Z" user="Evan Nichols (Virtual Tours)" uid="3033892" lat="40.4127943" lon="-86.9209829"/>
 <node id="2182935336" visible="true" version="1" changeset="15228949" timestamp="2013-03-03T02:35:35Z" user="mcgrew" uid="156147" lat="40.4134335" lon="-86.9229696"/>
 <node id="2182935337" visible="true" version="3" changeset="62359168" timestamp="2018-09-07T01:52:43Z" user="Evan Nichols (Virtual Tours)" uid="3033892" lat="40.4156524" lon="-86.9235316"/>
 <node id="2182935339" visible="true" version="3" changeset="62359168" timestamp="2018-09-07T01:52:43Z" user="Evan Nichols (Virtual Tours)" uid="3033892" lat="40.4164836" lon="-86.9250062"/>
 <node id="2457495899" visible="true" version="5" changeset="139281478" timestamp="2023-08-01T05:56:11Z" user="Clarke22" uid="703694" lat="40.4171147" lon="-86.9243193"/>
 <node id="2457495901" visible="true" version="6" changeset="122733657" timestamp="2022-06-23T01:37:52Z" user="Clarke22" uid="703694" lat="40.4184181" lon="-86.9223931"/>
 <node id="2457495902" visible="true" version="3" changeset="112671985" timestamp="2021-10-18T22:03:22Z" user="riiga" uid="83501" lat="40.4213622" lon="-86.9389267"/>
 <node id="2458102287" visible="true" version="6" changeset="112671985" timestamp="2021-10-18T22:03:22Z" user="riiga" uid="83501" lat="40.4242161" lon="-86.9391637"/>
 <node id="2458102288" visible="true" version="3" changeset="112671985" timestamp="2021-10-18T22:03:22Z" user="riiga" uid="83501" lat="40.4216825" lon="-86.9391315"/>
 <node id="2458102289" visible="true" version="3" changeset="112671985" timestamp="2021-10-18T22:03:22Z" user="riiga" uid="83501" lat="40.4207993" lon="-86.9389011"/>
 <node id="2458102290" visible="true" version="3" changeset="112671985" timestamp="2021-10-18T22:03:22Z" user="riiga" uid="83501" lat="40.4196193" lon="-86.9381208"/>
 <node id="2458102291" visible="true" version="3" changeset="112671985" timestamp="2021-10-18T22:03:22Z" user="riiga" uid="83501" lat="40.4188869" lon="-86.9372429"/>
 <node id="2458102292" visible="true" version="3" changeset="112671985" timestamp="2021-10-18T22:03:22Z" user="riiga" uid="83501" lat="40.4181933" lon="-86.9357396"/>
 <node id="2458102293" visible="true" version="3" changeset="112671985" timestamp="2021-10-18T22:03:22Z" user="riiga" uid="83501" lat="40.4178954" lon="-86.9331562"/>
 <node id="2458102294" visible="true" version="4" changeset="112671985" timestamp="2021-10-18T22:03:22Z" user="riiga" uid="83501" lat="40.4178789" lon="-86.9277867"/>
 <node id="2458102295" visible="true" version="3" changeset="112671985" timestamp="2021-10-18T22:03:22Z" user="riiga" uid="83501" lat="40.4175216" lon="-86.9257841"/>
 <node id="2458102296" visible="true" version="3" changeset="112671985" timestamp="2021-10-18T22:03:22Z" user="riiga" uid="83501" lat="40.4172603" lon="-86.9249893"/>
 <node id="2458102297" visible="true" version="3" changeset="62359142" timestamp="2018-09-07T01:48:48Z" user="Evan Nichols (Virtual Tours)" uid="3033892" lat="40.4160872" lon="-86.9228052"/>
 <node id="2458102298" visible="true" version="3" changeset="62359142" timestamp="2018-09-07T01:48:48Z" user="Evan Nichols (Virtual Tours)" uid="3033892" lat="40.4147323" lon="-86.9213127"/>
 <node id="2458102299" visible="true" version="4" changeset="112758258" timestamp="2021-10-20T18:45:51Z" user="riiga" uid="83501" lat="40.4128524" lon="-86.9198451"/>
 <node id="2623039701" visible="true" version="1" changeset="20006904" timestamp="2014-01-15T04:46:55Z" user="cfurr" uid="1884738" lat="40.4167004" lon="-86.9297150"/>
 <node id="2623039702" visible="true" version="1" changeset="20006904" timestamp="2014-01-15T04:46:55Z" user="cfurr" uid="1884738" lat="40.4163946" lon="-86.9298017"/>
 <node id="2623039703" visible="true" version="1" changeset="20006904" timestamp="2014-01-15T04:46:55Z" user="cfurr" uid="1884738" lat="40.4163677" lon="-86.9296336"/>
 <node id="2623039712" visible="true" version="1" changeset="20006904" timestamp="2014-01-15T04:46:55Z" user="cfurr" uid="1884738" lat="40.4163757" lon="-86.9291292"/>
 <node id="2623039713" visible="true" version="1" changeset="20006904" timestamp="2014-01-15T04:46:55Z" user="cfurr" uid="1884738" lat="40.4163757" lon="-86.9290865"/>
 <node id="2623039714" visible="true" version="1" changeset="20006904" timestamp="2014-01-15T04:46:55Z" user="cfurr" uid="1884738" lat="40.4167151" lon="-86.9290919"/>
 <node id="2623039715" visible="true" version="1" changeset="20006904" timestamp="2014-01-15T04:46:55Z" user="cfurr" uid="1884738" lat="40.4167140" lon="-86.9292753"/>
 <node id="2623039716" visible="true" version="1" changeset="20006904" timestamp="2014-01-15T04:46:55Z" user="cfurr" uid="1884738" lat="40.4167011" lon="-86.9292753"/>
 <node id="2869840666" visible="true" version="3" changeset="122397620" timestamp="2022-06-15T05:20:14Z" user="Clarke22" uid="703694" lat="40.4384743" lon="-86.9458888"/>
 <node id="3059842683" visible="true" version="2" changeset="117914136" timestamp="2022-02-27T16:12:14Z" user="AwwJeez" uid="9625789" lat="40.4195306" lon="-86.9246325"/>
 <node id="3059842684" visible="true" version="2" changeset="117914136" timestamp="2022-02-27T16:12:14Z" user="AwwJeez" uid="9625789" lat="40.4191353" lon="-86.9243020"/>
 <node id="3059842685" visible="true" version="2" changeset="117914136" timestamp="2022-02-27T16:12:14Z" user="AwwJeez" uid="9625789" lat="40.4191311" lon="-86.9248697"/>
 <node id="3059842686" visible="true" version="2" changeset="117914136" timestamp="2022-02-27T16:12:14Z" user="AwwJeez" uid="9625789" lat="40.4190632" lon="-86.9249788"/>
 <node id="3059842687" visible="true" version="1" changeset="25234132" timestamp="2014-09-04T19:25:18Z" user="lrhill" uid="1813535" lat="40.4190111" lon="-86.9250976"/>
 <node id="3059842688" visible="true" version="1" changeset="25234132" timestamp="2014-09-04T19:25:18Z" user="lrhill" uid="1813535" lat="40.4189764" lon="-86.9252639"/>
 <node id="3059842689" visible="true" version="1" changeset="25234132" timestamp="2014-09-04T19:25:18Z" user="lrhill" uid="1813535" lat="40.4189600" lon="-86.9271495"/>
 <node id="3059842690" visible="true" version="1" changeset="25234132" timestamp="2014-09-04T19:25:18Z" user="lrhill" uid="1813535" lat="40.4189968" lon="-86.9273238"/>
 <node id="3059842691" visible="true" version="2" changeset="117658475" timestamp="2022-02-21T00:01:00Z" user="AwwJeez" uid="9625789" lat="40.4191394" lon="-86.9275822"/>
 <node id="3059842692" visible="true" version="2" changeset="117658475" timestamp="2022-02-21T00:01:00Z" user="AwwJeez" uid="9625789" lat="40.4194223" lon="-86.9277430"/>
 <node id="3059842693" visible="true" version="2" changeset="117658475" timestamp="2022-02-21T00:01:00Z" user="AwwJeez" uid="9625789" lat="40.4198499" lon="-86.9278070"/>
 <node id="3059842694" visible="true" version="1" changeset="25234132" timestamp="2014-09-04T19:25:18Z" user="lrhill" uid="1813535" lat="40.4197707" lon="-86.9277745"/>
 <node id="3059842695" visible="true" version="1" changeset="25234132" timestamp="2014-09-04T19:25:18Z" user="lrhill" uid="1813535" lat="40.4196441" lon="-86.9277503"/>
 <node id="3060787812" visible="true" version="1" changeset="25247594" timestamp="2014-09-05T12:44:59Z" user="lrhill" uid="1813535" lat="40.4167716" lon="-86.9417358"/>
 <node id="3060787813" visible="true" version="1" changeset="25247594" timestamp="2014-09-05T12:44:59Z" user="lrhill" uid="1813535" lat="40.4165873" lon="-86.9419004"/>
 <node id="3060787814" visible="true" version="1" changeset="25247594" timestamp="2014-09-05T12:44:59Z" user="lrhill" uid="1813535" lat="40.4165176" lon="-86.9417656"/>
 <node id="3060787815" visible="true" version="1" changeset="25247594" timestamp="2014-09-05T12:44:59Z" user="lrhill" uid="1813535" lat="40.4167019" lon="-86.9416011"/>
 <node id="3060787816" visible="true" version="1" changeset="25247594" timestamp="2014-09-05T12:44:59Z" user="lrhill" uid="1813535" lat="40.4166317" lon="-86.9415442"/>
 <node id="3060787817" visible="true" version="1" changeset="25247594" timestamp="2014-09-05T12:44:59Z" user="lrhill" uid="1813535" lat="40.4164832" lon="-86.9416616"/>
 <node id="3060787818" visible="true" version="1" changeset="25247594" timestamp="2014-09-05T12:44:59Z" user="lrhill" uid="1813535" lat="40.4164341" lon="-86.9415545"/>
 <node id="3060787819" visible="true" version="1" changeset="25247594" timestamp="2014-09-05T12:44:59Z" user="lrhill" uid="1813535" lat="40.4165827" lon="-86.9414371"/>
 <node id="3060787820" visible="true" version="1" changeset="25247594" timestamp="2014-09-05T12:44:59Z" user="lrhill" uid="1813535" lat="40.4148776" lon="-86.9396602"/>
 <node id="3060787821" visible="true" version="1" changeset="25247594" timestamp="2014-09-05T12:44:59Z" user="lrhill" uid="1813535" lat="40.4147818" lon="-86.9396573"/>
 <node id="3060787822" visible="true" version="1" changeset="25247594" timestamp="2014-09-05T12:44:59Z" user="lrhill" uid="1813535" lat="40.4147847" lon="-86.9394926"/>
 <node id="3060787823" visible="true" version="1" changeset="25247594" timestamp="2014-09-05T12:44:59Z" user="lrhill" uid="1813535" lat="40.4148804" lon="-86.9394955"/>
 <node id="3060787824" visible="true" version="1" changeset="25247594" timestamp="2014-09-05T12:44:59Z" user="lrhill" uid="1813535" lat="40.4149299" lon="-86.9392863"/>
 <node id="3060787825" visible="true" version="1" changeset="25247594" timestamp="2014-09-05T12:44:59Z" user="lrhill" uid="1813535" lat="40.4146122" lon="-86.9392735"/>
 <node id="3060787826" visible="true" version="1" changeset="25247594" timestamp="2014-09-05T12:44:59Z" user="lrhill" uid="1813535" lat="40.4146167" lon="-86.9390813"/>
 <node id="3060787827" visible="true" version="1" changeset="25247594" timestamp="2014-09-05T12:44:59Z" user="lrhill" uid="1813535" lat="40.4147872" lon="-86.9390881"/>
 <node id="3060787828" visible="true" version="1" changeset="25247594" timestamp="2014-09-05T12:44:59Z" user="lrhill" uid="1813535" lat="40.4147884" lon="-86.9390364"/>
 <node id="3060787829" visible="true" version="1" changeset="25247594" timestamp="2014-09-05T12:44:59Z" user="lrhill" uid="1813535" lat="40.4152325" lon="-86.9390543"/>
 <node id="3060787830" visible="true" version="1" changeset="25247594" timestamp="2014-09-05T12:44:59Z" user="lrhill" uid="1813535" lat="40.4152284" lon="-86.9392256"/>
 <node id="3060787831" visible="true" version="1" changeset="25247594" timestamp="2014-09-05T12:44:59Z" user="lrhill" uid="1813535" lat="40.4149316" lon="-86.9392136"/>
 <node id="3060787832" visible="true" version="1" changeset="25247594" timestamp="2014-09-05T12:44:59Z" user="lrhill" uid="1813535" lat="40.4177255" lon="-86.9389108"/>
 <node id="3060788244" visible="true" version="3" changeset="133047782" timestamp="2023-02-26T15:35:49Z" user="lectrician1" uid="8900953" lat="40.4229028" lon="-86.9361016"/>
 <node id="3060788245" visible="true" version="3" changeset="133047782" timestamp="2023-02-26T15:35:49Z" user="lectrician1" uid="8900953" lat="40.4228790" lon="-86.9362979"/>
 <node id="3060788246" visible="true" version="1" changeset="25247558" timestamp="2014-09-05T12:42:53Z" user="lrhill" uid="1813535" lat="40.4191518" lon="-86.9361987"/>
 <node id="3060788247" visible="true" version="1" changeset="25247558" timestamp="2014-09-05T12:42:53Z" user="lrhill" uid="1813535" lat="40.4190130" lon="-86.9361772"/>
 <node id="3060788248" visible="true" version="1" changeset="25247558" timestamp="2014-09-05T12:42:53Z" user="lrhill" uid="1813535" lat="40.4189231" lon="-86.9360378"/>
 <node id="3060788249" visible="true" version="1" changeset="25247558" timestamp="2014-09-05T12:42:53Z" user="lrhill" uid="1813535" lat="40.4186291" lon="-86.9351687"/>
 <node id="3060788250" visible="true" version="1" changeset="25247558" timestamp="2014-09-05T12:42:53Z" user="lrhill" uid="1813535" lat="40.4186536" lon="-86.9338062"/>
 <node id="3060788251" visible="true" version="1" changeset="25247558" timestamp="2014-09-05T12:42:53Z" user="lrhill" uid="1813535" lat="40.4188088" lon="-86.9337847"/>
 <node id="3060788252" visible="true" version="2" changeset="134473739" timestamp="2023-04-03T23:36:47Z" user="Clarke22" uid="703694" lat="40.4205247" lon="-86.9338556"/>
 <node id="3060788253" visible="true" version="1" changeset="25247558" timestamp="2014-09-05T12:42:53Z" user="lrhill" uid="1813535" lat="40.4205812" lon="-86.9343855"/>
 <node id="3060788254" visible="true" version="2" changeset="134473739" timestamp="2023-04-03T23:36:47Z" user="Clarke22" uid="703694" lat="40.4206794" lon="-86.9346384"/>
 <node id="3060788255" visible="true" version="2" changeset="134473739" timestamp="2023-04-03T23:36:47Z" user="Clarke22" uid="703694" lat="40.4209380" lon="-86.9346165"/>
 <node id="3060788256" visible="true" version="1" changeset="25247558" timestamp="2014-09-05T12:42:53Z" user="lrhill" uid="1813535" lat="40.4211530" lon="-86.9342675"/>
 <node id="3060788257" visible="true" version="2" changeset="134473739" timestamp="2023-04-03T23:36:47Z" user="Clarke22" uid="703694" lat="40.4212337" lon="-86.9338858"/>
 <node id="3060788258" visible="true" version="1" changeset="25247558" timestamp="2014-09-05T12:42:53Z" user="lrhill" uid="1813535" lat="40.4215042" lon="-86.9340744"/>
 <node id="3060788259" visible="true" version="1" changeset="25247558" timestamp="2014-09-05T12:42:53Z" user="lrhill" uid="1813535" lat="40.4214797" lon="-86.9344821"/>
 <node id="3060788260" visible="true" version="2" changeset="134473739" timestamp="2023-04-03T23:36:47Z" user="Clarke22" uid="703694" lat="40.4214078" lon="-86.9347138"/>
 <node id="3060788261" visible="true" version="2" changeset="134473739" timestamp="2023-04-03T23:36:47Z" user="Clarke22" uid="703694" lat="40.4214912" lon="-86.9348029"/>
 <node id="3060788262" visible="true" version="2" changeset="134473739" timestamp="2023-04-03T23:36:47Z" user="Clarke22" uid="703694" lat="40.4214209" lon="-86.9351043"/>
 <node id="3060788263" visible="true" version="1" changeset="25247558" timestamp="2014-09-05T12:42:54Z" user="lrhill" uid="1813535" lat="40.4211040" lon="-86.9350829"/>
 <node id="3060788264" visible="true" version="1" changeset="25247558" timestamp="2014-09-05T12:42:54Z" user="lrhill" uid="1813535" lat="40.4209815" lon="-86.9351258"/>
 <node id="3060788265" visible="true" version="1" changeset="25247558" timestamp="2014-09-05T12:42:54Z" user="lrhill" uid="1813535" lat="40.4209569" lon="-86.9355979"/>
 <node id="3060788266" visible="true" version="3" changeset="133047782" timestamp="2023-02-26T15:35:49Z" user="lectrician1" uid="8900953" lat="40.4220166" lon="-86.9356110"/>
 <node id="3060788267" visible="true" version="3" changeset="133047782" timestamp="2023-02-26T15:35:49Z" user="lectrician1" uid="8900953" lat="40.4219758" lon="-86.9359411"/>
 <node id="3060788282" visible="true" version="1" changeset="25247558" timestamp="2014-09-05T12:42:54Z" user="lrhill" uid="1813535" lat="40.4162419" lon="-86.9429136"/>
 <node id="3060788283" visible="true" version="1" changeset="25247558" timestamp="2014-09-05T12:42:54Z" user="lrhill" uid="1813535" lat="40.4159175" lon="-86.9429105"/>
 <node id="3060788284" visible="true" version="1" changeset="25247558" timestamp="2014-09-05T12:42:54Z" user="lrhill" uid="1813535" lat="40.4159183" lon="-86.9427731"/>
 <node id="3060788285" visible="true" version="1" changeset="25247558" timestamp="2014-09-05T12:42:54Z" user="lrhill" uid="1813535" lat="40.4160683" lon="-86.9427745"/>
 <node id="3060788286" visible="true" version="1" changeset="25247558" timestamp="2014-09-05T12:42:54Z" user="lrhill" uid="1813535" lat="40.4160705" lon="-86.9423854"/>
 <node id="3060788287" visible="true" version="1" changeset="25247558" timestamp="2014-09-05T12:42:54Z" user="lrhill" uid="1813535" lat="40.4161738" lon="-86.9423864"/>
 <node id="3060788288" visible="true" version="1" changeset="25247558" timestamp="2014-09-05T12:42:54Z" user="lrhill" uid="1813535" lat="40.4161716" lon="-86.9427671"/>
 <node id="3060788289" visible="true" version="1" changeset="25247558" timestamp="2014-09-05T12:42:54Z" user="lrhill" uid="1813535" lat="40.4162427" lon="-86.9427678"/>
 <node id="3060788290" visible="true" version="1" changeset="25247558" timestamp="2014-09-05T12:42:54Z" user="lrhill" uid="1813535" lat="40.4157383" lon="-86.9411330"/>
 <node id="3060788291" visible="true" version="1" changeset="25247558" timestamp="2014-09-05T12:42:54Z" user="lrhill" uid="1813535" lat="40.4155054" lon="-86.9413133"/>
 <node id="3060788292" visible="true" version="1" changeset="25247558" timestamp="2014-09-05T12:42:54Z" user="lrhill" uid="1813535" lat="40.4155561" lon="-86.9414263"/>
 <node id="3060788293" visible="true" version="1" changeset="25247558" timestamp="2014-09-05T12:42:54Z" user="lrhill" uid="1813535" lat="40.4153062" lon="-86.9416198"/>
 <node id="3060788294" visible="true" version="1" changeset="25247558" timestamp="2014-09-05T12:42:54Z" user="lrhill" uid="1813535" lat="40.4151753" lon="-86.9413283"/>
 <node id="3060788295" visible="true" version="1" changeset="25247558" timestamp="2014-09-05T12:42:54Z" user="lrhill" uid="1813535" lat="40.4156581" lon="-86.9409545"/>
 <node id="3060788296" visible="true" version="1" changeset="25247558" timestamp="2014-09-05T12:42:54Z" user="lrhill" uid="1813535" lat="40.4157579" lon="-86.9436137"/>
 <node id="3060788298" visible="true" version="2" changeset="112671985" timestamp="2021-10-18T22:03:22Z" user="riiga" uid="83501" lat="40.4168146" lon="-86.9523295"/>
 <node id="3060788299" visible="true" version="2" changeset="112671985" timestamp="2021-10-18T22:03:22Z" user="riiga" uid="83501" lat="40.4168166" lon="-86.9520128"/>
 <node id="3060788300" visible="true" version="2" changeset="112671985" timestamp="2021-10-18T22:03:22Z" user="riiga" uid="83501" lat="40.4168901" lon="-86.9499166"/>
 <node id="3060788301" visible="true" version="2" changeset="112671985" timestamp="2021-10-18T22:03:22Z" user="riiga" uid="83501" lat="40.4158047" lon="-86.9439715"/>
 <node id="3060788302" visible="true" version="1" changeset="25247558" timestamp="2014-09-05T12:42:54Z" user="lrhill" uid="1813535" lat="40.4163390" lon="-86.9416295"/>
 <node id="3060788303" visible="true" version="1" changeset="25247558" timestamp="2014-09-05T12:42:54Z" user="lrhill" uid="1813535" lat="40.4162424" lon="-86.9417185"/>
 <node id="3060788304" visible="true" version="1" changeset="25247558" timestamp="2014-09-05T12:42:54Z" user="lrhill" uid="1813535" lat="40.4160947" lon="-86.9414421"/>
 <node id="3060788305" visible="true" version="1" changeset="25247558" timestamp="2014-09-05T12:42:54Z" user="lrhill" uid="1813535" lat="40.4163296" lon="-86.9412255"/>
 <node id="3060788306" visible="true" version="1" changeset="25247558" timestamp="2014-09-05T12:42:54Z" user="lrhill" uid="1813535" lat="40.4163964" lon="-86.9413507"/>
 <node id="3060788307" visible="true" version="1" changeset="25247558" timestamp="2014-09-05T12:42:54Z" user="lrhill" uid="1813535" lat="40.4162581" lon="-86.9414782"/>
 <node id="3060788308" visible="true" version="1" changeset="25247558" timestamp="2014-09-05T12:42:54Z" user="lrhill" uid="1813535" lat="40.4158842" lon="-86.9407681"/>
 <node id="3060788309" visible="true" version="1" changeset="25247558" timestamp="2014-09-05T12:42:54Z" user="lrhill" uid="1813535" lat="40.4157577" lon="-86.9408727"/>
 <node id="3060788310" visible="true" version="1" changeset="25247558" timestamp="2014-09-05T12:42:54Z" user="lrhill" uid="1813535" lat="40.4157184" lon="-86.9407906"/>
 <node id="3060788311" visible="true" version="1" changeset="25247558" timestamp="2014-09-05T12:42:54Z" user="lrhill" uid="1813535" lat="40.4156494" lon="-86.9408477"/>
 <node id="3060788312" visible="true" version="1" changeset="25247558" timestamp="2014-09-05T12:42:55Z" user="lrhill" uid="1813535" lat="40.4155822" lon="-86.9407075"/>
 <node id="3060788313" visible="true" version="1" changeset="25247558" timestamp="2014-09-05T12:42:55Z" user="lrhill" uid="1813535" lat="40.4158461" lon="-86.9404893"/>
 <node id="3060788314" visible="true" version="1" changeset="25247558" timestamp="2014-09-05T12:42:55Z" user="lrhill" uid="1813535" lat="40.4159033" lon="-86.9406087"/>
 <node id="3060788315" visible="true" version="1" changeset="25247558" timestamp="2014-09-05T12:42:55Z" user="lrhill" uid="1813535" lat="40.4158349" lon="-86.9406653"/>
 <node id="3060791333" visible="true" version="1" changeset="25247594" timestamp="2014-09-05T12:44:59Z" user="lrhill" uid="1813535" lat="40.4174347" lon="-86.9389089"/>
 <node id="3060791334" visible="true" version="1" changeset="25247594" timestamp="2014-09-05T12:44:59Z" user="lrhill" uid="1813535" lat="40.4174353" lon="-86.9387572"/>
 <node id="3060791335" visible="true" version="1" changeset="25247594" timestamp="2014-09-05T12:44:59Z" user="lrhill" uid="1813535" lat="40.4177261" lon="-86.9387591"/>
 <node id="3060791336" visible="true" version="1" changeset="25247594" timestamp="2014-09-05T12:45:00Z" user="lrhill" uid="1813535" lat="40.4173879" lon="-86.9387813"/>
 <node id="3060791337" visible="true" version="1" changeset="25247594" timestamp="2014-09-05T12:45:00Z" user="lrhill" uid="1813535" lat="40.4172482" lon="-86.9387781"/>
 <node id="3060791338" visible="true" version="1" changeset="25247594" timestamp="2014-09-05T12:45:00Z" user="lrhill" uid="1813535" lat="40.4172499" lon="-86.9386532"/>
 <node id="3060791339" visible="true" version="1" changeset="25247594" timestamp="2014-09-05T12:45:00Z" user="lrhill" uid="1813535" lat="40.4173896" lon="-86.9386564"/>
 <node id="3060791340" visible="true" version="2" changeset="122525177" timestamp="2022-06-17T21:30:08Z" user="Clarke22" uid="703694" lat="40.4158158" lon="-86.9412709"/>
 <node id="3060791341" visible="true" version="2" changeset="122525177" timestamp="2022-06-17T21:30:08Z" user="Clarke22" uid="703694" lat="40.4158421" lon="-86.9412191"/>
 <node id="3060791342" visible="true" version="2" changeset="122525177" timestamp="2022-06-17T21:30:08Z" user="Clarke22" uid="703694" lat="40.4161330" lon="-86.9409672"/>
 <node id="3060791343" visible="true" version="1" changeset="25247594" timestamp="2014-09-05T12:45:00Z" user="lrhill" uid="1813535" lat="40.4161847" lon="-86.9408845"/>
 <node id="3060791344" visible="true" version="2" changeset="122525177" timestamp="2022-06-17T21:30:08Z" user="Clarke22" uid="703694" lat="40.4162144" lon="-86.9407498"/>
 <node id="3060791345" visible="true" version="2" changeset="122525177" timestamp="2022-06-17T21:30:08Z" user="Clarke22" uid="703694" lat="40.4161943" lon="-86.9405586"/>
 <node id="3060791346" visible="true" version="2" changeset="112671985" timestamp="2021-10-18T22:03:22Z" user="riiga" uid="83501" lat="40.4160927" lon="-86.9403251"/>
 <node id="3060791347" visible="true" version="1" changeset="25247594" timestamp="2014-09-05T12:45:00Z" user="lrhill" uid="1813535" lat="40.4153188" lon="-86.9393557"/>
 <node id="3060791348" visible="true" version="3" changeset="122525177" timestamp="2022-06-17T21:30:08Z" user="Clarke22" uid="703694" lat="40.4161529" lon="-86.9402580">
  <tag k="direction" v="backward"/>
  <tag k="highway" v="stop"/>
 </node>
 <node id="3060791349" visible="true" version="3" changeset="136745823" timestamp="2023-05-30T13:02:50Z" user="mpatsevich_lyft" uid="12896788" lat="40.4162143" lon="-86.9401483"/>
 <node id="3060791350" visible="true" version="3" changeset="136745823" timestamp="2023-05-30T13:02:50Z" user="mpatsevich_lyft" uid="12896788" lat="40.4162105" lon="-86.9393544"/>
 <node id="3060791351" visible="true" version="2" changeset="136745823" timestamp="2023-05-30T13:02:50Z" user="mpatsevich_lyft" uid="12896788" lat="40.4168189" lon="-86.9393327"/>
 <node id="3060791352" visible="true" version="3" changeset="136745823" timestamp="2023-05-30T13:02:50Z" user="mpatsevich_lyft" uid="12896788" lat="40.4168360" lon="-86.9393001"/>
 <node id="3060791353" visible="true" version="3" changeset="136745823" timestamp="2023-05-30T13:02:50Z" user="mpatsevich_lyft" uid="12896788" lat="40.4168370" lon="-86.9386947"/>
 <node id="3060791355" visible="true" version="3" changeset="136745823" timestamp="2023-05-30T13:02:50Z" user="mpatsevich_lyft" uid="12896788" lat="40.4169072" lon="-86.9385817"/>
 <node id="3060802014" visible="true" version="1" changeset="25247765" timestamp="2014-09-05T12:54:10Z" user="lrhill" uid="1813535" lat="40.4148034" lon="-86.9366698"/>
 <node id="3060802015" visible="true" version="1" changeset="25247765" timestamp="2014-09-05T12:54:10Z" user="lrhill" uid="1813535" lat="40.4144609" lon="-86.9367477"/>
 <node id="3060802016" visible="true" version="1" changeset="25247765" timestamp="2014-09-05T12:54:10Z" user="lrhill" uid="1813535" lat="40.4147422" lon="-86.9362052"/>
 <node id="3060802017" visible="true" version="1" changeset="25247765" timestamp="2014-09-05T12:54:10Z" user="lrhill" uid="1813535" lat="40.4145359" lon="-86.9354554"/>
 <node id="3060802018" visible="true" version="1" changeset="25247765" timestamp="2014-09-05T12:54:10Z" user="lrhill" uid="1813535" lat="40.4142405" lon="-86.9344923"/>
 <node id="3060802019" visible="true" version="1" changeset="25247765" timestamp="2014-09-05T12:54:10Z" user="lrhill" uid="1813535" lat="40.4142350" lon="-86.9344490"/>
 <node id="3060802020" visible="true" version="1" changeset="25247765" timestamp="2014-09-05T12:54:10Z" user="lrhill" uid="1813535" lat="40.4143001" lon="-86.9344345"/>
 <node id="3060802021" visible="true" version="1" changeset="25247765" timestamp="2014-09-05T12:54:10Z" user="lrhill" uid="1813535" lat="40.4143059" lon="-86.9344793"/>
 <node id="3060802022" visible="true" version="1" changeset="25247765" timestamp="2014-09-05T12:54:10Z" user="lrhill" uid="1813535" lat="40.4144104" lon="-86.9344561"/>
 <node id="3060802023" visible="true" version="1" changeset="25247765" timestamp="2014-09-05T12:54:10Z" user="lrhill" uid="1813535" lat="40.4144249" lon="-86.9345684"/>
 <node id="3060802024" visible="true" version="1" changeset="25247765" timestamp="2014-09-05T12:54:10Z" user="lrhill" uid="1813535" lat="40.4145347" lon="-86.9345439"/>
 <node id="3060802025" visible="true" version="1" changeset="25247765" timestamp="2014-09-05T12:54:10Z" user="lrhill" uid="1813535" lat="40.4145958" lon="-86.9350175"/>
 <node id="3060802026" visible="true" version="1" changeset="25247765" timestamp="2014-09-05T12:54:10Z" user="lrhill" uid="1813535" lat="40.4144827" lon="-86.9350426"/>
 <node id="3060802027" visible="true" version="1" changeset="25247765" timestamp="2014-09-05T12:54:10Z" user="lrhill" uid="1813535" lat="40.4141650" lon="-86.9355483"/>
 <node id="3060802028" visible="true" version="1" changeset="25247765" timestamp="2014-09-05T12:54:10Z" user="lrhill" uid="1813535" lat="40.4142692" lon="-86.9363100"/>
 <node id="3060802029" visible="true" version="1" changeset="25247765" timestamp="2014-09-05T12:54:10Z" user="lrhill" uid="1813535" lat="40.4144484" lon="-86.9366530"/>
 <node id="3060802030" visible="true" version="1" changeset="25247765" timestamp="2014-09-05T12:54:10Z" user="lrhill" uid="1813535" lat="40.4143997" lon="-86.9362830"/>
 <node id="3060802031" visible="true" version="1" changeset="25247765" timestamp="2014-09-05T12:54:10Z" user="lrhill" uid="1813535" lat="40.4143141" lon="-86.9366909"/>
 <node id="3060802032" visible="true" version="1" changeset="25247765" timestamp="2014-09-05T12:54:10Z" user="lrhill" uid="1813535" lat="40.4141943" lon="-86.9355314"/>
 <node id="3060804433" visible="true" version="1" changeset="25247765" timestamp="2014-09-05T12:54:10Z" user="lrhill" uid="1813535" lat="40.4140851" lon="-86.9346852"/>
 <node id="3060804434" visible="true" version="1" changeset="25247765" timestamp="2014-09-05T12:54:10Z" user="lrhill" uid="1813535" lat="40.4140667" lon="-86.9346893"/>
 <node id="3060804435" visible="true" version="1" changeset="25247765" timestamp="2014-09-05T12:54:10Z" user="lrhill" uid="1813535" lat="40.4148246" lon="-86.9333837"/>
 <node id="3060804436" visible="true" version="1" changeset="25247765" timestamp="2014-09-05T12:54:10Z" user="lrhill" uid="1813535" lat="40.4147040" lon="-86.9335387"/>
 <node id="3060804437" visible="true" version="1" changeset="25247765" timestamp="2014-09-05T12:54:10Z" user="lrhill" uid="1813535" lat="40.4146245" lon="-86.9334320"/>
 <node id="3060804438" visible="true" version="1" changeset="25247765" timestamp="2014-09-05T12:54:10Z" user="lrhill" uid="1813535" lat="40.4147184" lon="-86.9333113"/>
 <node id="3060804439" visible="true" version="1" changeset="25247765" timestamp="2014-09-05T12:54:10Z" user="lrhill" uid="1813535" lat="40.4147164" lon="-86.9332780"/>
 <node id="3060804440" visible="true" version="1" changeset="25247765" timestamp="2014-09-05T12:54:10Z" user="lrhill" uid="1813535" lat="40.4148175" lon="-86.9332673"/>
 <node id="3060804441" visible="true" version="1" changeset="25247765" timestamp="2014-09-05T12:54:10Z" user="lrhill" uid="1813535" lat="40.4152406" lon="-86.9334397"/>
 <node id="3060804442" visible="true" version="1" changeset="25247765" timestamp="2014-09-05T12:54:10Z" user="lrhill" uid="1813535" lat="40.4155270" lon="-86.9323055"/>
 <node id="3060804443" visible="true" version="1" changeset="25247765" timestamp="2014-09-05T12:54:11Z" user="lrhill" uid="1813535" lat="40.4154680" lon="-86.9323938"/>
 <node id="3060804444" visible="true" version="1" changeset="25247765" timestamp="2014-09-05T12:54:11Z" user="lrhill" uid="1813535" lat="40.4157343" lon="-86.9327009"/>
 <node id="3060804445" visible="true" version="1" changeset="25247765" timestamp="2014-09-05T12:54:11Z" user="lrhill" uid="1813535" lat="40.4154947" lon="-86.9322683"/>
 <node id="3060804450" visible="true" version="1" changeset="25247765" timestamp="2014-09-05T12:54:11Z" user="lrhill" uid="1813535" lat="40.4164716" lon="-86.9306010"/>
 <node id="3060804451" visible="true" version="1" changeset="25247765" timestamp="2014-09-05T12:54:11Z" user="lrhill" uid="1813535" lat="40.4160183" lon="-86.9306010"/>
 <node id="3060804452" visible="true" version="1" changeset="25247765" timestamp="2014-09-05T12:54:11Z" user="lrhill" uid="1813535" lat="40.4165257" lon="-86.9304386"/>
 <node id="3060804453" visible="true" version="1" changeset="25247765" timestamp="2014-09-05T12:54:11Z" user="lrhill" uid="1813535" lat="40.4163845" lon="-86.9304360"/>
 <node id="3060804454" visible="true" version="1" changeset="25247765" timestamp="2014-09-05T12:54:11Z" user="lrhill" uid="1813535" lat="40.4163888" lon="-86.9300386"/>
 <node id="3060804455" visible="true" version="1" changeset="25247765" timestamp="2014-09-05T12:54:11Z" user="lrhill" uid="1813535" lat="40.4164979" lon="-86.9300407"/>
 <node id="3060804456" visible="true" version="1" changeset="25247765" timestamp="2014-09-05T12:54:11Z" user="lrhill" uid="1813535" lat="40.4164949" lon="-86.9303209"/>
 <node id="3060804457" visible="true" version="1" changeset="25247765" timestamp="2014-09-05T12:54:11Z" user="lrhill" uid="1813535" lat="40.4165270" lon="-86.9303215"/>
 <node id="3060804458" visible="true" version="1" changeset="25247765" timestamp="2014-09-05T12:54:11Z" user="lrhill" uid="1813535" lat="40.4165303" lon="-86.9290577"/>
 <node id="3060804459" visible="true" version="1" changeset="25247765" timestamp="2014-09-05T12:54:11Z" user="lrhill" uid="1813535" lat="40.4161800" lon="-86.9290501"/>
 <node id="3060804460" visible="true" version="1" changeset="25247765" timestamp="2014-09-05T12:54:11Z" user="lrhill" uid="1813535" lat="40.4161916" lon="-86.9281197"/>
 <node id="3060804461" visible="true" version="1" changeset="25247765" timestamp="2014-09-05T12:54:11Z" user="lrhill" uid="1813535" lat="40.4165419" lon="-86.9281272"/>
 <node id="3060804462" visible="true" version="1" changeset="25247765" timestamp="2014-09-05T12:54:11Z" user="lrhill" uid="1813535" lat="40.4161587" lon="-86.9290254"/>
 <node id="3060804463" visible="true" version="1" changeset="25247765" timestamp="2014-09-05T12:54:11Z" user="lrhill" uid="1813535" lat="40.4160412" lon="-86.9290204"/>
 <node id="3060804464" visible="true" version="1" changeset="25247765" timestamp="2014-09-05T12:54:11Z" user="lrhill" uid="1813535" lat="40.4160476" lon="-86.9287670"/>
 <node id="3060804465" visible="true" version="1" changeset="25247765" timestamp="2014-09-05T12:54:11Z" user="lrhill" uid="1813535" lat="40.4161650" lon="-86.9287721"/>
 <node id="3060804466" visible="true" version="1" changeset="25247765" timestamp="2014-09-05T12:54:11Z" user="lrhill" uid="1813535" lat="40.4155966" lon="-86.9287730"/>
 <node id="3060804467" visible="true" version="1" changeset="25247765" timestamp="2014-09-05T12:54:11Z" user="lrhill" uid="1813535" lat="40.4159458" lon="-86.9282527"/>
 <node id="3060804468" visible="true" version="1" changeset="25247765" timestamp="2014-09-05T12:54:11Z" user="lrhill" uid="1813535" lat="40.4161173" lon="-86.9284458"/>
 <node id="3060804469" visible="true" version="1" changeset="25247765" timestamp="2014-09-05T12:54:11Z" user="lrhill" uid="1813535" lat="40.4161132" lon="-86.9285772"/>
 <node id="3060804470" visible="true" version="1" changeset="25247765" timestamp="2014-09-05T12:54:11Z" user="lrhill" uid="1813535" lat="40.4160863" lon="-86.9296273"/>
 <node id="3060804471" visible="true" version="1" changeset="25247765" timestamp="2014-09-05T12:54:11Z" user="lrhill" uid="1813535" lat="40.4159825" lon="-86.9291271"/>
 <node id="3060804472" visible="true" version="1" changeset="25247765" timestamp="2014-09-05T12:54:11Z" user="lrhill" uid="1813535" lat="40.4160824" lon="-86.9293986"/>
 <node id="3060804473" visible="true" version="1" changeset="25247765" timestamp="2014-09-05T12:54:11Z" user="lrhill" uid="1813535" lat="40.4160824" lon="-86.9292746"/>
 <node id="3060804474" visible="true" version="1" changeset="25247765" timestamp="2014-09-05T12:54:11Z" user="lrhill" uid="1813535" lat="40.4160507" lon="-86.9291211"/>
 <node id="3060804475" visible="true" version="1" changeset="25247765" timestamp="2014-09-05T12:54:11Z" user="lrhill" uid="1813535" lat="40.4160522" lon="-86.9292695"/>
 <node id="3060804476" visible="true" version="1" changeset="25247765" timestamp="2014-09-05T12:54:11Z" user="lrhill" uid="1813535" lat="40.4160832" lon="-86.9294982"/>
 <node id="3060804477" visible="true" version="1" changeset="25247765" timestamp="2014-09-05T12:54:11Z" user="lrhill" uid="1813535" lat="40.4160677" lon="-86.9294169"/>
 <node id="3060804478" visible="true" version="1" changeset="25247765" timestamp="2014-09-05T12:54:11Z" user="lrhill" uid="1813535" lat="40.4160693" lon="-86.9294799"/>
 <node id="3060804479" visible="true" version="1" changeset="25247765" timestamp="2014-09-05T12:54:11Z" user="lrhill" uid="1813535" lat="40.4161051" lon="-86.9306010"/>
 <node id="3060804480" visible="true" version="1" changeset="25247765" timestamp="2014-09-05T12:54:11Z" user="lrhill" uid="1813535" lat="40.4161143" lon="-86.9296279"/>
 <node id="3060804481" visible="true" version="1" changeset="25247765" timestamp="2014-09-05T12:54:11Z" user="lrhill" uid="1813535" lat="40.4157599" lon="-86.9318441"/>
 <node id="3060804482" visible="true" version="1" changeset="25247765" timestamp="2014-09-05T12:54:11Z" user="lrhill" uid="1813535" lat="40.4161847" lon="-86.9318414"/>
 <node id="3060804483" visible="true" version="1" changeset="25247765" timestamp="2014-09-05T12:54:11Z" user="lrhill" uid="1813535" lat="40.4164716" lon="-86.9313466"/>
 <node id="3060805763" visible="true" version="2" changeset="100010816" timestamp="2021-02-26T02:00:12Z" user="Sfriniks" uid="11810703" lat="40.4151839" lon="-86.9307305"/>
 <node id="3060805764" visible="true" version="2" changeset="100010816" timestamp="2021-02-26T02:00:12Z" user="Sfriniks" uid="11810703" lat="40.4151105" lon="-86.9298184"/>
 <node id="3060805765" visible="true" version="2" changeset="100010816" timestamp="2021-02-26T02:00:12Z" user="Sfriniks" uid="11810703" lat="40.4152905" lon="-86.9308772"/>
 <node id="3060805766" visible="true" version="2" changeset="100010816" timestamp="2021-02-26T02:00:12Z" user="Sfriniks" uid="11810703" lat="40.4151871" lon="-86.9298224"/>
 <node id="3060805767" visible="true" version="1" changeset="25247805" timestamp="2014-09-05T12:56:15Z" user="lrhill" uid="1813535" lat="40.4153161" lon="-86.9348354"/>
 <node id="3060805768" visible="true" version="1" changeset="25247805" timestamp="2014-09-05T12:56:15Z" user="lrhill" uid="1813535" lat="40.4149580" lon="-86.9349026"/>
 <node id="3060805769" visible="true" version="1" changeset="25247805" timestamp="2014-09-05T12:56:15Z" user="lrhill" uid="1813535" lat="40.4149336" lon="-86.9346786"/>
 <node id="3060805770" visible="true" version="1" changeset="25247805" timestamp="2014-09-05T12:56:15Z" user="lrhill" uid="1813535" lat="40.4152917" lon="-86.9346114"/>
 <node id="3060805771" visible="true" version="1" changeset="25247805" timestamp="2014-09-05T12:56:15Z" user="lrhill" uid="1813535" lat="40.4157285" lon="-86.9364691"/>
 <node id="3060805772" visible="true" version="1" changeset="25247805" timestamp="2014-09-05T12:56:15Z" user="lrhill" uid="1813535" lat="40.4155655" lon="-86.9365050"/>
 <node id="3060805773" visible="true" version="1" changeset="25247805" timestamp="2014-09-05T12:56:15Z" user="lrhill" uid="1813535" lat="40.4154582" lon="-86.9356637"/>
 <node id="3060805774" visible="true" version="1" changeset="25247805" timestamp="2014-09-05T12:56:15Z" user="lrhill" uid="1813535" lat="40.4156212" lon="-86.9356278"/>
 <node id="3060805775" visible="true" version="1" changeset="25247805" timestamp="2014-09-05T12:56:15Z" user="lrhill" uid="1813535" lat="40.4160902" lon="-86.9363999"/>
 <node id="3060805776" visible="true" version="1" changeset="25247805" timestamp="2014-09-05T12:56:15Z" user="lrhill" uid="1813535" lat="40.4159187" lon="-86.9364371"/>
 <node id="3060805777" visible="true" version="1" changeset="25247805" timestamp="2014-09-05T12:56:15Z" user="lrhill" uid="1813535" lat="40.4158081" lon="-86.9355574"/>
 <node id="3060805778" visible="true" version="1" changeset="25247805" timestamp="2014-09-05T12:56:15Z" user="lrhill" uid="1813535" lat="40.4159797" lon="-86.9355202"/>
 <node id="3060805779" visible="true" version="1" changeset="25247805" timestamp="2014-09-05T12:56:15Z" user="lrhill" uid="1813535" lat="40.4164295" lon="-86.9362722"/>
 <node id="3060805780" visible="true" version="1" changeset="25247805" timestamp="2014-09-05T12:56:15Z" user="lrhill" uid="1813535" lat="40.4162685" lon="-86.9363062"/>
 <node id="3060805781" visible="true" version="1" changeset="25247805" timestamp="2014-09-05T12:56:15Z" user="lrhill" uid="1813535" lat="40.4161668" lon="-86.9354756"/>
 <node id="3060805782" visible="true" version="1" changeset="25247805" timestamp="2014-09-05T12:56:15Z" user="lrhill" uid="1813535" lat="40.4163277" lon="-86.9354416"/>
 <node id="3060805783" visible="true" version="1" changeset="25247805" timestamp="2014-09-05T12:56:15Z" user="lrhill" uid="1813535" lat="40.4157347" lon="-86.9352196"/>
 <node id="3060805784" visible="true" version="1" changeset="25247805" timestamp="2014-09-05T12:56:15Z" user="lrhill" uid="1813535" lat="40.4156329" lon="-86.9352407"/>
 <node id="3060805785" visible="true" version="1" changeset="25247805" timestamp="2014-09-05T12:56:15Z" user="lrhill" uid="1813535" lat="40.4155478" lon="-86.9345309"/>
 <node id="3060805786" visible="true" version="1" changeset="25247805" timestamp="2014-09-05T12:56:15Z" user="lrhill" uid="1813535" lat="40.4156497" lon="-86.9345099"/>
 <node id="3060805787" visible="true" version="1" changeset="25247805" timestamp="2014-09-05T12:56:15Z" user="lrhill" uid="1813535" lat="40.4159976" lon="-86.9351672"/>
 <node id="3060805788" visible="true" version="1" changeset="25247805" timestamp="2014-09-05T12:56:15Z" user="lrhill" uid="1813535" lat="40.4158872" lon="-86.9351943"/>
 <node id="3060805789" visible="true" version="1" changeset="25247805" timestamp="2014-09-05T12:56:15Z" user="lrhill" uid="1813535" lat="40.4157863" lon="-86.9344851"/>
 <node id="3060805790" visible="true" version="1" changeset="25247805" timestamp="2014-09-05T12:56:15Z" user="lrhill" uid="1813535" lat="40.4158968" lon="-86.9344580"/>
 <node id="3060805791" visible="true" version="1" changeset="25247805" timestamp="2014-09-05T12:56:15Z" user="lrhill" uid="1813535" lat="40.4167274" lon="-86.9362041"/>
 <node id="3060805792" visible="true" version="1" changeset="25247805" timestamp="2014-09-05T12:56:15Z" user="lrhill" uid="1813535" lat="40.4165691" lon="-86.9362373"/>
 <node id="3060805793" visible="true" version="1" changeset="25247805" timestamp="2014-09-05T12:56:15Z" user="lrhill" uid="1813535" lat="40.4164698" lon="-86.9354181"/>
 <node id="3060805794" visible="true" version="1" changeset="25247805" timestamp="2014-09-05T12:56:15Z" user="lrhill" uid="1813535" lat="40.4166281" lon="-86.9353849"/>
 <node id="3060805795" visible="true" version="1" changeset="25247805" timestamp="2014-09-05T12:56:15Z" user="lrhill" uid="1813535" lat="40.4168855" lon="-86.9351106"/>
 <node id="3060805796" visible="true" version="1" changeset="25247805" timestamp="2014-09-05T12:56:15Z" user="lrhill" uid="1813535" lat="40.4167292" lon="-86.9351461"/>
 <node id="3060805797" visible="true" version="1" changeset="25247805" timestamp="2014-09-05T12:56:15Z" user="lrhill" uid="1813535" lat="40.4167197" lon="-86.9350735"/>
 <node id="3060805798" visible="true" version="1" changeset="25247805" timestamp="2014-09-05T12:56:15Z" user="lrhill" uid="1813535" lat="40.4165327" lon="-86.9351160"/>
 <node id="3060805799" visible="true" version="1" changeset="25247805" timestamp="2014-09-05T12:56:15Z" user="lrhill" uid="1813535" lat="40.4165026" lon="-86.9348876"/>
 <node id="3060805800" visible="true" version="1" changeset="25247805" timestamp="2014-09-05T12:56:15Z" user="lrhill" uid="1813535" lat="40.4168459" lon="-86.9348096"/>
 <node id="3060810033" visible="true" version="1" changeset="25247862" timestamp="2014-09-05T12:59:12Z" user="lrhill" uid="1813535" lat="40.4168218" lon="-86.9345715"/>
 <node id="3060810034" visible="true" version="1" changeset="25247862" timestamp="2014-09-05T12:59:13Z" user="lrhill" uid="1813535" lat="40.4164687" lon="-86.9346485"/>
 <node id="3060810035" visible="true" version="1" changeset="25247862" timestamp="2014-09-05T12:59:13Z" user="lrhill" uid="1813535" lat="40.4166321" lon="-86.9342111"/>
 <node id="3060810036" visible="true" version="1" changeset="25247862" timestamp="2014-09-05T12:59:13Z" user="lrhill" uid="1813535" lat="40.4165887" lon="-86.9338652"/>
 <node id="3060810037" visible="true" version="1" changeset="25247862" timestamp="2014-09-05T12:59:13Z" user="lrhill" uid="1813535" lat="40.4167286" lon="-86.9338347"/>
 <node id="3060810038" visible="true" version="1" changeset="25247862" timestamp="2014-09-05T12:59:13Z" user="lrhill" uid="1813535" lat="40.4166282" lon="-86.9341817"/>
 <node id="3060810039" visible="true" version="1" changeset="25247862" timestamp="2014-09-05T12:59:13Z" user="lrhill" uid="1813535" lat="40.4165755" lon="-86.9337588"/>
 <node id="3060810040" visible="true" version="1" changeset="25247862" timestamp="2014-09-05T12:59:13Z" user="lrhill" uid="1813535" lat="40.4166777" lon="-86.9335991"/>
 <node id="3060810041" visible="true" version="1" changeset="25247862" timestamp="2014-09-05T12:59:13Z" user="lrhill" uid="1813535" lat="40.4163529" lon="-86.9336667"/>
 <node id="3060810042" visible="true" version="1" changeset="25247862" timestamp="2014-09-05T12:59:13Z" user="lrhill" uid="1813535" lat="40.4164193" lon="-86.9342575"/>
 <node id="3060810043" visible="true" version="1" changeset="25247862" timestamp="2014-09-05T12:59:13Z" user="lrhill" uid="1813535" lat="40.4164228" lon="-86.9342258"/>
 <node id="3060810044" visible="true" version="1" changeset="25247862" timestamp="2014-09-05T12:59:13Z" user="lrhill" uid="1813535" lat="40.4163701" lon="-86.9338029"/>
 <node id="3060810045" visible="true" version="1" changeset="25247862" timestamp="2014-09-05T12:59:13Z" user="lrhill" uid="1813535" lat="40.4163092" lon="-86.9333048"/>
 <node id="3060810046" visible="true" version="1" changeset="25247862" timestamp="2014-09-05T12:59:13Z" user="lrhill" uid="1813535" lat="40.4160806" lon="-86.9328044"/>
 <node id="3060810047" visible="true" version="1" changeset="25247862" timestamp="2014-09-05T12:59:13Z" user="lrhill" uid="1813535" lat="40.4166340" lon="-86.9332372"/>
 <node id="3060810048" visible="true" version="1" changeset="25247862" timestamp="2014-09-05T12:59:13Z" user="lrhill" uid="1813535" lat="40.4166176" lon="-86.9327212"/>
 <node id="3060810049" visible="true" version="1" changeset="25247862" timestamp="2014-09-05T12:59:13Z" user="lrhill" uid="1813535" lat="40.4166415" lon="-86.9324950"/>
 <node id="3060810050" visible="true" version="1" changeset="25247862" timestamp="2014-09-05T12:59:13Z" user="lrhill" uid="1813535" lat="40.4167565" lon="-86.9327185"/>
 <node id="3060810051" visible="true" version="1" changeset="25247862" timestamp="2014-09-05T12:59:13Z" user="lrhill" uid="1813535" lat="40.4162235" lon="-86.9318629"/>
 <node id="3060810052" visible="true" version="1" changeset="25247862" timestamp="2014-09-05T12:59:13Z" user="lrhill" uid="1813535" lat="40.4162521" lon="-86.9318924"/>
 <node id="3060810053" visible="true" version="1" changeset="25247862" timestamp="2014-09-05T12:59:13Z" user="lrhill" uid="1813535" lat="40.4165829" lon="-86.9313479"/>
 <node id="3060810054" visible="true" version="1" changeset="25247862" timestamp="2014-09-05T12:59:13Z" user="lrhill" uid="1813535" lat="40.4165850" lon="-86.9316617"/>
 <node id="3060810055" visible="true" version="1" changeset="25247862" timestamp="2014-09-05T12:59:13Z" user="lrhill" uid="1813535" lat="40.4165417" lon="-86.9318463"/>
 <node id="3060810056" visible="true" version="1" changeset="25247862" timestamp="2014-09-05T12:59:13Z" user="lrhill" uid="1813535" lat="40.4166406" lon="-86.9318461"/>
 <node id="3060810057" visible="true" version="1" changeset="25247862" timestamp="2014-09-05T12:59:13Z" user="lrhill" uid="1813535" lat="40.4167034" lon="-86.9317422"/>
 <node id="3060810058" visible="true" version="1" changeset="25247862" timestamp="2014-09-05T12:59:13Z" user="lrhill" uid="1813535" lat="40.4167647" lon="-86.9317932"/>
 <node id="3060810059" visible="true" version="1" changeset="25247862" timestamp="2014-09-05T12:59:13Z" user="lrhill" uid="1813535" lat="40.4165425" lon="-86.9324952"/>
 <node id="3060810060" visible="true" version="1" changeset="25247862" timestamp="2014-09-05T12:59:13Z" user="lrhill" uid="1813535" lat="40.4162684" lon="-86.9325013"/>
 <node id="3060810061" visible="true" version="1" changeset="25247862" timestamp="2014-09-05T12:59:13Z" user="lrhill" uid="1813535" lat="40.4162603" lon="-86.9319487"/>
 <node id="3060810062" visible="true" version="1" changeset="25247862" timestamp="2014-09-05T12:59:13Z" user="lrhill" uid="1813535" lat="40.4167851" lon="-86.9313291"/>
 <node id="3060810063" visible="true" version="2" changeset="141185128" timestamp="2023-09-13T00:37:08Z" user="Clarke22" uid="703694" lat="40.4168244" lon="-86.9318260"/>
 <node id="3060810064" visible="true" version="2" changeset="141185128" timestamp="2023-09-13T00:37:08Z" user="Clarke22" uid="703694" lat="40.4168302" lon="-86.9327569"/>
 <node id="3060810065" visible="true" version="2" changeset="141185128" timestamp="2023-09-13T00:37:08Z" user="Clarke22" uid="703694" lat="40.4168354" lon="-86.9331797"/>
 <node id="3060810066" visible="true" version="2" changeset="141185128" timestamp="2023-09-13T00:37:08Z" user="Clarke22" uid="703694" lat="40.4169828" lon="-86.9344872"/>
 <node id="3060810068" visible="true" version="2" changeset="141185128" timestamp="2023-09-13T00:37:08Z" user="Clarke22" uid="703694" lat="40.4170444" lon="-86.9350304"/>
 <node id="3060810069" visible="true" version="2" changeset="141185128" timestamp="2023-09-13T00:37:08Z" user="Clarke22" uid="703694" lat="40.4170574" lon="-86.9351087"/>
 <node id="3060810071" visible="true" version="2" changeset="141185128" timestamp="2023-09-13T00:37:08Z" user="Clarke22" uid="703694" lat="40.4173701" lon="-86.9362401"/>
 <node id="3060810072" visible="true" version="3" changeset="141185128" timestamp="2023-09-13T00:37:08Z" user="Clarke22" uid="703694" lat="40.4173827" lon="-86.9362869"/>
 <node id="3060810074" visible="true" version="1" changeset="25247862" timestamp="2014-09-05T12:59:13Z" user="lrhill" uid="1813535" lat="40.4172895" lon="-86.9363234"/>
 <node id="3060810075" visible="true" version="1" changeset="25247862" timestamp="2014-09-05T12:59:13Z" user="lrhill" uid="1813535" lat="40.4149186" lon="-86.9368062"/>
 <node id="3060810076" visible="true" version="2" changeset="137643422" timestamp="2023-06-22T11:21:36Z" user="Emey_lyft" uid="10907417" lat="40.4146448" lon="-86.9345524"/>
 <node id="3060810077" visible="true" version="1" changeset="25247862" timestamp="2014-09-05T12:59:13Z" user="lrhill" uid="1813535" lat="40.4149615" lon="-86.9372488">
  <tag k="barrier" v="gate"/>
 </node>
 <node id="3060815160" visible="true" version="4" changeset="100996739" timestamp="2021-03-14T16:21:56Z" user="karson_" uid="10529514" lat="40.4284286" lon="-86.9385653"/>
 <node id="3060815171" visible="true" version="3" changeset="100996739" timestamp="2021-03-14T16:21:56Z" user="karson_" uid="10529514" lat="40.4282593" lon="-86.9361384"/>
 <node id="3060815263" visible="true" version="3" changeset="122526911" timestamp="2022-06-17T23:14:16Z" user="Clarke22" uid="703694" lat="40.4412862" lon="-86.9339140"/>
 <node id="3060815264" visible="true" version="2" changeset="122397620" timestamp="2022-06-15T05:20:14Z" user="Clarke22" uid="703694" lat="40.4424154" lon="-86.9339048"/>
 <node id="3060815274" visible="true" version="3" changeset="141280353" timestamp="2023-09-15T00:30:31Z" user="Clarke22" uid="703694" lat="40.4388632" lon="-86.9338973"/>
 <node id="3066629965" visible="true" version="2" changeset="117914136" timestamp="2022-02-27T16:12:14Z" user="AwwJeez" uid="9625789" lat="40.4193552" lon="-86.9246744"/>
 <node id="3066635897" visible="true" version="5" changeset="117658475" timestamp="2022-02-21T00:01:00Z" user="AwwJeez" uid="9625789" lat="40.4207627" lon="-86.9232631">
  <tag k="crossing" v="marked"/>
  <tag k="highway" v="crossing"/>
 </node>
 <node id="3262580815" visible="true" version="4" changeset="112758258" timestamp="2021-10-20T18:45:51Z" user="riiga" uid="83501" lat="40.4080646" lon="-86.9200315"/>
 <node id="3262580830" visible="true" version="2" changeset="112671985" timestamp="2021-10-18T22:03:22Z" user="riiga" uid="83501" lat="40.4167344" lon="-86.9235811"/>
 <node id="3262580831" visible="true" version="3" changeset="112671985" timestamp="2021-10-18T22:03:22Z" user="riiga" uid="83501" lat="40.4178596" lon="-86.9267638"/>
 <node id="3262580832" visible="true" version="2" changeset="112671985" timestamp="2021-10-18T22:03:22Z" user="riiga" uid="83501" lat="40.4180998" lon="-86.9348440"/>
 <node id="3262580833" visible="true" version="2" changeset="112671985" timestamp="2021-10-18T22:03:22Z" user="riiga" uid="83501" lat="40.4185903" lon="-86.9364547"/>
 <node id="3262580834" visible="true" version="2" changeset="112671985" timestamp="2021-10-18T22:03:22Z" user="riiga" uid="83501" lat="40.4193960" lon="-86.9377045"/>
 <node id="3262580835" visible="true" version="2" changeset="112671985" timestamp="2021-10-18T22:03:22Z" user="riiga" uid="83501" lat="40.4201604" lon="-86.9383986"/>
 <node id="3262580837" visible="true" version="2" changeset="112671985" timestamp="2021-10-18T22:03:22Z" user="riiga" uid="83501" lat="40.4201216" lon="-86.9385271"/>
 <node id="3262580838" visible="true" version="2" changeset="112671985" timestamp="2021-10-18T22:03:22Z" user="riiga" uid="83501" lat="40.4193505" lon="-86.9378485"/>
 <node id="3262580839" visible="true" version="2" changeset="112671985" timestamp="2021-10-18T22:03:22Z" user="riiga" uid="83501" lat="40.4184976" lon="-86.9365311"/>
 <node id="3262580840" visible="true" version="2" changeset="112671985" timestamp="2021-10-18T22:03:22Z" user="riiga" uid="83501" lat="40.4179919" lon="-86.9348905"/>
 <node id="3262580841" visible="true" version="4" changeset="112671985" timestamp="2021-10-18T22:03:22Z" user="riiga" uid="83501" lat="40.4179113" lon="-86.9304889"/>
 <node id="3262580842" visible="true" version="4" changeset="112671985" timestamp="2021-10-18T22:03:22Z" user="riiga" uid="83501" lat="40.4180218" lon="-86.9304897"/>
 <node id="3262580843" visible="true" version="2" changeset="112671985" timestamp="2021-10-18T22:03:22Z" user="riiga" uid="83501" lat="40.4177517" lon="-86.9267882"/>
 <node id="3262580844" visible="true" version="3" changeset="139281478" timestamp="2023-08-01T05:56:11Z" user="Clarke22" uid="703694" lat="40.4170244" lon="-86.9244112"/>
 <node id="3262580845" visible="true" version="2" changeset="112671985" timestamp="2021-10-18T22:03:22Z" user="riiga" uid="83501" lat="40.4166341" lon="-86.9236442"/>
 <node id="3262580846" visible="true" version="3" changeset="112671985" timestamp="2021-10-18T22:03:22Z" user="riiga" uid="83501" lat="40.4168625" lon="-86.9235413"/>
 <node id="3262580847" visible="true" version="2" changeset="62359142" timestamp="2018-09-07T01:48:48Z" user="Evan Nichols (Virtual Tours)" uid="3033892" lat="40.4155026" lon="-86.9221174"/>
 <node id="3262580852" visible="true" version="1" changeset="27833730" timestamp="2015-01-01T01:35:56Z" user="DeVietor" uid="506866" lat="40.4164199" lon="-86.9254833"/>
 <node id="3262580853" visible="true" version="1" changeset="27833730" timestamp="2015-01-01T01:35:56Z" user="DeVietor" uid="506866" lat="40.4158695" lon="-86.9260825"/>
 <node id="3262580854" visible="true" version="1" changeset="27833730" timestamp="2015-01-01T01:35:56Z" user="DeVietor" uid="506866" lat="40.4157703" lon="-86.9259392"/>
 <node id="3262580855" visible="true" version="1" changeset="27833730" timestamp="2015-01-01T01:35:56Z" user="DeVietor" uid="506866" lat="40.4154827" lon="-86.9262258"/>
 <node id="3262580856" visible="true" version="1" changeset="27833730" timestamp="2015-01-01T01:35:56Z" user="DeVietor" uid="506866" lat="40.4150711" lon="-86.9256461"/>
 <node id="3262580857" visible="true" version="1" changeset="27833730" timestamp="2015-01-01T01:35:56Z" user="DeVietor" uid="506866" lat="40.4151107" lon="-86.9253661"/>
 <node id="3262580858" visible="true" version="1" changeset="27833730" timestamp="2015-01-01T01:35:56Z" user="DeVietor" uid="506866" lat="40.4152645" lon="-86.9251967"/>
 <node id="3262580859" visible="true" version="1" changeset="27833730" timestamp="2015-01-01T01:35:56Z" user="DeVietor" uid="506866" lat="40.4149917" lon="-86.9247277"/>
 <node id="3262580860" visible="true" version="1" changeset="27833730" timestamp="2015-01-01T01:35:56Z" user="DeVietor" uid="506866" lat="40.4155918" lon="-86.9241025"/>
 <node id="3262581261" visible="true" version="4" changeset="122812377" timestamp="2022-06-24T17:30:53Z" user="Clarke22" uid="703694" lat="40.4186442" lon="-86.9227165"/>
 <node id="3262581262" visible="true" version="4" changeset="122812377" timestamp="2022-06-24T17:30:53Z" user="Clarke22" uid="703694" lat="40.4185439" lon="-86.9228797"/>
 <node id="3262581263" visible="true" version="4" changeset="122812377" timestamp="2022-06-24T17:30:53Z" user="Clarke22" uid="703694" lat="40.4180884" lon="-86.9239400"/>
 <node id="3262581270" visible="true" version="3" changeset="122734940" timestamp="2022-06-23T03:26:16Z" user="Clarke22" uid="703694" lat="40.4199426" lon="-86.9218822"/>
 <node id="3262581278" visible="true" version="4" changeset="122733657" timestamp="2022-06-23T01:37:52Z" user="Clarke22" uid="703694" lat="40.4198732" lon="-86.9220251"/>
 <node id="3262581283" visible="true" version="4" changeset="122733657" timestamp="2022-06-23T01:37:52Z" user="Clarke22" uid="703694" lat="40.4192456" lon="-86.9218688"/>
 <node id="3262581284" visible="true" version="5" changeset="122733657" timestamp="2022-06-23T01:37:52Z" user="Clarke22" uid="703694" lat="40.4187061" lon="-86.9220777"/>
 <node id="3262581285" visible="true" version="5" changeset="122733657" timestamp="2022-06-23T01:37:52Z" user="Clarke22" uid="703694" lat="40.4173724" lon="-86.9239332"/>
 <node id="3262581286" visible="true" version="5" changeset="122733657" timestamp="2022-06-23T01:37:52Z" user="Clarke22" uid="703694" lat="40.4185124" lon="-86.9222647"/>
 <node id="3262581287" visible="true" version="3" changeset="73139488" timestamp="2019-08-08T07:25:54Z" user="LeaTaklaja" uid="10157165" lat="40.4190875" lon="-86.9220622"/>
 <node id="3262581288" visible="true" version="3" changeset="73139488" timestamp="2019-08-08T07:25:54Z" user="LeaTaklaja" uid="10157165" lat="40.4187018" lon="-86.9222848"/>
 <node id="3262581289" visible="true" version="6" changeset="122733657" timestamp="2022-06-23T01:37:52Z" user="Clarke22" uid="703694" lat="40.4185456" lon="-86.9224476"/>
 <node id="3262581292" visible="true" version="4" changeset="139281478" timestamp="2023-08-01T05:56:11Z" user="Clarke22" uid="703694" lat="40.4171771" lon="-86.9244654"/>
 <node id="3262581293" visible="true" version="4" changeset="139281478" timestamp="2023-08-01T05:56:11Z" user="Clarke22" uid="703694" lat="40.4170910" lon="-86.9245591"/>
 <node id="3262581295" visible="true" version="1" changeset="27833730" timestamp="2015-01-01T01:35:57Z" user="DeVietor" uid="506866" lat="40.4159059" lon="-86.9260430"/>
 <node id="3262581296" visible="true" version="1" changeset="27833730" timestamp="2015-01-01T01:35:57Z" user="DeVietor" uid="506866" lat="40.4152343" lon="-86.9244749"/>
 <node id="3262581297" visible="true" version="1" changeset="27833730" timestamp="2015-01-01T01:35:57Z" user="DeVietor" uid="506866" lat="40.4152434" lon="-86.9233794"/>
 <node id="3339815039" visible="true" version="2" changeset="112671985" timestamp="2021-10-18T22:03:23Z" user="riiga" uid="83501" lat="40.4174359" lon="-86.9303039"/>
 <node id="3339815040" visible="true" version="2" changeset="112671985" timestamp="2021-10-18T22:03:23Z" user="riiga" uid="83501" lat="40.4172201" lon="-86.9303063"/>
 <node id="3339815041" visible="true" version="2" changeset="112671985" timestamp="2021-10-18T22:03:23Z" user="riiga" uid="83501" lat="40.4172078" lon="-86.9284120"/>
 <node id="3339815042" visible="true" version="2" changeset="112671985" timestamp="2021-10-18T22:03:23Z" user="riiga" uid="83501" lat="40.4174236" lon="-86.9284096"/>
 <node id="3339815043" visible="true" version="2" changeset="112671985" timestamp="2021-10-18T22:03:23Z" user="riiga" uid="83501" lat="40.4173885" lon="-86.9307093"/>
 <node id="3339815044" visible="true" version="2" changeset="112671985" timestamp="2021-10-18T22:03:23Z" user="riiga" uid="83501" lat="40.4173841" lon="-86.9321850"/>
 <node id="3339815045" visible="true" version="2" changeset="112671985" timestamp="2021-10-18T22:03:23Z" user="riiga" uid="83501" lat="40.4172074" lon="-86.9321841"/>
 <node id="3339815046" visible="true" version="2" changeset="112671985" timestamp="2021-10-18T22:03:23Z" user="riiga" uid="83501" lat="40.4172118" lon="-86.9307083"/>
 <node id="3339819207" visible="true" version="1" changeset="28728343" timestamp="2015-02-09T14:09:39Z" user="cjkonecnik" uid="2646346" lat="40.4167324" lon="-86.9290552"/>
 <node id="3339819208" visible="true" version="1" changeset="28728343" timestamp="2015-02-09T14:09:39Z" user="cjkonecnik" uid="2646346" lat="40.4165446" lon="-86.9290552"/>
 <node id="3339819209" visible="true" version="1" changeset="28728343" timestamp="2015-02-09T14:09:39Z" user="cjkonecnik" uid="2646346" lat="40.4165507" lon="-86.9279340"/>
 <node id="3339819210" visible="true" version="2" changeset="100010816" timestamp="2021-02-26T02:00:12Z" user="Sfriniks" uid="11810703" lat="40.4167273" lon="-86.9279448"/>
 <node id="3613555169" visible="true" version="2" changeset="96683767" timestamp="2020-12-30T17:39:53Z" user="mace13" uid="12105122" lat="40.4031424" lon="-86.9528207"/>
 <node id="3613555170" visible="true" version="1" changeset="32171253" timestamp="2015-06-23T21:18:41Z" user="calfarome" uid="2511706" lat="40.4034296" lon="-86.9526008"/>
 <node id="3613555171" visible="true" version="1" changeset="32171253" timestamp="2015-06-23T21:18:41Z" user="calfarome" uid="2511706" lat="40.4036634" lon="-86.9525376"/>
 <node id="3617803855" visible="true" version="2" changeset="112758258" timestamp="2021-10-20T18:45:51Z" user="riiga" uid="83501" lat="40.4057863" lon="-86.9232729"/>
 <node id="3617803859" visible="true" version="1" changeset="32207840" timestamp="2015-06-25T15:32:49Z" user="samely" uid="2512300" lat="40.4063828" lon="-86.9218569"/>
 <node id="3733719816" visible="true" version="2" changeset="62358047" timestamp="2018-09-06T23:56:48Z" user="Evan Nichols (Virtual Tours)" uid="3033892" lat="40.4111200" lon="-86.9202285"/>
 <node id="4332674436" visible="true" version="6" changeset="136546951" timestamp="2023-05-25T14:29:36Z" user="Andros66" uid="8929524" lat="40.4240927" lon="-86.9399035"/>
 <node id="4356359096" visible="true" version="2" changeset="117914136" timestamp="2022-02-27T16:12:14Z" user="AwwJeez" uid="9625789" lat="40.4195838" lon="-86.9303308"/>
 <node id="4356359097" visible="true" version="2" changeset="117914136" timestamp="2022-02-27T16:12:14Z" user="AwwJeez" uid="9625789" lat="40.4195856" lon="-86.9299407"/>
 <node id="4356359098" visible="true" version="2" changeset="117914136" timestamp="2022-02-27T16:12:14Z" user="AwwJeez" uid="9625789" lat="40.4189846" lon="-86.9299360"/>
 <node id="4356359099" visible="true" version="2" changeset="117914136" timestamp="2022-02-27T16:12:14Z" user="AwwJeez" uid="9625789" lat="40.4189829" lon="-86.9303260"/>
 <node id="4607704950" visible="true" version="1" changeset="45159220" timestamp="2017-01-14T12:36:13Z" user="MikeN" uid="135163" lat="40.4169925" lon="-86.9078160"/>
 <node id="4962959789" visible="true" version="2" changeset="138961947" timestamp="2023-07-24T23:20:54Z" user="Clarke22" uid="703694" lat="40.4221569" lon="-86.9419557"/>
 <node id="4962959790" visible="true" version="3" changeset="138961947" timestamp="2023-07-24T23:20:54Z" user="Clarke22" uid="703694" lat="40.4231500" lon="-86.9423945"/>
 <node id="5024698428" visible="true" version="2" changeset="125128704" timestamp="2022-08-19T22:32:24Z" user="Clarke22" uid="703694" lat="40.4225146" lon="-86.9385473"/>
 <node id="5024698429" visible="true" version="2" changeset="125128704" timestamp="2022-08-19T22:32:24Z" user="Clarke22" uid="703694" lat="40.4220640" lon="-86.9385581"/>
 <node id="5024698430" visible="true" version="1" changeset="50977117" timestamp="2017-08-09T15:42:50Z" user="EarlyFish" uid="2027851" lat="40.4215879" lon="-86.9384528"/>
 <node id="5024698431" visible="true" version="2" changeset="125128704" timestamp="2022-08-19T22:32:24Z" user="Clarke22" uid="703694" lat="40.4208531" lon="-86.9382388"/>
 <node id="5024698432" visible="true" version="2" changeset="125128704" timestamp="2022-08-19T22:32:24Z" user="Clarke22" uid="703694" lat="40.4206620" lon="-86.9381262"/>
 <node id="5024698433" visible="true" version="2" changeset="125128704" timestamp="2022-08-19T22:32:24Z" user="Clarke22" uid="703694" lat="40.4197873" lon="-86.9375787"/>
 <node id="5024698434" visible="true" version="1" changeset="50977117" timestamp="2017-08-09T15:42:50Z" user="EarlyFish" uid="2027851" lat="40.4196048" lon="-86.9374193"/>
 <node id="5024698435" visible="true" version="2" changeset="125128704" timestamp="2022-08-19T22:32:24Z" user="Clarke22" uid="703694" lat="40.4193584" lon="-86.9371545"/>
 <node id="5024698436" visible="true" version="2" changeset="125128704" timestamp="2022-08-19T22:32:24Z" user="Clarke22" uid="703694" lat="40.4191303" lon="-86.9368449"/>
 <node id="5024698437" visible="true" version="2" changeset="125128704" timestamp="2022-08-19T22:32:24Z" user="Clarke22" uid="703694" lat="40.4189447" lon="-86.9365359"/>
 <node id="5024698438" visible="true" version="1" changeset="50977117" timestamp="2017-08-09T15:42:50Z" user="EarlyFish" uid="2027851" lat="40.4187549" lon="-86.9360886"/>
 <node id="5024698439" visible="true" version="2" changeset="125128704" timestamp="2022-08-19T22:32:24Z" user="Clarke22" uid="703694" lat="40.4186209" lon="-86.9356831"/>
 <node id="5024698440" visible="true" version="2" changeset="125128704" timestamp="2022-08-19T22:32:24Z" user="Clarke22" uid="703694" lat="40.4184932" lon="-86.9352017"/>
 <node id="5024698441" visible="true" version="2" changeset="125128704" timestamp="2022-08-19T22:32:24Z" user="Clarke22" uid="703694" lat="40.4184201" lon="-86.9348195"/>
 <node id="5024698442" visible="true" version="2" changeset="125128704" timestamp="2022-08-19T22:32:24Z" user="Clarke22" uid="703694" lat="40.4183392" lon="-86.9341417"/>
 <node id="5024698443" visible="true" version="2" changeset="125128704" timestamp="2022-08-19T22:32:24Z" user="Clarke22" uid="703694" lat="40.4182782" lon="-86.9336273"/>
 <node id="5024698444" visible="true" version="2" changeset="117914136" timestamp="2022-02-27T16:12:14Z" user="AwwJeez" uid="9625789" lat="40.4182443" lon="-86.9310801"/>
 <node id="5024698445" visible="true" version="2" changeset="117914136" timestamp="2022-02-27T16:12:14Z" user="AwwJeez" uid="9625789" lat="40.4182550" lon="-86.9309869"/>
 <node id="5024698446" visible="true" version="2" changeset="117914136" timestamp="2022-02-27T16:12:14Z" user="AwwJeez" uid="9625789" lat="40.4183407" lon="-86.9308457"/>
 <node id="5024698447" visible="true" version="1" changeset="50977117" timestamp="2017-08-09T15:42:50Z" user="EarlyFish" uid="2027851" lat="40.4184705" lon="-86.9307929"/>
 <node id="5024698448" visible="true" version="2" changeset="117914136" timestamp="2022-02-27T16:12:14Z" user="AwwJeez" uid="9625789" lat="40.4186270" lon="-86.9307818"/>
 <node id="5024698449" visible="true" version="3" changeset="117914136" timestamp="2022-02-27T16:12:14Z" user="AwwJeez" uid="9625789" lat="40.4201629" lon="-86.9307740"/>
 <node id="5030682828" visible="true" version="2" changeset="73139488" timestamp="2019-08-08T07:25:54Z" user="LeaTaklaja" uid="10157165" lat="40.4188524" lon="-86.9221646"/>
 <node id="5030682829" visible="true" version="2" changeset="80713202" timestamp="2020-02-08T01:16:57Z" user="maxerickson" uid="360392" lat="40.4191210" lon="-86.9218808"/>
 <node id="5030682830" visible="true" version="2" changeset="73139488" timestamp="2019-08-08T07:25:54Z" user="LeaTaklaja" uid="10157165" lat="40.4188235" lon="-86.9219977"/>
 <node id="5030682831" visible="true" version="2" changeset="112671985" timestamp="2021-10-18T22:03:23Z" user="riiga" uid="83501" lat="40.4168954" lon="-86.9238789"/>
 <node id="5030682832" visible="true" version="2" changeset="112671985" timestamp="2021-10-18T22:03:23Z" user="riiga" uid="83501" lat="40.4170488" lon="-86.9239420"/>
 <node id="5030682833" visible="true" version="3" changeset="112671985" timestamp="2021-10-18T22:03:23Z" user="riiga" uid="83501" lat="40.4172738" lon="-86.9239520"/>
 <node id="5030755843" visible="true" version="2" changeset="122733657" timestamp="2022-06-23T01:37:52Z" user="Clarke22" uid="703694" lat="40.4165098" lon="-86.9213489"/>
 <node id="5030755844" visible="true" version="2" changeset="112671985" timestamp="2021-10-18T22:03:23Z" user="riiga" uid="83501" lat="40.4168197" lon="-86.9213374">
  <tag k="railway" v="level_crossing"/>
 </node>
 <node id="5030755845" visible="true" version="2" changeset="122733657" timestamp="2022-06-23T01:37:52Z" user="Clarke22" uid="703694" lat="40.4170289" lon="-86.9213321"/>
 <node id="5030755919" visible="true" version="2" changeset="73139488" timestamp="2019-08-08T07:25:54Z" user="LeaTaklaja" uid="10157165" lat="40.4202609" lon="-86.9199847"/>
 <node id="5030755920" visible="true" version="2" changeset="73139488" timestamp="2019-08-08T07:25:54Z" user="LeaTaklaja" uid="10157165" lat="40.4202803" lon="-86.9207408"/>
 <node id="5030760821" visible="true" version="3" changeset="122812377" timestamp="2022-06-24T17:30:53Z" user="Clarke22" uid="703694" lat="40.4202909" lon="-86.9210922"/>
 <node id="5030760822" visible="true" version="3" changeset="122812377" timestamp="2022-06-24T17:30:53Z" user="Clarke22" uid="703694" lat="40.4203009" lon="-86.9211992"/>
 <node id="5030760823" visible="true" version="3" changeset="122812377" timestamp="2022-06-24T17:30:53Z" user="Clarke22" uid="703694" lat="40.4202987" lon="-86.9213210"/>
 <node id="5030760824" visible="true" version="4" changeset="122812377" timestamp="2022-06-24T17:30:53Z" user="Clarke22" uid="703694" lat="40.4202429" lon="-86.9215479"/>
 <node id="5030760825" visible="true" version="4" changeset="122812377" timestamp="2022-06-24T17:30:53Z" user="Clarke22" uid="703694" lat="40.4201871" lon="-86.9216605"/>
 <node id="5030760826" visible="true" version="4" changeset="122812377" timestamp="2022-06-24T17:30:53Z" user="Clarke22" uid="703694" lat="40.4201312" lon="-86.9217246"/>
 <node id="5030760827" visible="true" version="3" changeset="104480997" timestamp="2021-05-11T03:31:53Z" user="AwwJeez" uid="9625789" lat="40.4200849" lon="-86.9217675"/>
 <node id="5030760828" visible="true" version="4" changeset="104480997" timestamp="2021-05-11T03:31:53Z" user="AwwJeez" uid="9625789" lat="40.4200007" lon="-86.9218022"/>
 <node id="5030760829" visible="true" version="2" changeset="104480997" timestamp="2021-05-11T03:31:53Z" user="AwwJeez" uid="9625789" lat="40.4199123" lon="-86.9217924"/>
 <node id="5030760830" visible="true" version="2" changeset="104480997" timestamp="2021-05-11T03:31:53Z" user="AwwJeez" uid="9625789" lat="40.4197370" lon="-86.9217966"/>
 <node id="5030760831" visible="true" version="3" changeset="122734940" timestamp="2022-06-23T03:26:16Z" user="Clarke22" uid="703694" lat="40.4196614" lon="-86.9217926"/>
 <node id="5030761037" visible="true" version="2" changeset="104480997" timestamp="2021-05-11T03:31:53Z" user="AwwJeez" uid="9625789" lat="40.4200404" lon="-86.9221327"/>
 <node id="5030761038" visible="true" version="2" changeset="104480997" timestamp="2021-05-11T03:31:53Z" user="AwwJeez" uid="9625789" lat="40.4200089" lon="-86.9221224"/>
 <node id="5030761039" visible="true" version="2" changeset="104480997" timestamp="2021-05-11T03:31:53Z" user="AwwJeez" uid="9625789" lat="40.4199350" lon="-86.9221129"/>
 <node id="5030761040" visible="true" version="2" changeset="122734940" timestamp="2022-06-23T03:26:16Z" user="Clarke22" uid="703694" lat="40.4192359" lon="-86.9221274"/>
 <node id="5030761042" visible="true" version="3" changeset="122734940" timestamp="2022-06-23T03:26:16Z" user="Clarke22" uid="703694" lat="40.4191359" lon="-86.9221405"/>
 <node id="5030761043" visible="true" version="3" changeset="122734940" timestamp="2022-06-23T03:26:16Z" user="Clarke22" uid="703694" lat="40.4189233" lon="-86.9222230"/>
 <node id="5030761044" visible="true" version="3" changeset="122734940" timestamp="2022-06-23T03:26:16Z" user="Clarke22" uid="703694" lat="40.4188220" lon="-86.9222834"/>
 <node id="5030761045" visible="true" version="3" changeset="122734940" timestamp="2022-06-23T03:26:16Z" user="Clarke22" uid="703694" lat="40.4187372" lon="-86.9223521"/>
 <node id="5030761046" visible="true" version="3" changeset="122734940" timestamp="2022-06-23T03:26:16Z" user="Clarke22" uid="703694" lat="40.4186324" lon="-86.9224668"/>
 <node id="5030761047" visible="true" version="2" changeset="73139488" timestamp="2019-08-08T07:25:54Z" user="LeaTaklaja" uid="10157165" lat="40.4185550" lon="-86.9225758"/>
 <node id="5030761048" visible="true" version="3" changeset="122734940" timestamp="2022-06-23T03:26:16Z" user="Clarke22" uid="703694" lat="40.4184622" lon="-86.9227150"/>
 <node id="5030761050" visible="true" version="3" changeset="122733657" timestamp="2022-06-23T01:37:52Z" user="Clarke22" uid="703694" lat="40.4175513" lon="-86.9240716">
  <tag k="noexit" v="yes"/>
 </node>
 <node id="5030761052" visible="true" version="3" changeset="122812377" timestamp="2022-06-24T17:30:53Z" user="Clarke22" uid="703694" lat="40.4187917" lon="-86.9225755"/>
 <node id="5030761053" visible="true" version="3" changeset="122812377" timestamp="2022-06-24T17:30:53Z" user="Clarke22" uid="703694" lat="40.4190388" lon="-86.9224256"/>
 <node id="5030761054" visible="true" version="3" changeset="122812377" timestamp="2022-06-24T17:30:53Z" user="Clarke22" uid="703694" lat="40.4197181" lon="-86.9223048"/>
 <node id="5030761055" visible="true" version="3" changeset="122812377" timestamp="2022-06-24T17:30:53Z" user="Clarke22" uid="703694" lat="40.4199914" lon="-86.9222201"/>
 <node id="5030761056" visible="true" version="3" changeset="122812377" timestamp="2022-06-24T17:30:53Z" user="Clarke22" uid="703694" lat="40.4200483" lon="-86.9222306"/>
 <node id="5030761057" visible="true" version="4" changeset="122733657" timestamp="2022-06-23T01:37:52Z" user="Clarke22" uid="703694" lat="40.4200176" lon="-86.9223050"/>
 <node id="5030761061" visible="true" version="3" changeset="104480997" timestamp="2021-05-11T03:31:53Z" user="AwwJeez" uid="9625789" lat="40.4200400" lon="-86.9217932"/>
 <node id="5030761070" visible="true" version="4" changeset="122812377" timestamp="2022-06-24T17:30:53Z" user="Clarke22" uid="703694" lat="40.4204625" lon="-86.9225349"/>
 <node id="5030761087" visible="true" version="3" changeset="122812377" timestamp="2022-06-24T17:30:53Z" user="Clarke22" uid="703694" lat="40.4202761" lon="-86.9214327"/>
 <node id="5030761088" visible="true" version="2" changeset="73139488" timestamp="2019-08-08T07:25:54Z" user="LeaTaklaja" uid="10157165" lat="40.4202534" lon="-86.9197684"/>
 <node id="5030761222" visible="true" version="3" changeset="122734940" timestamp="2022-06-23T03:26:16Z" user="Clarke22" uid="703694" lat="40.4199816" lon="-86.9218816"/>
 <node id="5030761223" visible="true" version="4" changeset="104480997" timestamp="2021-05-11T03:31:53Z" user="AwwJeez" uid="9625789" lat="40.4200555" lon="-86.9218661">
  <tag k="crossing" v="marked"/>
  <tag k="highway" v="crossing"/>
 </node>
 <node id="5030761227" visible="true" version="3" changeset="122734940" timestamp="2022-06-23T03:26:16Z" user="Clarke22" uid="703694" lat="40.4199527" lon="-86.9220281"/>
 <node id="5030761228" visible="true" version="4" changeset="104480997" timestamp="2021-05-11T03:31:53Z" user="AwwJeez" uid="9625789" lat="40.4200572" lon="-86.9220482">
  <tag k="crossing" v="marked"/>
  <tag k="highway" v="crossing"/>
 </node>
 <node id="5030761289" visible="true" version="2" changeset="112671985" timestamp="2021-10-18T22:03:23Z" user="riiga" uid="83501" lat="40.4172106" lon="-86.9239597"/>
 <node id="5030761290" visible="true" version="2" changeset="73139488" timestamp="2019-08-08T07:25:54Z" user="LeaTaklaja" uid="10157165" lat="40.4186049" lon="-86.9223722"/>
 <node id="5030761292" visible="true" version="4" changeset="122733657" timestamp="2022-06-23T01:37:52Z" user="Clarke22" uid="703694" lat="40.4186036" lon="-86.9221665"/>
 <node id="5213932425" visible="true" version="2" changeset="86473933" timestamp="2020-06-10T16:51:57Z" user="Andros66" uid="8929524" lat="40.4165695" lon="-86.9305698"/>
 <node id="5213932426" visible="true" version="2" changeset="86473933" timestamp="2020-06-10T16:51:57Z" user="Andros66" uid="8929524" lat="40.4166083" lon="-86.9304786"/>
 <node id="5213932427" visible="true" version="2" changeset="86473933" timestamp="2020-06-10T16:51:57Z" user="Andros66" uid="8929524" lat="40.4165542" lon="-86.9309360"/>
 <node id="5213932428" visible="true" version="2" changeset="86473933" timestamp="2020-06-10T16:51:57Z" user="Andros66" uid="8929524" lat="40.4165674" lon="-86.9311734"/>
 <node id="5213932429" visible="true" version="2" changeset="86473933" timestamp="2020-06-10T16:51:57Z" user="Andros66" uid="8929524" lat="40.4166113" lon="-86.9312444"/>
 <node id="5213932430" visible="true" version="1" changeset="53549982" timestamp="2017-11-06T09:48:09Z" user="inah_telenav" uid="5188736" lat="40.4167835" lon="-86.9312442"/>
 <node id="5270618718" visible="true" version="3" changeset="125038190" timestamp="2022-08-17T23:03:41Z" user="Clarke22" uid="703694" lat="40.4461682" lon="-86.9304671"/>
 <node id="5688548899" visible="true" version="1" changeset="59818967" timestamp="2018-06-13T18:15:50Z" user="EdwinChen" uid="7918221" lat="40.4090347" lon="-86.9163442"/>
 <node id="5688548900" visible="true" version="1" changeset="59818967" timestamp="2018-06-13T18:15:50Z" user="EdwinChen" uid="7918221" lat="40.4085212" lon="-86.9174368"/>
 <node id="5688548901" visible="true" version="1" changeset="59818967" timestamp="2018-06-13T18:15:50Z" user="EdwinChen" uid="7918221" lat="40.4074409" lon="-86.9189230"/>
 <node id="5688548902" visible="true" version="1" changeset="59818967" timestamp="2018-06-13T18:15:50Z" user="EdwinChen" uid="7918221" lat="40.4060489" lon="-86.9228266"/>
 <node id="5688548903" visible="true" version="1" changeset="59818967" timestamp="2018-06-13T18:15:50Z" user="EdwinChen" uid="7918221" lat="40.4025283" lon="-86.9320650"/>
 <node id="5688548904" visible="true" version="1" changeset="59818967" timestamp="2018-06-13T18:15:50Z" user="EdwinChen" uid="7918221" lat="40.4023484" lon="-86.9329549"/>
 <node id="5688548905" visible="true" version="1" changeset="59818967" timestamp="2018-06-13T18:15:50Z" user="EdwinChen" uid="7918221" lat="40.4023757" lon="-86.9382039"/>
 <node id="5688548906" visible="true" version="1" changeset="59818967" timestamp="2018-06-13T18:15:50Z" user="EdwinChen" uid="7918221" lat="40.4000168" lon="-86.9382959"/>
 <node id="5688548907" visible="true" version="1" changeset="59818967" timestamp="2018-06-13T18:15:50Z" user="EdwinChen" uid="7918221" lat="40.4074265" lon="-86.9478054"/>
 <node id="5688548908" visible="true" version="1" changeset="59818967" timestamp="2018-06-13T18:15:50Z" user="EdwinChen" uid="7918221" lat="40.4000158" lon="-86.9433834"/>
 <node id="5688548909" visible="true" version="1" changeset="59818967" timestamp="2018-06-13T18:15:50Z" user="EdwinChen" uid="7918221" lat="40.4023695" lon="-86.9433557"/>
 <node id="5688548910" visible="true" version="1" changeset="59818967" timestamp="2018-06-13T18:15:50Z" user="EdwinChen" uid="7918221" lat="40.4023653" lon="-86.9476083"/>
 <node id="5688548911" visible="true" version="2" changeset="125633791" timestamp="2022-09-01T02:07:52Z" user="Clarke22" uid="703694" lat="40.4169132" lon="-86.9523982"/>
 <node id="5688548912" visible="true" version="1" changeset="59818967" timestamp="2018-06-13T18:15:50Z" user="EdwinChen" uid="7918221" lat="40.4072415" lon="-86.9523860"/>
 <node id="5688548913" visible="true" version="1" changeset="59818967" timestamp="2018-06-13T18:15:50Z" user="EdwinChen" uid="7918221" lat="40.4077601" lon="-86.9523571"/>
 <node id="5688548914" visible="true" version="1" changeset="59818967" timestamp="2018-06-13T18:15:50Z" user="EdwinChen" uid="7918221" lat="40.4077250" lon="-86.9571031"/>
 <node id="5688548915" visible="true" version="1" changeset="59818967" timestamp="2018-06-13T18:15:50Z" user="EdwinChen" uid="7918221" lat="40.4100935" lon="-86.9571743"/>
 <node id="5688548916" visible="true" version="1" changeset="59818967" timestamp="2018-06-13T18:15:50Z" user="EdwinChen" uid="7918221" lat="40.4098401" lon="-86.9605110"/>
 <node id="5688548917" visible="true" version="1" changeset="59818967" timestamp="2018-06-13T18:15:50Z" user="EdwinChen" uid="7918221" lat="40.4104549" lon="-86.9604710"/>
 <node id="5688548918" visible="true" version="1" changeset="59818967" timestamp="2018-06-13T18:15:50Z" user="EdwinChen" uid="7918221" lat="40.4104177" lon="-86.9609955"/>
 <node id="5688548919" visible="true" version="1" changeset="59818967" timestamp="2018-06-13T18:15:50Z" user="EdwinChen" uid="7918221" lat="40.4107725" lon="-86.9610089"/>
 <node id="5688548920" visible="true" version="1" changeset="59818967" timestamp="2018-06-13T18:15:50Z" user="EdwinChen" uid="7918221" lat="40.4131749" lon="-86.9617106"/>
 <node id="5688554821" visible="true" version="1" changeset="59818967" timestamp="2018-06-13T18:15:50Z" user="EdwinChen" uid="7918221" lat="40.4157004" lon="-86.9617437"/>
 <node id="5688554822" visible="true" version="1" changeset="59818967" timestamp="2018-06-13T18:15:50Z" user="EdwinChen" uid="7918221" lat="40.4156869" lon="-86.9604078"/>
 <node id="5688554823" visible="true" version="1" changeset="59818967" timestamp="2018-06-13T18:15:50Z" user="EdwinChen" uid="7918221" lat="40.4162534" lon="-86.9603822"/>
 <node id="5688554824" visible="true" version="1" changeset="59818967" timestamp="2018-06-13T18:15:50Z" user="EdwinChen" uid="7918221" lat="40.4162615" lon="-86.9617522"/>
 <node id="5688554825" visible="true" version="1" changeset="59818967" timestamp="2018-06-13T18:15:50Z" user="EdwinChen" uid="7918221" lat="40.4169378" lon="-86.9617650"/>
 <node id="5688554826" visible="true" version="1" changeset="59818967" timestamp="2018-06-13T18:15:50Z" user="EdwinChen" uid="7918221" lat="40.4131985" lon="-86.9606068"/>
 <node id="5688554827" visible="true" version="1" changeset="59818967" timestamp="2018-06-13T18:15:50Z" user="EdwinChen" uid="7918221" lat="40.4117229" lon="-86.9605005"/>
 <node id="5688554828" visible="true" version="1" changeset="59818967" timestamp="2018-06-13T18:15:50Z" user="EdwinChen" uid="7918221" lat="40.4107477" lon="-86.9616721"/>
 <node id="5688554829" visible="true" version="1" changeset="59818967" timestamp="2018-06-13T18:15:50Z" user="EdwinChen" uid="7918221" lat="40.4110274" lon="-86.9604842"/>
 <node id="5688554830" visible="true" version="1" changeset="59818967" timestamp="2018-06-13T18:15:50Z" user="EdwinChen" uid="7918221" lat="40.4117077" lon="-86.9608071"/>
 <node id="5688554831" visible="true" version="3" changeset="125633791" timestamp="2022-09-01T02:07:52Z" user="Clarke22" uid="703694" lat="40.4219335" lon="-86.9524841"/>
 <node id="5688554832" visible="true" version="3" changeset="125633791" timestamp="2022-09-01T02:07:52Z" user="Clarke22" uid="703694" lat="40.4223088" lon="-86.9499704"/>
 <node id="5688554833" visible="true" version="3" changeset="125633791" timestamp="2022-09-01T02:07:52Z" user="Clarke22" uid="703694" lat="40.4223039" lon="-86.9489370"/>
 <node id="5688554834" visible="true" version="3" changeset="125633791" timestamp="2022-09-01T02:07:52Z" user="Clarke22" uid="703694" lat="40.4226684" lon="-86.9443102"/>
 <node id="5688554887" visible="true" version="3" changeset="125633791" timestamp="2022-09-01T02:07:52Z" user="Clarke22" uid="703694" lat="40.4234682" lon="-86.9423632"/>
 <node id="5688554891" visible="true" version="3" changeset="125633791" timestamp="2022-09-01T02:07:52Z" user="Clarke22" uid="703694" lat="40.4231488" lon="-86.9432638"/>
 <node id="5886015030" visible="true" version="2" changeset="122247959" timestamp="2022-06-11T12:47:13Z" user="the_edge01" uid="14100502" lat="40.4004169" lon="-86.9362864">
  <tag k="power" v="tower"/>
 </node>
 <node id="5886015031" visible="true" version="1" changeset="62327327" timestamp="2018-09-06T01:04:58Z" user="Evan Nichols (Virtual Tours)" uid="3033892" lat="40.4005369" lon="-86.9393531"/>
 <node id="5886015032" visible="true" version="1" changeset="62327327" timestamp="2018-09-06T01:04:58Z" user="Evan Nichols (Virtual Tours)" uid="3033892" lat="40.4006366" lon="-86.9418695"/>
 <node id="5886015033" visible="true" version="1" changeset="62327327" timestamp="2018-09-06T01:04:58Z" user="Evan Nichols (Virtual Tours)" uid="3033892" lat="40.4007490" lon="-86.9443445"/>
 <node id="5886015034" visible="true" version="1" changeset="62327327" timestamp="2018-09-06T01:04:58Z" user="Evan Nichols (Virtual Tours)" uid="3033892" lat="40.4044051" lon="-86.9459725"/>
 <node id="5886015035" visible="true" version="1" changeset="62327327" timestamp="2018-09-06T01:04:58Z" user="Evan Nichols (Virtual Tours)" uid="3033892" lat="40.4064406" lon="-86.9459426"/>
 <node id="5886015036" visible="true" version="1" changeset="62327327" timestamp="2018-09-06T01:04:58Z" user="Evan Nichols (Virtual Tours)" uid="3033892" lat="40.4081035" lon="-86.9459370"/>
 <node id="5886015037" visible="true" version="1" changeset="62327327" timestamp="2018-09-06T01:04:58Z" user="Evan Nichols (Virtual Tours)" uid="3033892" lat="40.4082218" lon="-86.9479307"/>
 <node id="5886015038" visible="true" version="1" changeset="62327327" timestamp="2018-09-06T01:04:58Z" user="Evan Nichols (Virtual Tours)" uid="3033892" lat="40.4088488" lon="-86.9577892"/>
 <node id="5886015039" visible="true" version="1" changeset="62327327" timestamp="2018-09-06T01:04:58Z" user="Evan Nichols (Virtual Tours)" uid="3033892" lat="40.4087181" lon="-86.9556475"/>
 <node id="5886015040" visible="true" version="1" changeset="62327327" timestamp="2018-09-06T01:04:58Z" user="Evan Nichols (Virtual Tours)" uid="3033892" lat="40.4090167" lon="-86.9600325"/>
 <node id="5886015041" visible="true" version="2" changeset="122247959" timestamp="2022-06-11T12:47:13Z" user="the_edge01" uid="14100502" lat="40.4091378" lon="-86.9618331">
  <tag k="power" v="tower"/>
 </node>
 <node id="5886015042" visible="true" version="1" changeset="62327327" timestamp="2018-09-06T01:04:58Z" user="Evan Nichols (Virtual Tours)" uid="3033892" lat="40.4108200" lon="-86.9642337"/>
 <node id="5886015043" visible="true" version="1" changeset="62327327" timestamp="2018-09-06T01:04:58Z" user="Evan Nichols (Virtual Tours)" uid="3033892" lat="40.4127480" lon="-86.9642374"/>
 <node id="5886015044" visible="true" version="1" changeset="62327327" timestamp="2018-09-06T01:04:58Z" user="Evan Nichols (Virtual Tours)" uid="3033892" lat="40.4146802" lon="-86.9642372"/>
 <node id="5886015045" visible="true" version="1" changeset="62327327" timestamp="2018-09-06T01:04:58Z" user="Evan Nichols (Virtual Tours)" uid="3033892" lat="40.4170559" lon="-86.9625141"/>
 <node id="5886015046" visible="true" version="1" changeset="62327327" timestamp="2018-09-06T01:04:58Z" user="Evan Nichols (Virtual Tours)" uid="3033892" lat="40.4173475" lon="-86.9611596"/>
 <node id="5886015047" visible="true" version="1" changeset="62327327" timestamp="2018-09-06T01:04:58Z" user="Evan Nichols (Virtual Tours)" uid="3033892" lat="40.4187283" lon="-86.9546501"/>
 <node id="5886015048" visible="true" version="1" changeset="62327327" timestamp="2018-09-06T01:04:58Z" user="Evan Nichols (Virtual Tours)" uid="3033892" lat="40.4180367" lon="-86.9578509"/>
 <node id="5886015049" visible="true" version="1" changeset="62327327" timestamp="2018-09-06T01:04:58Z" user="Evan Nichols (Virtual Tours)" uid="3033892" lat="40.4183719" lon="-86.9563812"/>
 <node id="5886015050" visible="true" version="1" changeset="62327327" timestamp="2018-09-06T01:04:58Z" user="Evan Nichols (Virtual Tours)" uid="3033892" lat="40.4176773" lon="-86.9595867"/>
 <node id="5886015051" visible="true" version="1" changeset="62327327" timestamp="2018-09-06T01:04:58Z" user="Evan Nichols (Virtual Tours)" uid="3033892" lat="40.4196624" lon="-86.9500604"/>
 <node id="5886015052" visible="true" version="1" changeset="62327327" timestamp="2018-09-06T01:04:58Z" user="Evan Nichols (Virtual Tours)" uid="3033892" lat="40.4192000" lon="-86.9522690"/>
 <node id="5886015053" visible="true" version="1" changeset="62327327" timestamp="2018-09-06T01:04:58Z" user="Evan Nichols (Virtual Tours)" uid="3033892" lat="40.4201355" lon="-86.9477569"/>
 <node id="5886027057" visible="true" version="1" changeset="62327440" timestamp="2018-09-06T01:18:34Z" user="Evan Nichols (Virtual Tours)" uid="3033892" lat="40.4221014" lon="-86.9457054"/>
 <node id="5886027058" visible="true" version="1" changeset="62327440" timestamp="2018-09-06T01:18:34Z" user="Evan Nichols (Virtual Tours)" uid="3033892" lat="40.4240180" lon="-86.9456745"/>
 <node id="5886027059" visible="true" version="1" changeset="62327440" timestamp="2018-09-06T01:18:34Z" user="Evan Nichols (Virtual Tours)" uid="3033892" lat="40.4255211" lon="-86.9456516"/>
 <node id="5886027060" visible="true" version="1" changeset="62327440" timestamp="2018-09-06T01:18:34Z" user="Evan Nichols (Virtual Tours)" uid="3033892" lat="40.4282444" lon="-86.9449416"/>
 <node id="5886027061" visible="true" version="1" changeset="62327440" timestamp="2018-09-06T01:18:34Z" user="Evan Nichols (Virtual Tours)" uid="3033892" lat="40.4293074" lon="-86.9443583"/>
 <node id="5886027062" visible="true" version="1" changeset="62327440" timestamp="2018-09-06T01:18:34Z" user="Evan Nichols (Virtual Tours)" uid="3033892" lat="40.4304041" lon="-86.9437616"/>
 <node id="5886027063" visible="true" version="1" changeset="62327440" timestamp="2018-09-06T01:18:34Z" user="Evan Nichols (Virtual Tours)" uid="3033892" lat="40.4327147" lon="-86.9432425"/>
 <node id="5886027064" visible="true" version="2" changeset="122247959" timestamp="2022-06-11T12:47:13Z" user="the_edge01" uid="14100502" lat="40.4340543" lon="-86.9432546">
  <tag k="power" v="tower"/>
 </node>
 <node id="5886033198" visible="true" version="4" changeset="122525177" timestamp="2022-06-17T21:30:08Z" user="Clarke22" uid="703694" lat="40.4245485" lon="-86.9361122"/>
 <node id="5889240933" visible="true" version="1" changeset="62357893" timestamp="2018-09-06T23:42:02Z" user="Evan Nichols (Virtual Tours)" uid="3033892" lat="40.4035120" lon="-86.9429194"/>
 <node id="5889249707" visible="true" version="1" changeset="62357930" timestamp="2018-09-06T23:45:26Z" user="Evan Nichols (Virtual Tours)" uid="3033892" lat="40.4029895" lon="-86.9430185"/>
 <node id="5889249708" visible="true" version="1" changeset="62357930" timestamp="2018-09-06T23:45:26Z" user="Evan Nichols (Virtual Tours)" uid="3033892" lat="40.4031286" lon="-86.9430101"/>
 <node id="5889249709" visible="true" version="1" changeset="62357930" timestamp="2018-09-06T23:45:26Z" user="Evan Nichols (Virtual Tours)" uid="3033892" lat="40.4032311" lon="-86.9429953"/>
 <node id="5889280327" visible="true" version="1" changeset="62358047" timestamp="2018-09-06T23:56:47Z" user="Evan Nichols (Virtual Tours)" uid="3033892" lat="40.4115593" lon="-86.9202868"/>
 <node id="5889280328" visible="true" version="1" changeset="62358047" timestamp="2018-09-06T23:56:47Z" user="Evan Nichols (Virtual Tours)" uid="3033892" lat="40.4118296" lon="-86.9203533"/>
 <node id="5889280329" visible="true" version="1" changeset="62358047" timestamp="2018-09-06T23:56:47Z" user="Evan Nichols (Virtual Tours)" uid="3033892" lat="40.4112445" lon="-86.9202367"/>
 <node id="5889280330" visible="true" version="1" changeset="62358047" timestamp="2018-09-06T23:56:47Z" user="Evan Nichols (Virtual Tours)" uid="3033892" lat="40.4107611" lon="-86.9202711"/>
 <node id="5889280331" visible="true" version="1" changeset="62358047" timestamp="2018-09-06T23:56:47Z" user="Evan Nichols (Virtual Tours)" uid="3033892" lat="40.4108819" lon="-86.9202405"/>
 <node id="5889280332" visible="true" version="1" changeset="62358047" timestamp="2018-09-06T23:56:47Z" user="Evan Nichols (Virtual Tours)" uid="3033892" lat="40.4109867" lon="-86.9202298"/>
 <node id="5889280333" visible="true" version="1" changeset="62358047" timestamp="2018-09-06T23:56:47Z" user="Evan Nichols (Virtual Tours)" uid="3033892" lat="40.4106511" lon="-86.9203180"/>
 <node id="5889280334" visible="true" version="1" changeset="62358047" timestamp="2018-09-06T23:56:47Z" user="Evan Nichols (Virtual Tours)" uid="3033892" lat="40.4105125" lon="-86.9203812"/>
 <node id="5889280335" visible="true" version="1" changeset="62358047" timestamp="2018-09-06T23:56:47Z" user="Evan Nichols (Virtual Tours)" uid="3033892" lat="40.4098462" lon="-86.9207126"/>
 <node id="5889280336" visible="true" version="1" changeset="62358047" timestamp="2018-09-06T23:56:47Z" user="Evan Nichols (Virtual Tours)" uid="3033892" lat="40.4094604" lon="-86.9210084"/>
 <node id="5889280337" visible="true" version="1" changeset="62358047" timestamp="2018-09-06T23:56:47Z" user="Evan Nichols (Virtual Tours)" uid="3033892" lat="40.4096242" lon="-86.9208591"/>
 <node id="5889280338" visible="true" version="1" changeset="62358047" timestamp="2018-09-06T23:56:47Z" user="Evan Nichols (Virtual Tours)" uid="3033892" lat="40.4095370" lon="-86.9209338"/>
 <node id="5889280339" visible="true" version="1" changeset="62358047" timestamp="2018-09-06T23:56:47Z" user="Evan Nichols (Virtual Tours)" uid="3033892" lat="40.4093607" lon="-86.9211343"/>
 <node id="5889280340" visible="true" version="1" changeset="62358047" timestamp="2018-09-06T23:56:47Z" user="Evan Nichols (Virtual Tours)" uid="3033892" lat="40.4093001" lon="-86.9212230"/>
 <node id="5889280341" visible="true" version="1" changeset="62358047" timestamp="2018-09-06T23:56:47Z" user="Evan Nichols (Virtual Tours)" uid="3033892" lat="40.4092610" lon="-86.9212883"/>
 <node id="5889280342" visible="true" version="1" changeset="62358047" timestamp="2018-09-06T23:56:47Z" user="Evan Nichols (Virtual Tours)" uid="3033892" lat="40.4090874" lon="-86.9218047"/>
 <node id="5889280343" visible="true" version="1" changeset="62358047" timestamp="2018-09-06T23:56:47Z" user="Evan Nichols (Virtual Tours)" uid="3033892" lat="40.4091564" lon="-86.9215441"/>
 <node id="5889280344" visible="true" version="1" changeset="62358047" timestamp="2018-09-06T23:56:47Z" user="Evan Nichols (Virtual Tours)" uid="3033892" lat="40.4091219" lon="-86.9216627"/>
 <node id="5889280345" visible="true" version="1" changeset="62358047" timestamp="2018-09-06T23:56:47Z" user="Evan Nichols (Virtual Tours)" uid="3033892" lat="40.4091979" lon="-86.9233604"/>
 <node id="5889280346" visible="true" version="1" changeset="62358047" timestamp="2018-09-06T23:56:47Z" user="Evan Nichols (Virtual Tours)" uid="3033892" lat="40.4090659" lon="-86.9226315"/>
 <node id="5889280347" visible="true" version="1" changeset="62358047" timestamp="2018-09-06T23:56:47Z" user="Evan Nichols (Virtual Tours)" uid="3033892" lat="40.4090468" lon="-86.9223012"/>
 <node id="5889280348" visible="true" version="1" changeset="62358047" timestamp="2018-09-06T23:56:47Z" user="Evan Nichols (Virtual Tours)" uid="3033892" lat="40.4090546" lon="-86.9224780"/>
 <node id="5889280349" visible="true" version="1" changeset="62358047" timestamp="2018-09-06T23:56:47Z" user="Evan Nichols (Virtual Tours)" uid="3033892" lat="40.4090497" lon="-86.9221244"/>
 <node id="5889280350" visible="true" version="1" changeset="62358047" timestamp="2018-09-06T23:56:47Z" user="Evan Nichols (Virtual Tours)" uid="3033892" lat="40.4094058" lon="-86.9242029"/>
 <node id="5889280351" visible="true" version="1" changeset="62358047" timestamp="2018-09-06T23:56:47Z" user="Evan Nichols (Virtual Tours)" uid="3033892" lat="40.4094735" lon="-86.9251113"/>
 <node id="5889280352" visible="true" version="1" changeset="62358047" timestamp="2018-09-06T23:56:47Z" user="Evan Nichols (Virtual Tours)" uid="3033892" lat="40.4094852" lon="-86.9247464"/>
 <node id="5889280353" visible="true" version="1" changeset="62358047" timestamp="2018-09-06T23:56:47Z" user="Evan Nichols (Virtual Tours)" uid="3033892" lat="40.4094697" lon="-86.9245441"/>
 <node id="5889280354" visible="true" version="1" changeset="62358047" timestamp="2018-09-06T23:56:47Z" user="Evan Nichols (Virtual Tours)" uid="3033892" lat="40.4094792" lon="-86.9246336"/>
 <node id="5889280355" visible="true" version="1" changeset="62358047" timestamp="2018-09-06T23:56:47Z" user="Evan Nichols (Virtual Tours)" uid="3033892" lat="40.4090126" lon="-86.9263133"/>
 <node id="5889280356" visible="true" version="1" changeset="62358047" timestamp="2018-09-06T23:56:47Z" user="Evan Nichols (Virtual Tours)" uid="3033892" lat="40.4092029" lon="-86.9259302"/>
 <node id="5889280357" visible="true" version="1" changeset="62358047" timestamp="2018-09-06T23:56:47Z" user="Evan Nichols (Virtual Tours)" uid="3033892" lat="40.4089826" lon="-86.9258389"/>
 <node id="5889280358" visible="true" version="1" changeset="62358047" timestamp="2018-09-06T23:56:47Z" user="Evan Nichols (Virtual Tours)" uid="3033892" lat="40.4094811" lon="-86.9249522"/>
 <node id="5889280359" visible="true" version="1" changeset="62358047" timestamp="2018-09-06T23:56:47Z" user="Evan Nichols (Virtual Tours)" uid="3033892" lat="40.4093702" lon="-86.9255685"/>
 <node id="5889280360" visible="true" version="1" changeset="62358047" timestamp="2018-09-06T23:56:47Z" user="Evan Nichols (Virtual Tours)" uid="3033892" lat="40.4094450" lon="-86.9252886"/>
 <node id="5889280361" visible="true" version="1" changeset="62358047" timestamp="2018-09-06T23:56:47Z" user="Evan Nichols (Virtual Tours)" uid="3033892" lat="40.4094023" lon="-86.9254776"/>
 <node id="5889280362" visible="true" version="1" changeset="62358047" timestamp="2018-09-06T23:56:47Z" user="Evan Nichols (Virtual Tours)" uid="3033892" lat="40.4094236" lon="-86.9253947"/>
 <node id="5889280363" visible="true" version="1" changeset="62358047" timestamp="2018-09-06T23:56:47Z" user="Evan Nichols (Virtual Tours)" uid="3033892" lat="40.4079649" lon="-86.9269707"/>
 <node id="5889280364" visible="true" version="1" changeset="62358047" timestamp="2018-09-06T23:56:47Z" user="Evan Nichols (Virtual Tours)" uid="3033892" lat="40.4081689" lon="-86.9266255"/>
 <node id="5889280365" visible="true" version="1" changeset="62358047" timestamp="2018-09-06T23:56:47Z" user="Evan Nichols (Virtual Tours)" uid="3033892" lat="40.4084095" lon="-86.9262848"/>
 <node id="5889280366" visible="true" version="1" changeset="62358047" timestamp="2018-09-06T23:56:47Z" user="Evan Nichols (Virtual Tours)" uid="3033892" lat="40.4083248" lon="-86.9263944"/>
 <node id="5889280367" visible="true" version="1" changeset="62358047" timestamp="2018-09-06T23:56:47Z" user="Evan Nichols (Virtual Tours)" uid="3033892" lat="40.4082468" lon="-86.9265100"/>
 <node id="5889280368" visible="true" version="1" changeset="62358047" timestamp="2018-09-06T23:56:47Z" user="Evan Nichols (Virtual Tours)" uid="3033892" lat="40.4087613" lon="-86.9259639"/>
 <node id="5889280369" visible="true" version="1" changeset="62358047" timestamp="2018-09-06T23:56:47Z" user="Evan Nichols (Virtual Tours)" uid="3033892" lat="40.4089022" lon="-86.9258827"/>
 <node id="5889280370" visible="true" version="1" changeset="62358047" timestamp="2018-09-06T23:56:47Z" user="Evan Nichols (Virtual Tours)" uid="3033892" lat="40.4088264" lon="-86.9259233"/>
 <node id="5889280371" visible="true" version="1" changeset="62358047" timestamp="2018-09-06T23:56:47Z" user="Evan Nichols (Virtual Tours)" uid="3033892" lat="40.4085681" lon="-86.9261202"/>
 <node id="5889280372" visible="true" version="1" changeset="62358047" timestamp="2018-09-06T23:56:47Z" user="Evan Nichols (Virtual Tours)" uid="3033892" lat="40.4084888" lon="-86.9261955"/>
 <node id="5889280373" visible="true" version="1" changeset="62358047" timestamp="2018-09-06T23:56:47Z" user="Evan Nichols (Virtual Tours)" uid="3033892" lat="40.4076561" lon="-86.9275214"/>
 <node id="5889280374" visible="true" version="1" changeset="62358047" timestamp="2018-09-06T23:56:47Z" user="Evan Nichols (Virtual Tours)" uid="3033892" lat="40.4074697" lon="-86.9278761"/>
 <node id="5889280375" visible="true" version="1" changeset="62358047" timestamp="2018-09-06T23:56:47Z" user="Evan Nichols (Virtual Tours)" uid="3033892" lat="40.4073693" lon="-86.9280721"/>
 <node id="5889280376" visible="true" version="1" changeset="62358047" timestamp="2018-09-06T23:56:47Z" user="Evan Nichols (Virtual Tours)" uid="3033892" lat="40.4069924" lon="-86.9287790"/>
 <node id="5889280377" visible="true" version="1" changeset="62358047" timestamp="2018-09-06T23:56:47Z" user="Evan Nichols (Virtual Tours)" uid="3033892" lat="40.4071396" lon="-86.9285096"/>
 <node id="5889280378" visible="true" version="1" changeset="62358047" timestamp="2018-09-06T23:56:47Z" user="Evan Nichols (Virtual Tours)" uid="3033892" lat="40.4067977" lon="-86.9291707"/>
 <node id="5889280379" visible="true" version="1" changeset="62358047" timestamp="2018-09-06T23:56:47Z" user="Evan Nichols (Virtual Tours)" uid="3033892" lat="40.4065656" lon="-86.9294515"/>
 <node id="5889280380" visible="true" version="1" changeset="62358047" timestamp="2018-09-06T23:56:47Z" user="Evan Nichols (Virtual Tours)" uid="3033892" lat="40.4066736" lon="-86.9293465"/>
 <node id="5889280381" visible="true" version="1" changeset="62358047" timestamp="2018-09-06T23:56:47Z" user="Evan Nichols (Virtual Tours)" uid="3033892" lat="40.4067356" lon="-86.9292728"/>
 <node id="5889280382" visible="true" version="1" changeset="62358047" timestamp="2018-09-06T23:56:47Z" user="Evan Nichols (Virtual Tours)" uid="3033892" lat="40.4063472" lon="-86.9296308"/>
 <node id="5889280383" visible="true" version="1" changeset="62358047" timestamp="2018-09-06T23:56:48Z" user="Evan Nichols (Virtual Tours)" uid="3033892" lat="40.4064537" lon="-86.9295483"/>
 <node id="5889280588" visible="true" version="1" changeset="62358047" timestamp="2018-09-06T23:56:48Z" user="Evan Nichols (Virtual Tours)" uid="3033892" lat="40.4032286" lon="-86.9313603"/>
 <node id="5889280591" visible="true" version="1" changeset="62358047" timestamp="2018-09-06T23:56:48Z" user="Evan Nichols (Virtual Tours)" uid="3033892" lat="40.4038876" lon="-86.9307997"/>
 <node id="5889280592" visible="true" version="1" changeset="62358047" timestamp="2018-09-06T23:56:48Z" user="Evan Nichols (Virtual Tours)" uid="3033892" lat="40.4039834" lon="-86.9307973"/>
 <node id="5889280593" visible="true" version="1" changeset="62358047" timestamp="2018-09-06T23:56:48Z" user="Evan Nichols (Virtual Tours)" uid="3033892" lat="40.4037421" lon="-86.9308138"/>
 <node id="5889280594" visible="true" version="1" changeset="62358047" timestamp="2018-09-06T23:56:48Z" user="Evan Nichols (Virtual Tours)" uid="3033892" lat="40.4036426" lon="-86.9308512"/>
 <node id="5889280595" visible="true" version="1" changeset="62358047" timestamp="2018-09-06T23:56:48Z" user="Evan Nichols (Virtual Tours)" uid="3033892" lat="40.4037012" lon="-86.9308278"/>
 <node id="5889280596" visible="true" version="1" changeset="62358047" timestamp="2018-09-06T23:56:48Z" user="Evan Nichols (Virtual Tours)" uid="3033892" lat="40.4035537" lon="-86.9309026"/>
 <node id="5889280597" visible="true" version="1" changeset="62358047" timestamp="2018-09-06T23:56:48Z" user="Evan Nichols (Virtual Tours)" uid="3033892" lat="40.4034898" lon="-86.9309563"/>
 <node id="5889280598" visible="true" version="1" changeset="62358047" timestamp="2018-09-06T23:56:48Z" user="Evan Nichols (Virtual Tours)" uid="3033892" lat="40.4034329" lon="-86.9310088"/>
 <node id="5889280599" visible="true" version="1" changeset="62358047" timestamp="2018-09-06T23:56:48Z" user="Evan Nichols (Virtual Tours)" uid="3033892" lat="40.4033389" lon="-86.9311119"/>
 <node id="5889280600" visible="true" version="1" changeset="62358047" timestamp="2018-09-06T23:56:48Z" user="Evan Nichols (Virtual Tours)" uid="3033892" lat="40.4044389" lon="-86.9307018"/>
 <node id="5889302058" visible="true" version="1" changeset="62358158" timestamp="2018-09-07T00:06:52Z" user="Evan Nichols (Virtual Tours)" uid="3033892" lat="40.4071681" lon="-86.9419685"/>
 <node id="5889302059" visible="true" version="1" changeset="62358158" timestamp="2018-09-07T00:06:52Z" user="Evan Nichols (Virtual Tours)" uid="3033892" lat="40.4073146" lon="-86.9419845"/>
 <node id="5889302060" visible="true" version="1" changeset="62358158" timestamp="2018-09-07T00:06:52Z" user="Evan Nichols (Virtual Tours)" uid="3033892" lat="40.4074109" lon="-86.9420019"/>
 <node id="5889302061" visible="true" version="1" changeset="62358158" timestamp="2018-09-07T00:06:52Z" user="Evan Nichols (Virtual Tours)" uid="3033892" lat="40.4069842" lon="-86.9419735"/>
 <node id="5889302062" visible="true" version="1" changeset="62358158" timestamp="2018-09-07T00:06:52Z" user="Evan Nichols (Virtual Tours)" uid="3033892" lat="40.4065541" lon="-86.9420420"/>
 <node id="5889302063" visible="true" version="1" changeset="62358158" timestamp="2018-09-07T00:06:52Z" user="Evan Nichols (Virtual Tours)" uid="3033892" lat="40.4067421" lon="-86.9420032"/>
 <node id="5889302064" visible="true" version="1" changeset="62358158" timestamp="2018-09-07T00:06:52Z" user="Evan Nichols (Virtual Tours)" uid="3033892" lat="40.4047988" lon="-86.9423710"/>
 <node id="5889302065" visible="true" version="1" changeset="62358158" timestamp="2018-09-07T00:06:52Z" user="Evan Nichols (Virtual Tours)" uid="3033892" lat="40.4045900" lon="-86.9424146"/>
 <node id="5889302066" visible="true" version="1" changeset="62358158" timestamp="2018-09-07T00:06:52Z" user="Evan Nichols (Virtual Tours)" uid="3033892" lat="40.4039573" lon="-86.9426622"/>
 <node id="5889302067" visible="true" version="1" changeset="62358158" timestamp="2018-09-07T00:06:52Z" user="Evan Nichols (Virtual Tours)" uid="3033892" lat="40.4042097" lon="-86.9425337"/>
 <node id="5889302068" visible="true" version="1" changeset="62358158" timestamp="2018-09-07T00:06:52Z" user="Evan Nichols (Virtual Tours)" uid="3033892" lat="40.4041037" lon="-86.9425820"/>
 <node id="5889302069" visible="true" version="1" changeset="62358158" timestamp="2018-09-07T00:06:52Z" user="Evan Nichols (Virtual Tours)" uid="3033892" lat="40.4040332" lon="-86.9426204"/>
 <node id="5889302070" visible="true" version="1" changeset="62358158" timestamp="2018-09-07T00:06:52Z" user="Evan Nichols (Virtual Tours)" uid="3033892" lat="40.4043722" lon="-86.9424738"/>
 <node id="5889302071" visible="true" version="1" changeset="62358158" timestamp="2018-09-07T00:06:52Z" user="Evan Nichols (Virtual Tours)" uid="3033892" lat="40.4042882" lon="-86.9425037"/>
 <node id="5889302072" visible="true" version="1" changeset="62358158" timestamp="2018-09-07T00:06:52Z" user="Evan Nichols (Virtual Tours)" uid="3033892" lat="40.4080506" lon="-86.9373616"/>
 <node id="5889302073" visible="true" version="1" changeset="62358158" timestamp="2018-09-07T00:06:52Z" user="Evan Nichols (Virtual Tours)" uid="3033892" lat="40.4081228" lon="-86.9328248"/>
 <node id="5889302074" visible="true" version="1" changeset="62358158" timestamp="2018-09-07T00:06:52Z" user="Evan Nichols (Virtual Tours)" uid="3033892" lat="40.4080946" lon="-86.9345255"/>
 <node id="5889302075" visible="true" version="1" changeset="62358158" timestamp="2018-09-07T00:06:52Z" user="Evan Nichols (Virtual Tours)" uid="3033892" lat="40.4081146" lon="-86.9362784"/>
 <node id="5889302076" visible="true" version="1" changeset="62358158" timestamp="2018-09-07T00:06:52Z" user="Evan Nichols (Virtual Tours)" uid="3033892" lat="40.4081238" lon="-86.9366255"/>
 <node id="5889302077" visible="true" version="1" changeset="62358158" timestamp="2018-09-07T00:06:52Z" user="Evan Nichols (Virtual Tours)" uid="3033892" lat="40.4081266" lon="-86.9368761"/>
 <node id="5889302078" visible="true" version="1" changeset="62358158" timestamp="2018-09-07T00:06:52Z" user="Evan Nichols (Virtual Tours)" uid="3033892" lat="40.4081067" lon="-86.9371228"/>
 <node id="5889302079" visible="true" version="1" changeset="62358158" timestamp="2018-09-07T00:06:52Z" user="Evan Nichols (Virtual Tours)" uid="3033892" lat="40.4081202" lon="-86.9369901"/>
 <node id="5889302080" visible="true" version="1" changeset="62358158" timestamp="2018-09-07T00:06:52Z" user="Evan Nichols (Virtual Tours)" uid="3033892" lat="40.4075045" lon="-86.9382490"/>
 <node id="5889302081" visible="true" version="1" changeset="62358158" timestamp="2018-09-07T00:06:52Z" user="Evan Nichols (Virtual Tours)" uid="3033892" lat="40.4077370" lon="-86.9379370"/>
 <node id="5889302082" visible="true" version="1" changeset="62358158" timestamp="2018-09-07T00:06:52Z" user="Evan Nichols (Virtual Tours)" uid="3033892" lat="40.4078511" lon="-86.9377676"/>
 <node id="5889302083" visible="true" version="1" changeset="62358158" timestamp="2018-09-07T00:06:52Z" user="Evan Nichols (Virtual Tours)" uid="3033892" lat="40.4072226" lon="-86.9386381"/>
 <node id="5889302084" visible="true" version="1" changeset="62358158" timestamp="2018-09-07T00:06:52Z" user="Evan Nichols (Virtual Tours)" uid="3033892" lat="40.4070448" lon="-86.9389131"/>
 <node id="5889307685" visible="true" version="1" changeset="62358158" timestamp="2018-09-07T00:06:52Z" user="Evan Nichols (Virtual Tours)" uid="3033892" lat="40.4068722" lon="-86.9392088"/>
 <node id="5889307686" visible="true" version="1" changeset="62358158" timestamp="2018-09-07T00:06:52Z" user="Evan Nichols (Virtual Tours)" uid="3033892" lat="40.4069605" lon="-86.9390502"/>
 <node id="5889307687" visible="true" version="1" changeset="62358158" timestamp="2018-09-07T00:06:52Z" user="Evan Nichols (Virtual Tours)" uid="3033892" lat="40.4067580" lon="-86.9396837"/>
 <node id="5889307688" visible="true" version="1" changeset="62358158" timestamp="2018-09-07T00:06:52Z" user="Evan Nichols (Virtual Tours)" uid="3033892" lat="40.4067688" lon="-86.9397948"/>
 <node id="5889307689" visible="true" version="1" changeset="62358158" timestamp="2018-09-07T00:06:52Z" user="Evan Nichols (Virtual Tours)" uid="3033892" lat="40.4069223" lon="-86.9401024"/>
 <node id="5889307690" visible="true" version="1" changeset="62358158" timestamp="2018-09-07T00:06:52Z" user="Evan Nichols (Virtual Tours)" uid="3033892" lat="40.4067904" lon="-86.9398789"/>
 <node id="5889307691" visible="true" version="1" changeset="62358158" timestamp="2018-09-07T00:06:52Z" user="Evan Nichols (Virtual Tours)" uid="3033892" lat="40.4068196" lon="-86.9399424"/>
 <node id="5889307692" visible="true" version="1" changeset="62358158" timestamp="2018-09-07T00:06:52Z" user="Evan Nichols (Virtual Tours)" uid="3033892" lat="40.4068648" lon="-86.9400224"/>
 <node id="5889307693" visible="true" version="1" changeset="62358158" timestamp="2018-09-07T00:06:52Z" user="Evan Nichols (Virtual Tours)" uid="3033892" lat="40.4067553" lon="-86.9395754"/>
 <node id="5889307694" visible="true" version="1" changeset="62358158" timestamp="2018-09-07T00:06:52Z" user="Evan Nichols (Virtual Tours)" uid="3033892" lat="40.4067836" lon="-86.9394273"/>
 <node id="5889307695" visible="true" version="1" changeset="62358158" timestamp="2018-09-07T00:06:52Z" user="Evan Nichols (Virtual Tours)" uid="3033892" lat="40.4067654" lon="-86.9395013"/>
 <node id="5889307696" visible="true" version="1" changeset="62358158" timestamp="2018-09-07T00:06:52Z" user="Evan Nichols (Virtual Tours)" uid="3033892" lat="40.4074700" lon="-86.9407140"/>
 <node id="5889307697" visible="true" version="1" changeset="62358158" timestamp="2018-09-07T00:06:52Z" user="Evan Nichols (Virtual Tours)" uid="3033892" lat="40.4076875" lon="-86.9409679"/>
 <node id="5889307698" visible="true" version="1" changeset="62358158" timestamp="2018-09-07T00:06:52Z" user="Evan Nichols (Virtual Tours)" uid="3033892" lat="40.4077881" lon="-86.9411029"/>
 <node id="5889307699" visible="true" version="1" changeset="62358158" timestamp="2018-09-07T00:06:52Z" user="Evan Nichols (Virtual Tours)" uid="3033892" lat="40.4080260" lon="-86.9415652"/>
 <node id="5889307700" visible="true" version="1" changeset="62358158" timestamp="2018-09-07T00:06:52Z" user="Evan Nichols (Virtual Tours)" uid="3033892" lat="40.4081145" lon="-86.9419637"/>
 <node id="5889307701" visible="true" version="1" changeset="62358158" timestamp="2018-09-07T00:06:52Z" user="Evan Nichols (Virtual Tours)" uid="3033892" lat="40.4079410" lon="-86.9413425"/>
 <node id="5889307702" visible="true" version="1" changeset="62358158" timestamp="2018-09-07T00:06:52Z" user="Evan Nichols (Virtual Tours)" uid="3033892" lat="40.4079815" lon="-86.9414324"/>
 <node id="5889476297" visible="true" version="2" changeset="112758258" timestamp="2021-10-20T18:45:51Z" user="riiga" uid="83501" lat="40.4131860" lon="-86.9198497"/>
 <node id="5889476298" visible="true" version="1" changeset="62359142" timestamp="2018-09-07T01:48:47Z" user="Evan Nichols (Virtual Tours)" uid="3033892" lat="40.4135154" lon="-86.9200505"/>
 <node id="5889476299" visible="true" version="1" changeset="62359142" timestamp="2018-09-07T01:48:47Z" user="Evan Nichols (Virtual Tours)" uid="3033892" lat="40.4137005" lon="-86.9201846"/>
 <node id="5889476300" visible="true" version="1" changeset="62359142" timestamp="2018-09-07T01:48:47Z" user="Evan Nichols (Virtual Tours)" uid="3033892" lat="40.4138179" lon="-86.9202703"/>
 <node id="5889476301" visible="true" version="2" changeset="112758258" timestamp="2021-10-20T18:45:51Z" user="riiga" uid="83501" lat="40.4144896" lon="-86.9208770"/>
 <node id="5889476302" visible="true" version="2" changeset="112758258" timestamp="2021-10-20T18:45:51Z" user="riiga" uid="83501" lat="40.4141465" lon="-86.9205464"/>
 <node id="5889476303" visible="true" version="2" changeset="112758258" timestamp="2021-10-20T18:45:51Z" user="riiga" uid="83501" lat="40.4149807" lon="-86.9213866"/>
 <node id="5889476304" visible="true" version="2" changeset="112758258" timestamp="2021-10-20T18:45:51Z" user="riiga" uid="83501" lat="40.4147928" lon="-86.9211942"/>
 <node id="5889476305" visible="true" version="2" changeset="112758258" timestamp="2021-10-20T18:45:51Z" user="riiga" uid="83501" lat="40.4153697" lon="-86.9217923"/>
 <node id="5889476306" visible="true" version="2" changeset="112671985" timestamp="2021-10-18T22:03:23Z" user="riiga" uid="83501" lat="40.4155679" lon="-86.9219981"/>
 <node id="5889476307" visible="true" version="2" changeset="112671985" timestamp="2021-10-18T22:03:23Z" user="riiga" uid="83501" lat="40.4165582" lon="-86.9232867"/>
 <node id="5889476308" visible="true" version="2" changeset="112671985" timestamp="2021-10-18T22:03:23Z" user="riiga" uid="83501" lat="40.4163551" lon="-86.9229700"/>
 <node id="5889476309" visible="true" version="2" changeset="112671985" timestamp="2021-10-18T22:03:23Z" user="riiga" uid="83501" lat="40.4162852" lon="-86.9230852"/>
 <node id="5889476310" visible="true" version="1" changeset="62359142" timestamp="2018-09-07T01:48:47Z" user="Evan Nichols (Virtual Tours)" uid="3033892" lat="40.4157843" lon="-86.9224333"/>
 <node id="5889476311" visible="true" version="1" changeset="62359142" timestamp="2018-09-07T01:48:47Z" user="Evan Nichols (Virtual Tours)" uid="3033892" lat="40.4159340" lon="-86.9226099"/>
 <node id="5889476312" visible="true" version="1" changeset="62359142" timestamp="2018-09-07T01:48:47Z" user="Evan Nichols (Virtual Tours)" uid="3033892" lat="40.4151272" lon="-86.9217291"/>
 <node id="5889476313" visible="true" version="1" changeset="62359142" timestamp="2018-09-07T01:48:47Z" user="Evan Nichols (Virtual Tours)" uid="3033892" lat="40.4153149" lon="-86.9219233"/>
 <node id="5889476314" visible="true" version="1" changeset="62359142" timestamp="2018-09-07T01:48:47Z" user="Evan Nichols (Virtual Tours)" uid="3033892" lat="40.4149244" lon="-86.9215116"/>
 <node id="5889476321" visible="true" version="1" changeset="62359142" timestamp="2018-09-07T01:48:47Z" user="Evan Nichols (Virtual Tours)" uid="3033892" lat="40.4127424" lon="-86.9202301"/>
 <node id="5889476322" visible="true" version="1" changeset="62359142" timestamp="2018-09-07T01:48:47Z" user="Evan Nichols (Virtual Tours)" uid="3033892" lat="40.4127003" lon="-86.9208355"/>
 <node id="5889476323" visible="true" version="1" changeset="62359142" timestamp="2018-09-07T01:48:47Z" user="Evan Nichols (Virtual Tours)" uid="3033892" lat="40.4130874" lon="-86.9218070"/>
 <node id="5889476324" visible="true" version="1" changeset="62359142" timestamp="2018-09-07T01:48:47Z" user="Evan Nichols (Virtual Tours)" uid="3033892" lat="40.4129729" lon="-86.9214078"/>
 <node id="5889476325" visible="true" version="1" changeset="62359142" timestamp="2018-09-07T01:48:47Z" user="Evan Nichols (Virtual Tours)" uid="3033892" lat="40.4128534" lon="-86.9210949"/>
 <node id="5889476326" visible="true" version="1" changeset="62359142" timestamp="2018-09-07T01:48:47Z" user="Evan Nichols (Virtual Tours)" uid="3033892" lat="40.4129131" lon="-86.9212326"/>
 <node id="5889476867" visible="true" version="1" changeset="62359168" timestamp="2018-09-07T01:52:43Z" user="Evan Nichols (Virtual Tours)" uid="3033892" lat="40.4167521" lon="-86.9277881"/>
 <node id="5889476868" visible="true" version="1" changeset="62359168" timestamp="2018-09-07T01:52:43Z" user="Evan Nichols (Virtual Tours)" uid="3033892" lat="40.4167205" lon="-86.9269567"/>
 <node id="5889476869" visible="true" version="1" changeset="62359168" timestamp="2018-09-07T01:52:43Z" user="Evan Nichols (Virtual Tours)" uid="3033892" lat="40.4166137" lon="-86.9258520"/>
 <node id="5889476870" visible="true" version="1" changeset="62359168" timestamp="2018-09-07T01:52:43Z" user="Evan Nichols (Virtual Tours)" uid="3033892" lat="40.4166923" lon="-86.9263783"/>
 <node id="5889476871" visible="true" version="1" changeset="62359168" timestamp="2018-09-07T01:52:43Z" user="Evan Nichols (Virtual Tours)" uid="3033892" lat="40.4167064" lon="-86.9266553"/>
 <node id="5889476872" visible="true" version="1" changeset="62359168" timestamp="2018-09-07T01:52:43Z" user="Evan Nichols (Virtual Tours)" uid="3033892" lat="40.4166774" lon="-86.9262497"/>
 <node id="5889476873" visible="true" version="1" changeset="62359168" timestamp="2018-09-07T01:52:43Z" user="Evan Nichols (Virtual Tours)" uid="3033892" lat="40.4159447" lon="-86.9260954"/>
 <node id="5889476874" visible="true" version="1" changeset="62359168" timestamp="2018-09-07T01:52:43Z" user="Evan Nichols (Virtual Tours)" uid="3033892" lat="40.4160438" lon="-86.9261419"/>
 <node id="5889476875" visible="true" version="1" changeset="62359168" timestamp="2018-09-07T01:52:43Z" user="Evan Nichols (Virtual Tours)" uid="3033892" lat="40.4159757" lon="-86.9261186"/>
 <node id="5889476876" visible="true" version="1" changeset="62359168" timestamp="2018-09-07T01:52:43Z" user="Evan Nichols (Virtual Tours)" uid="3033892" lat="40.4160098" lon="-86.9261343"/>
 <node id="5889476877" visible="true" version="1" changeset="62359168" timestamp="2018-09-07T01:52:43Z" user="Evan Nichols (Virtual Tours)" uid="3033892" lat="40.4165993" lon="-86.9257053"/>
 <node id="5889476878" visible="true" version="1" changeset="62359168" timestamp="2018-09-07T01:52:43Z" user="Evan Nichols (Virtual Tours)" uid="3033892" lat="40.4165920" lon="-86.9256116"/>
 <node id="5889476879" visible="true" version="1" changeset="62359168" timestamp="2018-09-07T01:52:43Z" user="Evan Nichols (Virtual Tours)" uid="3033892" lat="40.4165745" lon="-86.9253190"/>
 <node id="5889476880" visible="true" version="1" changeset="62359168" timestamp="2018-09-07T01:52:43Z" user="Evan Nichols (Virtual Tours)" uid="3033892" lat="40.4165290" lon="-86.9251037"/>
 <node id="5889476881" visible="true" version="1" changeset="62359168" timestamp="2018-09-07T01:52:43Z" user="Evan Nichols (Virtual Tours)" uid="3033892" lat="40.4165518" lon="-86.9251788"/>
 <node id="5889476882" visible="true" version="1" changeset="62359168" timestamp="2018-09-07T01:52:43Z" user="Evan Nichols (Virtual Tours)" uid="3033892" lat="40.4165631" lon="-86.9252347"/>
 <node id="5889476883" visible="true" version="1" changeset="62359168" timestamp="2018-09-07T01:52:43Z" user="Evan Nichols (Virtual Tours)" uid="3033892" lat="40.4157218" lon="-86.9236367"/>
 <node id="5889476884" visible="true" version="1" changeset="62359168" timestamp="2018-09-07T01:52:43Z" user="Evan Nichols (Virtual Tours)" uid="3033892" lat="40.4155111" lon="-86.9234114"/>
 <node id="5889476985" visible="true" version="1" changeset="62359168" timestamp="2018-09-07T01:52:43Z" user="Evan Nichols (Virtual Tours)" uid="3033892" lat="40.4155617" lon="-86.9234471"/>
 <node id="5889476986" visible="true" version="1" changeset="62359168" timestamp="2018-09-07T01:52:43Z" user="Evan Nichols (Virtual Tours)" uid="3033892" lat="40.4156070" lon="-86.9234853"/>
 <node id="5889476987" visible="true" version="1" changeset="62359168" timestamp="2018-09-07T01:52:43Z" user="Evan Nichols (Virtual Tours)" uid="3033892" lat="40.4148594" lon="-86.9233668"/>
 <node id="5889476988" visible="true" version="1" changeset="62359168" timestamp="2018-09-07T01:52:43Z" user="Evan Nichols (Virtual Tours)" uid="3033892" lat="40.4140436" lon="-86.9233162"/>
 <node id="5889476989" visible="true" version="1" changeset="62359168" timestamp="2018-09-07T01:52:43Z" user="Evan Nichols (Virtual Tours)" uid="3033892" lat="40.4139245" lon="-86.9232941"/>
 <node id="5889476990" visible="true" version="1" changeset="62359168" timestamp="2018-09-07T01:52:43Z" user="Evan Nichols (Virtual Tours)" uid="3033892" lat="40.4138185" lon="-86.9232708"/>
 <node id="5889476991" visible="true" version="1" changeset="62359168" timestamp="2018-09-07T01:52:43Z" user="Evan Nichols (Virtual Tours)" uid="3033892" lat="40.4130108" lon="-86.9230828"/>
 <node id="5889476992" visible="true" version="1" changeset="62359168" timestamp="2018-09-07T01:52:43Z" user="Evan Nichols (Virtual Tours)" uid="3033892" lat="40.4131945" lon="-86.9231367"/>
 <node id="5889476993" visible="true" version="1" changeset="62359168" timestamp="2018-09-07T01:52:43Z" user="Evan Nichols (Virtual Tours)" uid="3033892" lat="40.4133065" lon="-86.9231617"/>
 <node id="5889476994" visible="true" version="1" changeset="62359168" timestamp="2018-09-07T01:52:43Z" user="Evan Nichols (Virtual Tours)" uid="3033892" lat="40.4133780" lon="-86.9231680"/>
 <node id="5889476995" visible="true" version="1" changeset="62359168" timestamp="2018-09-07T01:52:43Z" user="Evan Nichols (Virtual Tours)" uid="3033892" lat="40.4134555" lon="-86.9231631"/>
 <node id="5889476996" visible="true" version="1" changeset="62359168" timestamp="2018-09-07T01:52:43Z" user="Evan Nichols (Virtual Tours)" uid="3033892" lat="40.4131913" lon="-86.9222393"/>
 <node id="5889476997" visible="true" version="1" changeset="62359168" timestamp="2018-09-07T01:52:43Z" user="Evan Nichols (Virtual Tours)" uid="3033892" lat="40.4133174" lon="-86.9227227"/>
 <node id="5889476998" visible="true" version="1" changeset="62359168" timestamp="2018-09-07T01:52:43Z" user="Evan Nichols (Virtual Tours)" uid="3033892" lat="40.4133489" lon="-86.9228005"/>
 <node id="5889476999" visible="true" version="1" changeset="62359168" timestamp="2018-09-07T01:52:43Z" user="Evan Nichols (Virtual Tours)" uid="3033892" lat="40.4133912" lon="-86.9228851"/>
 <node id="5889477000" visible="true" version="1" changeset="62359168" timestamp="2018-09-07T01:52:43Z" user="Evan Nichols (Virtual Tours)" uid="3033892" lat="40.4136510" lon="-86.9231950"/>
 <node id="5889477001" visible="true" version="1" changeset="62359168" timestamp="2018-09-07T01:52:43Z" user="Evan Nichols (Virtual Tours)" uid="3033892" lat="40.4137184" lon="-86.9232356"/>
 <node id="5889477002" visible="true" version="1" changeset="62359168" timestamp="2018-09-07T01:52:43Z" user="Evan Nichols (Virtual Tours)" uid="3033892" lat="40.4125340" lon="-86.9229691"/>
 <node id="5889477003" visible="true" version="1" changeset="62359168" timestamp="2018-09-07T01:52:43Z" user="Evan Nichols (Virtual Tours)" uid="3033892" lat="40.4126867" lon="-86.9229857"/>
 <node id="5889477004" visible="true" version="1" changeset="62359168" timestamp="2018-09-07T01:52:43Z" user="Evan Nichols (Virtual Tours)" uid="3033892" lat="40.4128324" lon="-86.9230235"/>
 <node id="5889477005" visible="true" version="1" changeset="62359168" timestamp="2018-09-07T01:52:43Z" user="Evan Nichols (Virtual Tours)" uid="3033892" lat="40.4123786" lon="-86.9229850"/>
 <node id="5889477006" visible="true" version="1" changeset="62359168" timestamp="2018-09-07T01:52:43Z" user="Evan Nichols (Virtual Tours)" uid="3033892" lat="40.4121738" lon="-86.9230618"/>
 <node id="5889477007" visible="true" version="1" changeset="62359168" timestamp="2018-09-07T01:52:43Z" user="Evan Nichols (Virtual Tours)" uid="3033892" lat="40.4122639" lon="-86.9230220"/>
 <node id="5889477008" visible="true" version="1" changeset="62359168" timestamp="2018-09-07T01:52:43Z" user="Evan Nichols (Virtual Tours)" uid="3033892" lat="40.4117354" lon="-86.9232622"/>
 <node id="5889477009" visible="true" version="1" changeset="62359168" timestamp="2018-09-07T01:52:43Z" user="Evan Nichols (Virtual Tours)" uid="3033892" lat="40.4118358" lon="-86.9232259"/>
 <node id="6660551653" visible="true" version="2" changeset="112671985" timestamp="2021-10-18T22:03:23Z" user="riiga" uid="83501" lat="40.4218636" lon="-86.9305637"/>
 <node id="6660586615" visible="true" version="2" changeset="117658475" timestamp="2022-02-21T00:01:00Z" user="AwwJeez" uid="9625789" lat="40.4199519" lon="-86.9291154"/>
 <node id="6660586616" visible="true" version="3" changeset="117914136" timestamp="2022-02-27T16:12:14Z" user="AwwJeez" uid="9625789" lat="40.4196139" lon="-86.9291131"/>
 <node id="6660586617" visible="true" version="3" changeset="117914136" timestamp="2022-02-27T16:12:14Z" user="AwwJeez" uid="9625789" lat="40.4196156" lon="-86.9283798"/>
 <node id="6660586618" visible="true" version="2" changeset="117658475" timestamp="2022-02-21T00:01:00Z" user="AwwJeez" uid="9625789" lat="40.4199688" lon="-86.9283820"/>
 <node id="6660586619" visible="true" version="3" changeset="117914136" timestamp="2022-02-27T16:12:14Z" user="AwwJeez" uid="9625789" lat="40.4197845" lon="-86.9291147"/>
 <node id="6660586620" visible="true" version="3" changeset="117914136" timestamp="2022-02-27T16:12:14Z" user="AwwJeez" uid="9625789" lat="40.4197887" lon="-86.9283820"/>
 <node id="6660662188" visible="true" version="3" changeset="117914136" timestamp="2022-02-27T16:12:14Z" user="AwwJeez" uid="9625789" lat="40.4195639" lon="-86.9305464"/>
 <node id="6660662189" visible="true" version="2" changeset="117914136" timestamp="2022-02-27T16:12:14Z" user="AwwJeez" uid="9625789" lat="40.4195648" lon="-86.9300439"/>
 <node id="6660662190" visible="true" version="2" changeset="117914136" timestamp="2022-02-27T16:12:14Z" user="AwwJeez" uid="9625789" lat="40.4190106" lon="-86.9300376"/>
 <node id="6660662191" visible="true" version="3" changeset="117914136" timestamp="2022-02-27T16:12:14Z" user="AwwJeez" uid="9625789" lat="40.4190152" lon="-86.9305318"/>
 <node id="6660662192" visible="true" version="2" changeset="117914136" timestamp="2022-02-27T16:12:14Z" user="AwwJeez" uid="9625789" lat="40.4195643" lon="-86.9302839"/>
 <node id="6660662193" visible="true" version="2" changeset="117914136" timestamp="2022-02-27T16:12:14Z" user="AwwJeez" uid="9625789" lat="40.4190129" lon="-86.9302783"/>
 <node id="6660739804" visible="true" version="1" changeset="72810462" timestamp="2019-07-30T12:36:28Z" user="LeaTaklaja" uid="10157165" lat="40.4189617" lon="-86.9263868"/>
 <node id="6660739807" visible="true" version="1" changeset="72810462" timestamp="2019-07-30T12:36:28Z" user="LeaTaklaja" uid="10157165" lat="40.4189623" lon="-86.9261443"/>
 <node id="6664924183" visible="true" version="2" changeset="117914136" timestamp="2022-02-27T16:12:14Z" user="AwwJeez" uid="9625789" lat="40.4197409" lon="-86.9246314"/>
 <node id="6665373138" visible="true" version="2" changeset="112671985" timestamp="2021-10-18T22:03:23Z" user="riiga" uid="83501" lat="40.4204288" lon="-86.9305499"/>
 <node id="6694155944" visible="true" version="2" changeset="122812377" timestamp="2022-06-24T17:30:53Z" user="Clarke22" uid="703694" lat="40.4194290" lon="-86.9241130"/>
 <node id="6694155945" visible="true" version="2" changeset="117658475" timestamp="2022-02-21T00:01:00Z" user="AwwJeez" uid="9625789" lat="40.4196802" lon="-86.9238547"/>
 <node id="6694155946" visible="true" version="2" changeset="117658475" timestamp="2022-02-21T00:01:00Z" user="AwwJeez" uid="9625789" lat="40.4198410" lon="-86.9236308"/>
 <node id="7194498953" visible="true" version="1" changeset="80713202" timestamp="2020-02-08T01:16:57Z" user="maxerickson" uid="360392" lat="40.4189761" lon="-86.9219224"/>
 <node id="7194498955" visible="true" version="1" changeset="80713202" timestamp="2020-02-08T01:16:57Z" user="maxerickson" uid="360392" lat="40.4192272" lon="-86.9220431"/>
 <node id="7194498956" visible="true" version="1" changeset="80713202" timestamp="2020-02-08T01:16:57Z" user="maxerickson" uid="360392" lat="40.4189740" lon="-86.9221075"/>
 <node id="7194498957" visible="true" version="1" changeset="80713202" timestamp="2020-02-08T01:16:57Z" user="maxerickson" uid="360392" lat="40.4187708" lon="-86.9222282"/>
 <node id="7194498958" visible="true" version="1" changeset="80713202" timestamp="2020-02-08T01:16:57Z" user="maxerickson" uid="360392" lat="40.4174108" lon="-86.9241245"/>
 <node id="7194508979" visible="true" version="2" changeset="100010816" timestamp="2021-02-26T02:00:12Z" user="Sfriniks" uid="11810703" lat="40.4118317" lon="-86.9334448"/>
 <node id="7401016451" visible="true" version="3" changeset="136745823" timestamp="2023-05-30T13:02:50Z" user="mpatsevich_lyft" uid="12896788" lat="40.4170675" lon="-86.9384551"/>
 <node id="7401016452" visible="true" version="3" changeset="112671985" timestamp="2021-10-18T22:03:23Z" user="riiga" uid="83501" lat="40.4173332" lon="-86.9380646"/>
 <node id="7401016453" visible="true" version="3" changeset="112671985" timestamp="2021-10-18T22:03:23Z" user="riiga" uid="83501" lat="40.4175252" lon="-86.9375651"/>
 <node id="7401016454" visible="true" version="3" changeset="112671985" timestamp="2021-10-18T22:03:23Z" user="riiga" uid="83501" lat="40.4175415" lon="-86.9370407"/>
 <node id="7518516007" visible="true" version="1" changeset="85207310" timestamp="2020-05-14T14:33:46Z" user="Andros66" uid="8929524" lat="40.4208116" lon="-86.9246369">
  <tag k="crossing" v="marked"/>
  <tag k="highway" v="crossing"/>
 </node>
 <node id="7518516010" visible="true" version="2" changeset="117914136" timestamp="2022-02-27T16:12:14Z" user="AwwJeez" uid="9625789" lat="40.4195165" lon="-86.9247054"/>
 <node id="7518516012" visible="true" version="1" changeset="85207310" timestamp="2020-05-14T14:33:46Z" user="Andros66" uid="8929524" lat="40.4194077" lon="-86.9247350"/>
 <node id="7518516013" visible="true" version="1" changeset="85207310" timestamp="2020-05-14T14:33:46Z" user="Andros66" uid="8929524" lat="40.4193197" lon="-86.9247797"/>
 <node id="7518516014" visible="true" version="1" changeset="85207310" timestamp="2020-05-14T14:33:46Z" user="Andros66" uid="8929524" lat="40.4192528" lon="-86.9248367"/>
 <node id="7518516015" visible="true" version="1" changeset="85207310" timestamp="2020-05-14T14:33:46Z" user="Andros66" uid="8929524" lat="40.4192036" lon="-86.9248844"/>
 <node id="7518516016" visible="true" version="1" changeset="85207310" timestamp="2020-05-14T14:33:46Z" user="Andros66" uid="8929524" lat="40.4191379" lon="-86.9249722"/>
 <node id="7518516017" visible="true" version="1" changeset="85207310" timestamp="2020-05-14T14:33:46Z" user="Andros66" uid="8929524" lat="40.4190910" lon="-86.9250616"/>
 <node id="7518516018" visible="true" version="1" changeset="85207310" timestamp="2020-05-14T14:33:46Z" user="Andros66" uid="8929524" lat="40.4190523" lon="-86.9251771"/>
 <node id="7518516019" visible="true" version="1" changeset="85207310" timestamp="2020-05-14T14:33:46Z" user="Andros66" uid="8929524" lat="40.4190312" lon="-86.9252834"/>
 <node id="7518516020" visible="true" version="1" changeset="85207310" timestamp="2020-05-14T14:33:46Z" user="Andros66" uid="8929524" lat="40.4190253" lon="-86.9253974"/>
 <node id="7518516021" visible="true" version="1" changeset="85207310" timestamp="2020-05-14T14:33:46Z" user="Andros66" uid="8929524" lat="40.4190171" lon="-86.9271012"/>
 <node id="7518516022" visible="true" version="1" changeset="85207310" timestamp="2020-05-14T14:33:46Z" user="Andros66" uid="8929524" lat="40.4190312" lon="-86.9272229"/>
 <node id="7518516023" visible="true" version="1" changeset="85207310" timestamp="2020-05-14T14:33:46Z" user="Andros66" uid="8929524" lat="40.4190593" lon="-86.9273354"/>
 <node id="7518516024" visible="true" version="1" changeset="85207310" timestamp="2020-05-14T14:33:46Z" user="Andros66" uid="8929524" lat="40.4190992" lon="-86.9274263"/>
 <node id="7518516025" visible="true" version="1" changeset="85207310" timestamp="2020-05-14T14:33:46Z" user="Andros66" uid="8929524" lat="40.4191532" lon="-86.9275064"/>
 <node id="7518516026" visible="true" version="1" changeset="85207310" timestamp="2020-05-14T14:33:46Z" user="Andros66" uid="8929524" lat="40.4192012" lon="-86.9275680"/>
 <node id="7518516027" visible="true" version="1" changeset="85207310" timestamp="2020-05-14T14:33:46Z" user="Andros66" uid="8929524" lat="40.4192540" lon="-86.9276142"/>
 <node id="7518516028" visible="true" version="1" changeset="85207310" timestamp="2020-05-14T14:33:46Z" user="Andros66" uid="8929524" lat="40.4193173" lon="-86.9276435"/>
 <node id="7518516029" visible="true" version="2" changeset="117658475" timestamp="2022-02-21T00:01:00Z" user="AwwJeez" uid="9625789" lat="40.4194004" lon="-86.9276711"/>
 <node id="7518516030" visible="true" version="1" changeset="85207310" timestamp="2020-05-14T14:33:46Z" user="Andros66" uid="8929524" lat="40.4197114" lon="-86.9276866"/>
 <node id="7518516031" visible="true" version="2" changeset="117658475" timestamp="2022-02-21T00:01:00Z" user="AwwJeez" uid="9625789" lat="40.4198410" lon="-86.9277249"/>
 <node id="7518516046" visible="true" version="3" changeset="117914136" timestamp="2022-02-27T16:12:14Z" user="AwwJeez" uid="9625789" lat="40.4197406" lon="-86.9247039">
  <tag k="crossing" v="unmarked"/>
  <tag k="highway" v="crossing"/>
 </node>
 <node id="7518516048" visible="true" version="3" changeset="117914136" timestamp="2022-02-27T16:12:14Z" user="AwwJeez" uid="9625789" lat="40.4190228" lon="-86.9261440">
  <tag k="crossing" v="unmarked"/>
  <tag k="highway" v="crossing"/>
 </node>
 <node id="7518516049" visible="true" version="3" changeset="117914136" timestamp="2022-02-27T16:12:14Z" user="AwwJeez" uid="9625789" lat="40.4190225" lon="-86.9263865">
  <tag k="crossing" v="unmarked"/>
  <tag k="highway" v="crossing"/>
 </node>
 <node id="7518516050" visible="true" version="2" changeset="117658475" timestamp="2022-02-21T00:01:00Z" user="AwwJeez" uid="9625789" lat="40.4194355" lon="-86.9276756">
  <tag k="crossing" v="unmarked"/>
  <tag k="highway" v="crossing"/>
 </node>
 <node id="7518516124" visible="true" version="2" changeset="140232582" timestamp="2023-08-22T14:31:58Z" user="Yzzyx" uid="20028085" lat="40.4241151" lon="-86.9305629">
  <tag k="crossing" v="marked"/>
  <tag k="crossing:island" v="no"/>
  <tag k="crossing:markings" v="zebra"/>
  <tag k="highway" v="crossing"/>
  <tag k="tactile_paving" v="yes"/>
 </node>
 <node id="7518516125" visible="true" version="4" changeset="134473739" timestamp="2023-04-03T23:36:47Z" user="Clarke22" uid="703694" lat="40.4241443" lon="-86.9307444"/>
 <node id="7603652915" visible="true" version="1" changeset="86369966" timestamp="2020-06-08T19:56:43Z" user="Andros66" uid="8929524" lat="40.4228947" lon="-86.9385036"/>
 <node id="7603652916" visible="true" version="1" changeset="86369966" timestamp="2020-06-08T19:56:43Z" user="Andros66" uid="8929524" lat="40.4230186" lon="-86.9384717"/>
 <node id="7603652917" visible="true" version="1" changeset="86369966" timestamp="2020-06-08T19:56:43Z" user="Andros66" uid="8929524" lat="40.4231587" lon="-86.9383443"/>
 <node id="7603652918" visible="true" version="1" changeset="86369966" timestamp="2020-06-08T19:56:43Z" user="Andros66" uid="8929524" lat="40.4232395" lon="-86.9383089"/>
 <node id="7603652919" visible="true" version="1" changeset="86369966" timestamp="2020-06-08T19:56:43Z" user="Andros66" uid="8929524" lat="40.4234874" lon="-86.9382700"/>
 <node id="7603652920" visible="true" version="1" changeset="86369966" timestamp="2020-06-08T19:56:43Z" user="Andros66" uid="8929524" lat="40.4237137" lon="-86.9382665"/>
 <node id="7603652921" visible="true" version="1" changeset="86369966" timestamp="2020-06-08T19:56:43Z" user="Andros66" uid="8929524" lat="40.4238350" lon="-86.9382452"/>
 <node id="7603652922" visible="true" version="1" changeset="86369966" timestamp="2020-06-08T19:56:43Z" user="Andros66" uid="8929524" lat="40.4239131" lon="-86.9381780"/>
 <node id="7603652923" visible="true" version="1" changeset="86369966" timestamp="2020-06-08T19:56:43Z" user="Andros66" uid="8929524" lat="40.4239643" lon="-86.9380824"/>
 <node id="7603652924" visible="true" version="2" changeset="138961947" timestamp="2023-07-24T23:20:54Z" user="Clarke22" uid="703694" lat="40.4240062" lon="-86.9379327"/>
 <node id="7603652925" visible="true" version="2" changeset="138961947" timestamp="2023-07-24T23:20:54Z" user="Clarke22" uid="703694" lat="40.4240228" lon="-86.9378997"/>
 <node id="7603652926" visible="true" version="2" changeset="138961947" timestamp="2023-07-24T23:20:54Z" user="Clarke22" uid="703694" lat="40.4240464" lon="-86.9378836"/>
 <node id="7603652927" visible="true" version="1" changeset="86369966" timestamp="2020-06-08T19:56:43Z" user="Andros66" uid="8929524" lat="40.4241125" lon="-86.9378665"/>
 <node id="7603652928" visible="true" version="4" changeset="140232582" timestamp="2023-08-22T14:31:58Z" user="Yzzyx" uid="20028085" lat="40.4240971" lon="-86.9337956">
  <tag k="crossing" v="uncontrolled"/>
  <tag k="highway" v="crossing"/>
 </node>
 <node id="7609511838" visible="true" version="1" changeset="86473933" timestamp="2020-06-10T16:51:57Z" user="Andros66" uid="8929524" lat="40.4165947" lon="-86.9300359"/>
 <node id="7609511839" visible="true" version="1" changeset="86473933" timestamp="2020-06-10T16:51:57Z" user="Andros66" uid="8929524" lat="40.4166345" lon="-86.9299085"/>
 <node id="7609511840" visible="true" version="1" changeset="86473933" timestamp="2020-06-10T16:51:57Z" user="Andros66" uid="8929524" lat="40.4167152" lon="-86.9298669"/>
 <node id="7609511841" visible="true" version="1" changeset="86473933" timestamp="2020-06-10T16:51:57Z" user="Andros66" uid="8929524" lat="40.4167764" lon="-86.9298669"/>
 <node id="7692740619" visible="true" version="2" changeset="122397620" timestamp="2022-06-15T05:20:14Z" user="Clarke22" uid="703694" lat="40.4387043" lon="-86.9435518"/>
 <node id="7692754703" visible="true" version="2" changeset="100996739" timestamp="2021-03-14T16:21:56Z" user="karson_" uid="10529514" lat="40.4282256" lon="-86.9396291"/>
 <node id="8011498202" visible="true" version="1" changeset="92548006" timestamp="2020-10-16T01:29:25Z" user="swimdb" uid="231017" lat="40.4085019" lon="-86.9436248"/>
 <node id="8011498203" visible="true" version="1" changeset="92548006" timestamp="2020-10-16T01:29:25Z" user="swimdb" uid="231017" lat="40.4084222" lon="-86.9436454"/>
 <node id="8011498204" visible="true" version="1" changeset="92548006" timestamp="2020-10-16T01:29:25Z" user="swimdb" uid="231017" lat="40.4083990" lon="-86.9434905"/>
 <node id="8011498205" visible="true" version="1" changeset="92548006" timestamp="2020-10-16T01:29:25Z" user="swimdb" uid="231017" lat="40.4083635" lon="-86.9434997"/>
 <node id="8011498206" visible="true" version="1" changeset="92548006" timestamp="2020-10-16T01:29:25Z" user="swimdb" uid="231017" lat="40.4083391" lon="-86.9433368"/>
 <node id="8011498207" visible="true" version="1" changeset="92548006" timestamp="2020-10-16T01:29:25Z" user="swimdb" uid="231017" lat="40.4084290" lon="-86.9433136"/>
 <node id="8011498208" visible="true" version="1" changeset="92548006" timestamp="2020-10-16T01:29:25Z" user="swimdb" uid="231017" lat="40.4084343" lon="-86.9433489"/>
 <node id="8011498209" visible="true" version="1" changeset="92548006" timestamp="2020-10-16T01:29:25Z" user="swimdb" uid="231017" lat="40.4084596" lon="-86.9433424"/>
 <node id="8011527515" visible="true" version="1" changeset="92547971" timestamp="2020-10-16T01:26:02Z" user="ambarapu" uid="10173454" lat="40.4086184" lon="-86.9456635"/>
 <node id="8011527516" visible="true" version="1" changeset="92547971" timestamp="2020-10-16T01:26:02Z" user="ambarapu" uid="10173454" lat="40.4087065" lon="-86.9456647"/>
 <node id="8011527517" visible="true" version="1" changeset="92547971" timestamp="2020-10-16T01:26:02Z" user="ambarapu" uid="10173454" lat="40.4087663" lon="-86.9456405"/>
 <node id="8011527518" visible="true" version="1" changeset="92547971" timestamp="2020-10-16T01:26:02Z" user="ambarapu" uid="10173454" lat="40.4088387" lon="-86.9455997"/>
 <node id="8011527519" visible="true" version="1" changeset="92547971" timestamp="2020-10-16T01:26:02Z" user="ambarapu" uid="10173454" lat="40.4089445" lon="-86.9455469"/>
 <node id="8011527520" visible="true" version="1" changeset="92547971" timestamp="2020-10-16T01:26:02Z" user="ambarapu" uid="10173454" lat="40.4090710" lon="-86.9455091"/>
 <node id="8011527521" visible="true" version="1" changeset="92547971" timestamp="2020-10-16T01:26:02Z" user="ambarapu" uid="10173454" lat="40.4091964" lon="-86.9454940"/>
 <node id="8011527522" visible="true" version="1" changeset="92547971" timestamp="2020-10-16T01:26:02Z" user="ambarapu" uid="10173454" lat="40.4092803" lon="-86.9454880"/>
 <node id="8011527523" visible="true" version="1" changeset="92547971" timestamp="2020-10-16T01:26:02Z" user="ambarapu" uid="10173454" lat="40.4093620" lon="-86.9454683"/>
 <node id="8011527524" visible="true" version="1" changeset="92547971" timestamp="2020-10-16T01:26:02Z" user="ambarapu" uid="10173454" lat="40.4096817" lon="-86.9453566"/>
 <node id="8011527525" visible="true" version="1" changeset="92547971" timestamp="2020-10-16T01:26:02Z" user="ambarapu" uid="10173454" lat="40.4099381" lon="-86.9452388"/>
 <node id="8011527526" visible="true" version="1" changeset="92547971" timestamp="2020-10-16T01:26:02Z" user="ambarapu" uid="10173454" lat="40.4099691" lon="-86.9452071"/>
 <node id="8011527527" visible="true" version="1" changeset="92547971" timestamp="2020-10-16T01:26:02Z" user="ambarapu" uid="10173454" lat="40.4099806" lon="-86.9451527"/>
 <node id="8011527528" visible="true" version="1" changeset="92547971" timestamp="2020-10-16T01:26:02Z" user="ambarapu" uid="10173454" lat="40.4099956" lon="-86.9450621"/>
 <node id="8011527529" visible="true" version="1" changeset="92547971" timestamp="2020-10-16T01:26:02Z" user="ambarapu" uid="10173454" lat="40.4099933" lon="-86.9450017"/>
 <node id="8011527530" visible="true" version="1" changeset="92547971" timestamp="2020-10-16T01:26:02Z" user="ambarapu" uid="10173454" lat="40.4099806" lon="-86.9448808"/>
 <node id="8011527531" visible="true" version="1" changeset="92547971" timestamp="2020-10-16T01:26:02Z" user="ambarapu" uid="10173454" lat="40.4099535" lon="-86.9446151"/>
 <node id="8011527532" visible="true" version="1" changeset="92547971" timestamp="2020-10-16T01:26:02Z" user="ambarapu" uid="10173454" lat="40.4099392" lon="-86.9444787"/>
 <node id="8011527533" visible="true" version="1" changeset="92547971" timestamp="2020-10-16T01:26:02Z" user="ambarapu" uid="10173454" lat="40.4099040" lon="-86.9442608"/>
 <node id="8011527534" visible="true" version="1" changeset="92547971" timestamp="2020-10-16T01:26:02Z" user="ambarapu" uid="10173454" lat="40.4098350" lon="-86.9439648"/>
 <node id="8011527535" visible="true" version="1" changeset="92547971" timestamp="2020-10-16T01:26:02Z" user="ambarapu" uid="10173454" lat="40.4097602" lon="-86.9438002"/>
 <node id="8011527536" visible="true" version="1" changeset="92547971" timestamp="2020-10-16T01:26:02Z" user="ambarapu" uid="10173454" lat="40.4097004" lon="-86.9437489"/>
 <node id="8011527537" visible="true" version="1" changeset="92547971" timestamp="2020-10-16T01:26:02Z" user="ambarapu" uid="10173454" lat="40.4094115" lon="-86.9438437"/>
 <node id="8011527538" visible="true" version="1" changeset="92547971" timestamp="2020-10-16T01:26:02Z" user="ambarapu" uid="10173454" lat="40.4091164" lon="-86.9439730"/>
 <node id="8011527539" visible="true" version="1" changeset="92547971" timestamp="2020-10-16T01:26:02Z" user="ambarapu" uid="10173454" lat="40.4089919" lon="-86.9440023"/>
 <node id="8011527540" visible="true" version="1" changeset="92547971" timestamp="2020-10-16T01:26:02Z" user="ambarapu" uid="10173454" lat="40.4088248" lon="-86.9440376"/>
 <node id="8011527541" visible="true" version="1" changeset="92547971" timestamp="2020-10-16T01:26:02Z" user="ambarapu" uid="10173454" lat="40.4086450" lon="-86.9440469"/>
 <node id="8011527542" visible="true" version="1" changeset="92547971" timestamp="2020-10-16T01:26:02Z" user="ambarapu" uid="10173454" lat="40.4083785" lon="-86.9440376"/>
 <node id="8060708933" visible="true" version="1" changeset="93205417" timestamp="2020-10-29T00:42:43Z" user="indianajoe" uid="507149" lat="40.4031122" lon="-86.9317676"/>
 <node id="8060708934" visible="true" version="1" changeset="93205417" timestamp="2020-10-29T00:42:43Z" user="indianajoe" uid="507149" lat="40.4030446" lon="-86.9324685"/>
 <node id="8060708935" visible="true" version="1" changeset="93205417" timestamp="2020-10-29T00:42:43Z" user="indianajoe" uid="507149" lat="40.4030220" lon="-86.9327721"/>
 <node id="8060708936" visible="true" version="1" changeset="93205417" timestamp="2020-10-29T00:42:43Z" user="indianajoe" uid="507149" lat="40.4075028" lon="-86.9524158">
  <tag k="highway" v="turning_circle"/>
 </node>
 <node id="8060713017" visible="true" version="2" changeset="112671985" timestamp="2021-10-18T22:03:23Z" user="riiga" uid="83501" lat="40.4171903" lon="-86.9382410"/>
 <node id="8060713018" visible="true" version="1" changeset="93205576" timestamp="2020-10-29T00:55:53Z" user="indianajoe" uid="507149" lat="40.4156929" lon="-86.9434938"/>
 <node id="8060713019" visible="true" version="1" changeset="93205576" timestamp="2020-10-29T00:55:53Z" user="indianajoe" uid="507149" lat="40.4156302" lon="-86.9434193"/>
 <node id="8060713020" visible="true" version="1" changeset="93205576" timestamp="2020-10-29T00:55:53Z" user="indianajoe" uid="507149" lat="40.4155287" lon="-86.9433722"/>
 <node id="8060713021" visible="true" version="1" changeset="93205576" timestamp="2020-10-29T00:55:53Z" user="indianajoe" uid="507149" lat="40.4151272" lon="-86.9432860"/>
 <node id="8060713022" visible="true" version="1" changeset="93205576" timestamp="2020-10-29T00:55:53Z" user="indianajoe" uid="507149" lat="40.4150301" lon="-86.9432330"/>
 <node id="8060713023" visible="true" version="1" changeset="93205576" timestamp="2020-10-29T00:55:53Z" user="indianajoe" uid="507149" lat="40.4149599" lon="-86.9431840"/>
 <node id="8060713024" visible="true" version="1" changeset="93205576" timestamp="2020-10-29T00:55:53Z" user="indianajoe" uid="507149" lat="40.4148898" lon="-86.9431173"/>
 <node id="8060713025" visible="true" version="2" changeset="112671985" timestamp="2021-10-18T22:03:23Z" user="riiga" uid="83501" lat="40.4148521" lon="-86.9430073"/>
 <node id="8060713026" visible="true" version="2" changeset="112671985" timestamp="2021-10-18T22:03:23Z" user="riiga" uid="83501" lat="40.4148858" lon="-86.9411673"/>
 <node id="8060713027" visible="true" version="2" changeset="112671985" timestamp="2021-10-18T22:03:23Z" user="riiga" uid="83501" lat="40.4148990" lon="-86.9403680"/>
 <node id="8060713028" visible="true" version="1" changeset="93205576" timestamp="2020-10-29T00:55:53Z" user="indianajoe" uid="507149" lat="40.4148554" lon="-86.9401605"/>
 <node id="8060713029" visible="true" version="1" changeset="93205576" timestamp="2020-10-29T00:55:53Z" user="indianajoe" uid="507149" lat="40.4147972" lon="-86.9400840"/>
 <node id="8060713030" visible="true" version="1" changeset="93205576" timestamp="2020-10-29T00:55:53Z" user="indianajoe" uid="507149" lat="40.4147017" lon="-86.9400311"/>
 <node id="8060713031" visible="true" version="2" changeset="112671985" timestamp="2021-10-18T22:03:23Z" user="riiga" uid="83501" lat="40.4145672" lon="-86.9400434"/>
 <node id="8060713032" visible="true" version="2" changeset="112671985" timestamp="2021-10-18T22:03:23Z" user="riiga" uid="83501" lat="40.4144886" lon="-86.9399911"/>
 <node id="8060713033" visible="true" version="2" changeset="112671985" timestamp="2021-10-18T22:03:23Z" user="riiga" uid="83501" lat="40.4144722" lon="-86.9398852"/>
 <node id="8060713034" visible="true" version="2" changeset="112671985" timestamp="2021-10-18T22:03:23Z" user="riiga" uid="83501" lat="40.4144722" lon="-86.9384596"/>
 <node id="8060713035" visible="true" version="2" changeset="112671985" timestamp="2021-10-18T22:03:23Z" user="riiga" uid="83501" lat="40.4145488" lon="-86.9383040"/>
 <node id="8060713036" visible="true" version="2" changeset="112671985" timestamp="2021-10-18T22:03:23Z" user="riiga" uid="83501" lat="40.4166634" lon="-86.9383563"/>
 <node id="8060713037" visible="true" version="2" changeset="112671985" timestamp="2021-10-18T22:03:23Z" user="riiga" uid="83501" lat="40.4167859" lon="-86.9383429"/>
 <node id="8060713038" visible="true" version="2" changeset="112671985" timestamp="2021-10-18T22:03:23Z" user="riiga" uid="83501" lat="40.4171285" lon="-86.9383127"/>
 <node id="8060713039" visible="true" version="1" changeset="93205576" timestamp="2020-10-29T00:55:53Z" user="indianajoe" uid="507149" lat="40.4170415" lon="-86.9385064"/>
 <node id="8060713040" visible="true" version="1" changeset="93205576" timestamp="2020-10-29T00:55:53Z" user="indianajoe" uid="507149" lat="40.4172357" lon="-86.9384831"/>
 <node id="8060713041" visible="true" version="2" changeset="141185128" timestamp="2023-09-13T00:37:08Z" user="Clarke22" uid="703694" lat="40.4175370" lon="-86.9384967"/>
 <node id="8060713042" visible="true" version="1" changeset="93205576" timestamp="2020-10-29T00:55:53Z" user="indianajoe" uid="507149" lat="40.4178306" lon="-86.9384348"/>
 <node id="8060713044" visible="true" version="2" changeset="141185128" timestamp="2023-09-13T00:37:08Z" user="Clarke22" uid="703694" lat="40.4184101" lon="-86.9385690"/>
 <node id="8060713045" visible="true" version="1" changeset="93205576" timestamp="2020-10-29T00:55:53Z" user="indianajoe" uid="507149" lat="40.4185072" lon="-86.9386751"/>
 <node id="8060713046" visible="true" version="1" changeset="93205576" timestamp="2020-10-29T00:55:53Z" user="indianajoe" uid="507149" lat="40.4186799" lon="-86.9389443"/>
 <node id="8060713047" visible="true" version="1" changeset="93205576" timestamp="2020-10-29T00:55:53Z" user="indianajoe" uid="507149" lat="40.4188951" lon="-86.9393286"/>
 <node id="8060713048" visible="true" version="1" changeset="93205576" timestamp="2020-10-29T00:55:53Z" user="indianajoe" uid="507149" lat="40.4194519" lon="-86.9400446"/>
 <node id="8060713049" visible="true" version="1" changeset="93205576" timestamp="2020-10-29T00:55:53Z" user="indianajoe" uid="507149" lat="40.4199558" lon="-86.9406117"/>
 <node id="8060713050" visible="true" version="1" changeset="93205576" timestamp="2020-10-29T00:55:53Z" user="indianajoe" uid="507149" lat="40.4204610" lon="-86.9411094"/>
 <node id="8060713051" visible="true" version="1" changeset="93205576" timestamp="2020-10-29T00:55:53Z" user="indianajoe" uid="507149" lat="40.4207522" lon="-86.9413345"/>
 <node id="8060713052" visible="true" version="1" changeset="93205576" timestamp="2020-10-29T00:55:53Z" user="indianajoe" uid="507149" lat="40.4213038" lon="-86.9417290"/>
 <node id="8060713053" visible="true" version="1" changeset="93205576" timestamp="2020-10-29T00:55:53Z" user="indianajoe" uid="507149" lat="40.4214932" lon="-86.9418949"/>
 <node id="8060713054" visible="true" version="1" changeset="93205576" timestamp="2020-10-29T00:55:53Z" user="indianajoe" uid="507149" lat="40.4216865" lon="-86.9420946"/>
 <node id="8060713055" visible="true" version="1" changeset="93205576" timestamp="2020-10-29T00:55:53Z" user="indianajoe" uid="507149" lat="40.4218657" lon="-86.9422571"/>
 <node id="8060713056" visible="true" version="1" changeset="93205576" timestamp="2020-10-29T00:55:53Z" user="indianajoe" uid="507149" lat="40.4218876" lon="-86.9423485"/>
 <node id="8061369839" visible="true" version="1" changeset="93208830" timestamp="2020-10-29T03:49:46Z" user="indianajoe" uid="507149" lat="40.4160338" lon="-86.9223415"/>
 <node id="8061369840" visible="true" version="1" changeset="93208830" timestamp="2020-10-29T03:49:46Z" user="indianajoe" uid="507149" lat="40.4145211" lon="-86.9207218"/>
 <node id="8061369841" visible="true" version="1" changeset="93208830" timestamp="2020-10-29T03:49:46Z" user="indianajoe" uid="507149" lat="40.4117957" lon="-86.9189792"/>
 <node id="8061369842" visible="true" version="1" changeset="93208830" timestamp="2020-10-29T03:49:46Z" user="indianajoe" uid="507149" lat="40.4103151" lon="-86.9190525"/>
 <node id="8061369843" visible="true" version="1" changeset="93208830" timestamp="2020-10-29T03:49:46Z" user="indianajoe" uid="507149" lat="40.4083634" lon="-86.9196023"/>
 <node id="8061369844" visible="true" version="1" changeset="93208830" timestamp="2020-10-29T03:49:46Z" user="indianajoe" uid="507149" lat="40.4084817" lon="-86.9185301"/>
 <node id="8061369845" visible="true" version="1" changeset="93208830" timestamp="2020-10-29T03:49:46Z" user="indianajoe" uid="507149" lat="40.4085949" lon="-86.9178009"/>
 <node id="8061369846" visible="true" version="1" changeset="93208830" timestamp="2020-10-29T03:49:46Z" user="indianajoe" uid="507149" lat="40.4092841" lon="-86.9163841"/>
 <node id="8061369847" visible="true" version="1" changeset="93208830" timestamp="2020-10-29T03:49:46Z" user="indianajoe" uid="507149" lat="40.4098536" lon="-86.9155095"/>
 <node id="8064706116" visible="true" version="1" changeset="93273445" timestamp="2020-10-30T07:18:16Z" user="sivachak" uid="10086301" lat="40.4063109" lon="-86.9516196"/>
 <node id="8064706117" visible="true" version="1" changeset="93273445" timestamp="2020-10-30T07:18:16Z" user="sivachak" uid="10086301" lat="40.4061974" lon="-86.9516286"/>
 <node id="8064706118" visible="true" version="1" changeset="93273445" timestamp="2020-10-30T07:18:16Z" user="sivachak" uid="10086301" lat="40.4061579" lon="-86.9516478"/>
 <node id="8064706119" visible="true" version="1" changeset="93273445" timestamp="2020-10-30T07:18:16Z" user="sivachak" uid="10086301" lat="40.4061296" lon="-86.9516861"/>
 <node id="8064706120" visible="true" version="1" changeset="93273445" timestamp="2020-10-30T07:18:16Z" user="sivachak" uid="10086301" lat="40.4061201" lon="-86.9517821"/>
 <node id="8064706121" visible="true" version="1" changeset="93273445" timestamp="2020-10-30T07:18:16Z" user="sivachak" uid="10086301" lat="40.4061330" lon="-86.9524918"/>
 <node id="8084013323" visible="true" version="2" changeset="122525177" timestamp="2022-06-17T21:30:08Z" user="Clarke22" uid="703694" lat="40.4159442" lon="-86.9411339"/>
 <node id="8084013324" visible="true" version="1" changeset="93592169" timestamp="2020-11-05T09:28:58Z" user="shabkhat" uid="10086290" lat="40.4161342" lon="-86.9417094"/>
 <node id="8084013325" visible="true" version="1" changeset="93592169" timestamp="2020-11-05T09:28:58Z" user="shabkhat" uid="10086290" lat="40.4161303" lon="-86.9417586"/>
 <node id="8084013326" visible="true" version="1" changeset="93592169" timestamp="2020-11-05T09:28:58Z" user="shabkhat" uid="10086290" lat="40.4161053" lon="-86.9418173"/>
 <node id="8084013327" visible="true" version="1" changeset="93592169" timestamp="2020-11-05T09:28:58Z" user="shabkhat" uid="10086290" lat="40.4160593" lon="-86.9418383"/>
 <node id="8084013328" visible="true" version="2" changeset="122525177" timestamp="2022-06-17T21:30:08Z" user="Clarke22" uid="703694" lat="40.4157911" lon="-86.9418433"/>
 <node id="8084013329" visible="true" version="2" changeset="122525177" timestamp="2022-06-17T21:30:08Z" user="Clarke22" uid="703694" lat="40.4157880" lon="-86.9426431"/>
 <node id="8084013330" visible="true" version="1" changeset="93592169" timestamp="2020-11-05T09:28:58Z" user="shabkhat" uid="10086290" lat="40.4159476" lon="-86.9426324"/>
 <node id="8084013331" visible="true" version="1" changeset="93592169" timestamp="2020-11-05T09:28:58Z" user="shabkhat" uid="10086290" lat="40.4159696" lon="-86.9426053"/>
 <node id="8084013332" visible="true" version="1" changeset="93592169" timestamp="2020-11-05T09:28:58Z" user="shabkhat" uid="10086290" lat="40.4159773" lon="-86.9425341"/>
 <node id="8084013333" visible="true" version="1" changeset="93592169" timestamp="2020-11-05T09:28:58Z" user="shabkhat" uid="10086290" lat="40.4159683" lon="-86.9418377"/>
 <node id="8084013334" visible="true" version="1" changeset="93592169" timestamp="2020-11-05T09:28:58Z" user="shabkhat" uid="10086290" lat="40.4160857" lon="-86.9418317"/>
 <node id="8221304398" visible="true" version="2" changeset="100996739" timestamp="2021-03-14T16:21:56Z" user="karson_" uid="10529514" lat="40.4284144" lon="-86.9361470"/>
 <node id="8223399249" visible="true" version="3" changeset="138961947" timestamp="2023-07-24T23:20:54Z" user="Clarke22" uid="703694" lat="40.4240599" lon="-86.9391661">
  <tag k="bicycle" v="yes"/>
  <tag k="crossing" v="traffic_signals"/>
  <tag k="highway" v="crossing"/>
 </node>
 <node id="8223417636" visible="true" version="2" changeset="112671985" timestamp="2021-10-18T22:03:23Z" user="riiga" uid="83501" lat="40.4182299" lon="-86.9304969"/>
 <node id="8223417638" visible="true" version="3" changeset="117914136" timestamp="2022-02-27T16:12:14Z" user="AwwJeez" uid="9625789" lat="40.4189661" lon="-86.9303796"/>
 <node id="8223417639" visible="true" version="2" changeset="138961947" timestamp="2023-07-24T23:20:54Z" user="Clarke22" uid="703694" lat="40.4188658" lon="-86.9304063"/>
 <node id="8223417640" visible="true" version="1" changeset="95742434" timestamp="2020-12-13T02:20:08Z" user="mace13" uid="12105122" lat="40.4182746" lon="-86.9303762"/>
 <node id="8223417641" visible="true" version="1" changeset="95742434" timestamp="2020-12-13T02:20:08Z" user="mace13" uid="12105122" lat="40.4181973" lon="-86.9303352"/>
 <node id="8223417642" visible="true" version="2" changeset="138961947" timestamp="2023-07-24T23:20:54Z" user="Clarke22" uid="703694" lat="40.4181322" lon="-86.9302877"/>
 <node id="8223417643" visible="true" version="2" changeset="117914136" timestamp="2022-02-27T16:12:14Z" user="AwwJeez" uid="9625789" lat="40.4190138" lon="-86.9303820">
  <tag k="crossing" v="unmarked"/>
  <tag k="highway" v="crossing"/>
 </node>
 <node id="8223417644" visible="true" version="2" changeset="117914136" timestamp="2022-02-27T16:12:14Z" user="AwwJeez" uid="9625789" lat="40.4195642" lon="-86.9303886">
  <tag k="crossing" v="unmarked"/>
  <tag k="highway" v="crossing"/>
 </node>
 <node id="8223417648" visible="true" version="3" changeset="138961947" timestamp="2023-07-24T23:20:54Z" user="Clarke22" uid="703694" lat="40.4178115" lon="-86.9303004"/>
 <node id="8223417649" visible="true" version="2" changeset="112671985" timestamp="2021-10-18T22:03:23Z" user="riiga" uid="83501" lat="40.4180231" lon="-86.9302918">
  <tag k="crossing" v="traffic_signals"/>
  <tag k="highway" v="crossing"/>
 </node>
 <node id="8223417650" visible="true" version="2" changeset="112671985" timestamp="2021-10-18T22:03:23Z" user="riiga" uid="83501" lat="40.4179113" lon="-86.9302925">
  <tag k="crossing" v="traffic_signals"/>
  <tag k="highway" v="crossing"/>
 </node>
 <node id="8223417651" visible="true" version="2" changeset="112671985" timestamp="2021-10-18T22:03:23Z" user="riiga" uid="83501" lat="40.4179177" lon="-86.9289114"/>
 <node id="8223417652" visible="true" version="2" changeset="112671985" timestamp="2021-10-18T22:03:23Z" user="riiga" uid="83501" lat="40.4180298" lon="-86.9287310"/>
 <node id="8223417653" visible="true" version="2" changeset="112671985" timestamp="2021-10-18T22:03:23Z" user="riiga" uid="83501" lat="40.4172901" lon="-86.9321601"/>
 <node id="8223417655" visible="true" version="3" changeset="138961947" timestamp="2023-07-24T23:20:54Z" user="Clarke22" uid="703694" lat="40.4173042" lon="-86.9304823"/>
 <node id="8223417656" visible="true" version="2" changeset="138961947" timestamp="2023-07-24T23:20:54Z" user="Clarke22" uid="703694" lat="40.4177462" lon="-86.9303513"/>
 <node id="8223417657" visible="true" version="1" changeset="95742434" timestamp="2020-12-13T02:20:08Z" user="mace13" uid="12105122" lat="40.4176551" lon="-86.9303856"/>
 <node id="8223417658" visible="true" version="1" changeset="95742434" timestamp="2020-12-13T02:20:08Z" user="mace13" uid="12105122" lat="40.4174097" lon="-86.9303839"/>
 <node id="8223417659" visible="true" version="4" changeset="141185128" timestamp="2023-09-13T00:37:08Z" user="Clarke22" uid="703694" lat="40.4173088" lon="-86.9303827"/>
 <node id="8223417660" visible="true" version="2" changeset="138961947" timestamp="2023-07-24T23:20:54Z" user="Clarke22" uid="703694" lat="40.4177697" lon="-86.9306574"/>
 <node id="8223417661" visible="true" version="2" changeset="112671985" timestamp="2021-10-18T22:03:23Z" user="riiga" uid="83501" lat="40.4177895" lon="-86.9304876">
  <tag k="crossing" v="traffic_signals"/>
  <tag k="highway" v="crossing"/>
 </node>
 <node id="8223417662" visible="true" version="2" changeset="138961947" timestamp="2023-07-24T23:20:54Z" user="Clarke22" uid="703694" lat="40.4176835" lon="-86.9306079"/>
 <node id="8223417663" visible="true" version="3" changeset="138961947" timestamp="2023-07-24T23:20:54Z" user="Clarke22" uid="703694" lat="40.4176716" lon="-86.9306039"/>
 <node id="8223417664" visible="true" version="3" changeset="138961947" timestamp="2023-07-24T23:20:54Z" user="Clarke22" uid="703694" lat="40.4172975" lon="-86.9305754"/>
 <node id="8223417665" visible="true" version="2" changeset="122733657" timestamp="2022-06-23T01:37:52Z" user="Clarke22" uid="703694" lat="40.4170237" lon="-86.9214693"/>
 <node id="8223417666" visible="true" version="1" changeset="95742434" timestamp="2020-12-13T02:20:08Z" user="mace13" uid="12105122" lat="40.4170206" lon="-86.9226332"/>
 <node id="8223417667" visible="true" version="1" changeset="95742434" timestamp="2020-12-13T02:20:08Z" user="mace13" uid="12105122" lat="40.4170354" lon="-86.9228756"/>
 <node id="8223417668" visible="true" version="1" changeset="95742434" timestamp="2020-12-13T02:20:08Z" user="mace13" uid="12105122" lat="40.4170686" lon="-86.9230356"/>
 <node id="8223417669" visible="true" version="1" changeset="95742434" timestamp="2020-12-13T02:20:08Z" user="mace13" uid="12105122" lat="40.4171867" lon="-86.9235591"/>
 <node id="8223417670" visible="true" version="1" changeset="95742434" timestamp="2020-12-13T02:20:08Z" user="mace13" uid="12105122" lat="40.4176613" lon="-86.9247603"/>
 <node id="8223417671" visible="true" version="2" changeset="117658475" timestamp="2022-02-21T00:01:00Z" user="AwwJeez" uid="9625789" lat="40.4177666" lon="-86.9250382">
  <tag k="noexit" v="yes"/>
 </node>
 <node id="8223417672" visible="true" version="1" changeset="95742434" timestamp="2020-12-13T02:20:08Z" user="mace13" uid="12105122" lat="40.4191729" lon="-86.9246096"/>
 <node id="8241716339" visible="true" version="2" changeset="117658475" timestamp="2022-02-21T00:01:00Z" user="AwwJeez" uid="9625789" lat="40.4196946" lon="-86.9215593"/>
 <node id="8260067901" visible="true" version="1" changeset="96430470" timestamp="2020-12-25T17:46:07Z" user="mace13" uid="12105122" lat="40.4164970" lon="-86.9223307"/>
 <node id="8260067902" visible="true" version="1" changeset="96430470" timestamp="2020-12-25T17:46:07Z" user="mace13" uid="12105122" lat="40.4131123" lon="-86.9189914"/>
 <node id="8260067903" visible="true" version="1" changeset="96430470" timestamp="2020-12-25T17:46:07Z" user="mace13" uid="12105122" lat="40.4136094" lon="-86.9193850"/>
 <node id="8260067904" visible="true" version="1" changeset="96430470" timestamp="2020-12-25T17:46:07Z" user="mace13" uid="12105122" lat="40.4139758" lon="-86.9197181"/>
 <node id="8260067905" visible="true" version="1" changeset="96430470" timestamp="2020-12-25T17:46:07Z" user="mace13" uid="12105122" lat="40.4148203" lon="-86.9203769"/>
 <node id="8260067906" visible="true" version="1" changeset="96430470" timestamp="2020-12-25T17:46:07Z" user="mace13" uid="12105122" lat="40.4128472" lon="-86.9187951"/>
 <node id="8260067907" visible="true" version="1" changeset="96430470" timestamp="2020-12-25T17:46:07Z" user="mace13" uid="12105122" lat="40.4155673" lon="-86.9210897"/>
 <node id="8304512572" visible="true" version="1" changeset="97193380" timestamp="2021-01-08T22:34:34Z" user="mace13" uid="12105122" lat="40.4157895" lon="-86.9431176"/>
 <node id="8304512577" visible="true" version="1" changeset="97193380" timestamp="2021-01-08T22:34:34Z" user="mace13" uid="12105122" lat="40.4200526" lon="-86.9436874"/>
 <node id="8304512578" visible="true" version="2" changeset="112671985" timestamp="2021-10-18T22:03:23Z" user="riiga" uid="83501" lat="40.4197433" lon="-86.9433895"/>
 <node id="8304512579" visible="true" version="2" changeset="112671985" timestamp="2021-10-18T22:03:23Z" user="riiga" uid="83501" lat="40.4194963" lon="-86.9432386"/>
 <node id="8304512580" visible="true" version="2" changeset="112671985" timestamp="2021-10-18T22:03:23Z" user="riiga" uid="83501" lat="40.4190210" lon="-86.9431347"/>
 <node id="8304512581" visible="true" version="2" changeset="112671985" timestamp="2021-10-18T22:03:23Z" user="riiga" uid="83501" lat="40.4186243" lon="-86.9431320"/>
 <node id="8304512582" visible="true" version="3" changeset="122525177" timestamp="2022-06-17T21:30:08Z" user="Clarke22" uid="703694" lat="40.4171078" lon="-86.9431252">
  <tag k="highway" v="stop"/>
 </node>
 <node id="8304512583" visible="true" version="2" changeset="122525177" timestamp="2022-06-17T21:30:08Z" user="Clarke22" uid="703694" lat="40.4170938" lon="-86.9461928"/>
 <node id="8304512593" visible="true" version="2" changeset="136546951" timestamp="2023-05-25T14:29:36Z" user="Andros66" uid="8929524" lat="40.4200138" lon="-86.9435259"/>
 <node id="8304512594" visible="true" version="2" changeset="136546951" timestamp="2023-05-25T14:29:36Z" user="Andros66" uid="8929524" lat="40.4197488" lon="-86.9432818"/>
 <node id="8304512595" visible="true" version="2" changeset="136546951" timestamp="2023-05-25T14:29:36Z" user="Andros66" uid="8929524" lat="40.4195842" lon="-86.9431801"/>
 <node id="8304512598" visible="true" version="3" changeset="141185128" timestamp="2023-09-13T00:37:08Z" user="Clarke22" uid="703694" lat="40.4170182" lon="-86.9461944"/>
 <node id="8304512599" visible="true" version="2" changeset="148590414" timestamp="2024-03-13T12:05:13Z" user="whazen" uid="18632776" lat="40.4170352" lon="-86.9431263">
  <tag k="crossing" v="uncontrolled"/>
  <tag k="crossing:markings" v="yes"/>
  <tag k="highway" v="crossing"/>
 </node>
 <node id="8459616471" visible="true" version="1" changeset="100010816" timestamp="2021-02-26T02:00:12Z" user="Sfriniks" uid="11810703" lat="40.4158454" lon="-86.9353823"/>
 <node id="8459616472" visible="true" version="1" changeset="100010816" timestamp="2021-02-26T02:00:12Z" user="Sfriniks" uid="11810703" lat="40.4157045" lon="-86.9342577"/>
 <node id="8459616473" visible="true" version="1" changeset="100010816" timestamp="2021-02-26T02:00:12Z" user="Sfriniks" uid="11810703" lat="40.4158379" lon="-86.9364449"/>
 <node id="8459616474" visible="true" version="1" changeset="100010816" timestamp="2021-02-26T02:00:12Z" user="Sfriniks" uid="11810703" lat="40.4157129" lon="-86.9354096"/>
 <node id="8459616475" visible="true" version="1" changeset="100010816" timestamp="2021-02-26T02:00:12Z" user="Sfriniks" uid="11810703" lat="40.4165044" lon="-86.9362404"/>
 <node id="8459616476" visible="true" version="1" changeset="100010816" timestamp="2021-02-26T02:00:12Z" user="Sfriniks" uid="11810703" lat="40.4163831" lon="-86.9352717"/>
 <node id="8459616477" visible="true" version="1" changeset="100010816" timestamp="2021-02-26T02:00:12Z" user="Sfriniks" uid="11810703" lat="40.4163484" lon="-86.9349938"/>
 <node id="8459616478" visible="true" version="1" changeset="100010816" timestamp="2021-02-26T02:00:12Z" user="Sfriniks" uid="11810703" lat="40.4167972" lon="-86.9361066"/>
 <node id="8459616479" visible="true" version="1" changeset="100010816" timestamp="2021-02-26T02:00:12Z" user="Sfriniks" uid="11810703" lat="40.4166961" lon="-86.9352879"/>
 <node id="8459616480" visible="true" version="1" changeset="100010816" timestamp="2021-02-26T02:00:12Z" user="Sfriniks" uid="11810703" lat="40.4166895" lon="-86.9352698"/>
 <node id="8459616481" visible="true" version="1" changeset="100010816" timestamp="2021-02-26T02:00:12Z" user="Sfriniks" uid="11810703" lat="40.4166813" lon="-86.9352530"/>
 <node id="8459616482" visible="true" version="1" changeset="100010816" timestamp="2021-02-26T02:00:12Z" user="Sfriniks" uid="11810703" lat="40.4166629" lon="-86.9352409"/>
 <node id="8459616483" visible="true" version="1" changeset="100010816" timestamp="2021-02-26T02:00:12Z" user="Sfriniks" uid="11810703" lat="40.4166435" lon="-86.9352309"/>
 <node id="8459616484" visible="true" version="1" changeset="100010816" timestamp="2021-02-26T02:00:12Z" user="Sfriniks" uid="11810703" lat="40.4166277" lon="-86.9352262"/>
 <node id="8459616485" visible="true" version="1" changeset="100010816" timestamp="2021-02-26T02:00:12Z" user="Sfriniks" uid="11810703" lat="40.4166068" lon="-86.9352275"/>
 <node id="8459616486" visible="true" version="1" changeset="100010816" timestamp="2021-02-26T02:00:12Z" user="Sfriniks" uid="11810703" lat="40.4154943" lon="-86.9365170"/>
 <node id="8459616487" visible="true" version="1" changeset="100010816" timestamp="2021-02-26T02:00:12Z" user="Sfriniks" uid="11810703" lat="40.4153667" lon="-86.9354770"/>
 <node id="8459616488" visible="true" version="1" changeset="100010816" timestamp="2021-02-26T02:00:12Z" user="Sfriniks" uid="11810703" lat="40.4155908" lon="-86.9354347"/>
 <node id="8459616489" visible="true" version="1" changeset="100010816" timestamp="2021-02-26T02:00:12Z" user="Sfriniks" uid="11810703" lat="40.4154559" lon="-86.9343115"/>
 <node id="8459616490" visible="true" version="1" changeset="100010816" timestamp="2021-02-26T02:00:12Z" user="Sfriniks" uid="11810703" lat="40.4161350" lon="-86.9353207"/>
 <node id="8459616491" visible="true" version="1" changeset="100010816" timestamp="2021-02-26T02:00:12Z" user="Sfriniks" uid="11810703" lat="40.4161202" lon="-86.9353154"/>
 <node id="8459616492" visible="true" version="1" changeset="100010816" timestamp="2021-02-26T02:00:12Z" user="Sfriniks" uid="11810703" lat="40.4161069" lon="-86.9353097"/>
 <node id="8459616493" visible="true" version="1" changeset="100010816" timestamp="2021-02-26T02:00:12Z" user="Sfriniks" uid="11810703" lat="40.4160942" lon="-86.9352973"/>
 <node id="8459616494" visible="true" version="1" changeset="100010816" timestamp="2021-02-26T02:00:12Z" user="Sfriniks" uid="11810703" lat="40.4161825" lon="-86.9363165"/>
 <node id="8459616495" visible="true" version="1" changeset="100010816" timestamp="2021-02-26T02:00:12Z" user="Sfriniks" uid="11810703" lat="40.4160870" lon="-86.9355132"/>
 <node id="8459616496" visible="true" version="1" changeset="100010816" timestamp="2021-02-26T02:00:12Z" user="Sfriniks" uid="11810703" lat="40.4160896" lon="-86.9353321"/>
 <node id="8459616497" visible="true" version="1" changeset="100010816" timestamp="2021-02-26T02:00:12Z" user="Sfriniks" uid="11810703" lat="40.4160840" lon="-86.9352818"/>
 <node id="8459616498" visible="true" version="1" changeset="100010816" timestamp="2021-02-26T02:00:12Z" user="Sfriniks" uid="11810703" lat="40.4159533" lon="-86.9342039"/>
 <node id="8459616499" visible="true" version="1" changeset="100010816" timestamp="2021-02-26T02:00:12Z" user="Sfriniks" uid="11810703" lat="40.4151134" lon="-86.9298917">
  <tag k="aeroway" v="holding_position"/>
  <tag k="holding_position:type" v="intermediate"/>
 </node>
 <node id="8459616500" visible="true" version="1" changeset="100010816" timestamp="2021-02-26T02:00:12Z" user="Sfriniks" uid="11810703" lat="40.4091289" lon="-86.9387905"/>
 <node id="8459616501" visible="true" version="1" changeset="100010816" timestamp="2021-02-26T02:00:12Z" user="Sfriniks" uid="11810703" lat="40.4091264" lon="-86.9387251"/>
 <node id="8459616502" visible="true" version="1" changeset="100010816" timestamp="2021-02-26T02:00:12Z" user="Sfriniks" uid="11810703" lat="40.4091100" lon="-86.9386611"/>
 <node id="8459616503" visible="true" version="1" changeset="100010816" timestamp="2021-02-26T02:00:12Z" user="Sfriniks" uid="11810703" lat="40.4090917" lon="-86.9386329"/>
 <node id="8459616504" visible="true" version="1" changeset="100010816" timestamp="2021-02-26T02:00:12Z" user="Sfriniks" uid="11810703" lat="40.4090539" lon="-86.9385866"/>
 <node id="8459616505" visible="true" version="1" changeset="100010816" timestamp="2021-02-26T02:00:12Z" user="Sfriniks" uid="11810703" lat="40.4089839" lon="-86.9385072"/>
 <node id="8459616506" visible="true" version="1" changeset="100010816" timestamp="2021-02-26T02:00:12Z" user="Sfriniks" uid="11810703" lat="40.4089344" lon="-86.9384499"/>
 <node id="8459616507" visible="true" version="1" changeset="100010816" timestamp="2021-02-26T02:00:12Z" user="Sfriniks" uid="11810703" lat="40.4088861" lon="-86.9384133"/>
 <node id="8459616508" visible="true" version="1" changeset="100010816" timestamp="2021-02-26T02:00:12Z" user="Sfriniks" uid="11810703" lat="40.4088494" lon="-86.9384056"/>
 <node id="8459616509" visible="true" version="1" changeset="100010816" timestamp="2021-02-26T02:00:12Z" user="Sfriniks" uid="11810703" lat="40.4088198" lon="-86.9384076"/>
 <node id="8459616510" visible="true" version="1" changeset="100010816" timestamp="2021-02-26T02:00:12Z" user="Sfriniks" uid="11810703" lat="40.4087896" lon="-86.9384173"/>
 <node id="8459616511" visible="true" version="1" changeset="100010816" timestamp="2021-02-26T02:00:12Z" user="Sfriniks" uid="11810703" lat="40.4087672" lon="-86.9384334"/>
 <node id="8459616512" visible="true" version="1" changeset="100010816" timestamp="2021-02-26T02:00:12Z" user="Sfriniks" uid="11810703" lat="40.4084511" lon="-86.9389206"/>
 <node id="8459616513" visible="true" version="1" changeset="100010816" timestamp="2021-02-26T02:00:12Z" user="Sfriniks" uid="11810703" lat="40.4084496" lon="-86.9389487"/>
 <node id="8459616514" visible="true" version="1" changeset="100010816" timestamp="2021-02-26T02:00:12Z" user="Sfriniks" uid="11810703" lat="40.4084509" lon="-86.9390111"/>
 <node id="8459616515" visible="true" version="1" changeset="100010816" timestamp="2021-02-26T02:00:12Z" user="Sfriniks" uid="11810703" lat="40.4084570" lon="-86.9390577"/>
 <node id="8459616516" visible="true" version="1" changeset="100010816" timestamp="2021-02-26T02:00:12Z" user="Sfriniks" uid="11810703" lat="40.4084723" lon="-86.9390996"/>
 <node id="8459650417" visible="true" version="1" changeset="100010816" timestamp="2021-02-26T02:00:12Z" user="Sfriniks" uid="11810703" lat="40.4086311" lon="-86.9392753"/>
 <node id="8459650418" visible="true" version="1" changeset="100010816" timestamp="2021-02-26T02:00:12Z" user="Sfriniks" uid="11810703" lat="40.4086612" lon="-86.9393095"/>
 <node id="8459650419" visible="true" version="1" changeset="100010816" timestamp="2021-02-26T02:00:12Z" user="Sfriniks" uid="11810703" lat="40.4086870" lon="-86.9393256"/>
 <node id="8459650420" visible="true" version="1" changeset="100010816" timestamp="2021-02-26T02:00:12Z" user="Sfriniks" uid="11810703" lat="40.4087161" lon="-86.9393367"/>
 <node id="8459650421" visible="true" version="1" changeset="100010816" timestamp="2021-02-26T02:00:12Z" user="Sfriniks" uid="11810703" lat="40.4087419" lon="-86.9393397"/>
 <node id="8459650422" visible="true" version="1" changeset="100010816" timestamp="2021-02-26T02:00:12Z" user="Sfriniks" uid="11810703" lat="40.4087626" lon="-86.9393346"/>
 <node id="8459650423" visible="true" version="1" changeset="100010816" timestamp="2021-02-26T02:00:12Z" user="Sfriniks" uid="11810703" lat="40.4087871" lon="-86.9393263"/>
 <node id="8459650424" visible="true" version="1" changeset="100010816" timestamp="2021-02-26T02:00:12Z" user="Sfriniks" uid="11810703" lat="40.4088075" lon="-86.9393105"/>
 <node id="8459650425" visible="true" version="1" changeset="100010816" timestamp="2021-02-26T02:00:12Z" user="Sfriniks" uid="11810703" lat="40.4088318" lon="-86.9392793"/>
 <node id="8459650426" visible="true" version="1" changeset="100010816" timestamp="2021-02-26T02:00:12Z" user="Sfriniks" uid="11810703" lat="40.4091164" lon="-86.9388404"/>
 <node id="8459650427" visible="true" version="1" changeset="100010816" timestamp="2021-02-26T02:00:12Z" user="Sfriniks" uid="11810703" lat="40.4116833" lon="-86.9342247"/>
 <node id="8459650428" visible="true" version="1" changeset="100010816" timestamp="2021-02-26T02:00:12Z" user="Sfriniks" uid="11810703" lat="40.4116430" lon="-86.9342026"/>
 <node id="8459650429" visible="true" version="1" changeset="100010816" timestamp="2021-02-26T02:00:12Z" user="Sfriniks" uid="11810703" lat="40.4116065" lon="-86.9341878"/>
 <node id="8459650430" visible="true" version="1" changeset="100010816" timestamp="2021-02-26T02:00:12Z" user="Sfriniks" uid="11810703" lat="40.4115840" lon="-86.9341855"/>
 <node id="8459650431" visible="true" version="1" changeset="100010816" timestamp="2021-02-26T02:00:12Z" user="Sfriniks" uid="11810703" lat="40.4115258" lon="-86.9342056"/>
 <node id="8459650432" visible="true" version="1" changeset="100010816" timestamp="2021-02-26T02:00:12Z" user="Sfriniks" uid="11810703" lat="40.4090697" lon="-86.9379681"/>
 <node id="8459650433" visible="true" version="1" changeset="100010816" timestamp="2021-02-26T02:00:12Z" user="Sfriniks" uid="11810703" lat="40.4090574" lon="-86.9380130"/>
 <node id="8459650434" visible="true" version="1" changeset="100010816" timestamp="2021-02-26T02:00:12Z" user="Sfriniks" uid="11810703" lat="40.4090475" lon="-86.9380951"/>
 <node id="8459650435" visible="true" version="1" changeset="100010816" timestamp="2021-02-26T02:00:12Z" user="Sfriniks" uid="11810703" lat="40.4090511" lon="-86.9381756"/>
 <node id="8459650436" visible="true" version="1" changeset="100010816" timestamp="2021-02-26T02:00:12Z" user="Sfriniks" uid="11810703" lat="40.4090669" lon="-86.9382400"/>
 <node id="8459650437" visible="true" version="1" changeset="100010816" timestamp="2021-02-26T02:00:12Z" user="Sfriniks" uid="11810703" lat="40.4090896" lon="-86.9382903"/>
 <node id="8459650438" visible="true" version="1" changeset="100010816" timestamp="2021-02-26T02:00:12Z" user="Sfriniks" uid="11810703" lat="40.4091376" lon="-86.9383523"/>
 <node id="8459650439" visible="true" version="1" changeset="100010816" timestamp="2021-02-26T02:00:12Z" user="Sfriniks" uid="11810703" lat="40.4091897" lon="-86.9383982"/>
 <node id="8459650440" visible="true" version="1" changeset="100010816" timestamp="2021-02-26T02:00:12Z" user="Sfriniks" uid="11810703" lat="40.4092257" lon="-86.9384160"/>
 <node id="8459650441" visible="true" version="1" changeset="100010816" timestamp="2021-02-26T02:00:12Z" user="Sfriniks" uid="11810703" lat="40.4092793" lon="-86.9384214"/>
 <node id="8459650442" visible="true" version="1" changeset="100010816" timestamp="2021-02-26T02:00:12Z" user="Sfriniks" uid="11810703" lat="40.4093311" lon="-86.9384150"/>
 <node id="8459650443" visible="true" version="1" changeset="100010816" timestamp="2021-02-26T02:00:12Z" user="Sfriniks" uid="11810703" lat="40.4094023" lon="-86.9383724"/>
 <node id="8459650444" visible="true" version="1" changeset="100010816" timestamp="2021-02-26T02:00:12Z" user="Sfriniks" uid="11810703" lat="40.4094473" lon="-86.9383302"/>
 <node id="8459650445" visible="true" version="1" changeset="100010816" timestamp="2021-02-26T02:00:12Z" user="Sfriniks" uid="11810703" lat="40.4117556" lon="-86.9348031"/>
 <node id="8459650446" visible="true" version="1" changeset="100010816" timestamp="2021-02-26T02:00:12Z" user="Sfriniks" uid="11810703" lat="40.4125137" lon="-86.9330968"/>
 <node id="8459650447" visible="true" version="1" changeset="100010816" timestamp="2021-02-26T02:00:12Z" user="Sfriniks" uid="11810703" lat="40.4124872" lon="-86.9330677"/>
 <node id="8459650448" visible="true" version="1" changeset="100010816" timestamp="2021-02-26T02:00:12Z" user="Sfriniks" uid="11810703" lat="40.4124387" lon="-86.9330180"/>
 <node id="8459650449" visible="true" version="1" changeset="100010816" timestamp="2021-02-26T02:00:12Z" user="Sfriniks" uid="11810703" lat="40.4124083" lon="-86.9330009"/>
 <node id="8459650450" visible="true" version="1" changeset="100010816" timestamp="2021-02-26T02:00:12Z" user="Sfriniks" uid="11810703" lat="40.4123790" lon="-86.9329983"/>
 <node id="8459650451" visible="true" version="1" changeset="100010816" timestamp="2021-02-26T02:00:12Z" user="Sfriniks" uid="11810703" lat="40.4123442" lon="-86.9330033"/>
 <node id="8459650452" visible="true" version="1" changeset="100010816" timestamp="2021-02-26T02:00:12Z" user="Sfriniks" uid="11810703" lat="40.4123177" lon="-86.9330123"/>
 <node id="8459650453" visible="true" version="1" changeset="100010816" timestamp="2021-02-26T02:00:12Z" user="Sfriniks" uid="11810703" lat="40.4122927" lon="-86.9330261"/>
 <node id="8459650454" visible="true" version="1" changeset="100010816" timestamp="2021-02-26T02:00:12Z" user="Sfriniks" uid="11810703" lat="40.4120974" lon="-86.9333272"/>
 <node id="8459650455" visible="true" version="1" changeset="100010816" timestamp="2021-02-26T02:00:12Z" user="Sfriniks" uid="11810703" lat="40.4120683" lon="-86.9334271"/>
 <node id="8459650456" visible="true" version="1" changeset="100010816" timestamp="2021-02-26T02:00:12Z" user="Sfriniks" uid="11810703" lat="40.4121298" lon="-86.9339380"/>
 <node id="8459650457" visible="true" version="1" changeset="100010816" timestamp="2021-02-26T02:00:12Z" user="Sfriniks" uid="11810703" lat="40.4121533" lon="-86.9339588"/>
 <node id="8459650458" visible="true" version="1" changeset="100010816" timestamp="2021-02-26T02:00:12Z" user="Sfriniks" uid="11810703" lat="40.4121852" lon="-86.9339846"/>
 <node id="8459650459" visible="true" version="1" changeset="100010816" timestamp="2021-02-26T02:00:12Z" user="Sfriniks" uid="11810703" lat="40.4122260" lon="-86.9339914"/>
 <node id="8459650460" visible="true" version="1" changeset="100010816" timestamp="2021-02-26T02:00:12Z" user="Sfriniks" uid="11810703" lat="40.4122562" lon="-86.9339846"/>
 <node id="8459650461" visible="true" version="1" changeset="100010816" timestamp="2021-02-26T02:00:12Z" user="Sfriniks" uid="11810703" lat="40.4122832" lon="-86.9339753"/>
 <node id="8459650462" visible="true" version="1" changeset="100010816" timestamp="2021-02-26T02:00:12Z" user="Sfriniks" uid="11810703" lat="40.4123098" lon="-86.9339548"/>
 <node id="8459650463" visible="true" version="1" changeset="100010816" timestamp="2021-02-26T02:00:12Z" user="Sfriniks" uid="11810703" lat="40.4125283" lon="-86.9336128"/>
 <node id="8459650464" visible="true" version="1" changeset="100010816" timestamp="2021-02-26T02:00:12Z" user="Sfriniks" uid="11810703" lat="40.4125385" lon="-86.9335857"/>
 <node id="8459650465" visible="true" version="1" changeset="100010816" timestamp="2021-02-26T02:00:12Z" user="Sfriniks" uid="11810703" lat="40.4126312" lon="-86.9333366"/>
 <node id="8459650466" visible="true" version="1" changeset="100010816" timestamp="2021-02-26T02:00:12Z" user="Sfriniks" uid="11810703" lat="40.4141490" lon="-86.9498234"/>
 <node id="8459650467" visible="true" version="1" changeset="100010816" timestamp="2021-02-26T02:00:12Z" user="Sfriniks" uid="11810703" lat="40.4140985" lon="-86.9498737"/>
 <node id="8459650468" visible="true" version="1" changeset="100010816" timestamp="2021-02-26T02:00:12Z" user="Sfriniks" uid="11810703" lat="40.4140888" lon="-86.9498918"/>
 <node id="8459650469" visible="true" version="1" changeset="100010816" timestamp="2021-02-26T02:00:12Z" user="Sfriniks" uid="11810703" lat="40.4140852" lon="-86.9499139"/>
 <node id="8459650470" visible="true" version="1" changeset="100010816" timestamp="2021-02-26T02:00:12Z" user="Sfriniks" uid="11810703" lat="40.4141409" lon="-86.9503558"/>
 <node id="8459650471" visible="true" version="1" changeset="100010816" timestamp="2021-02-26T02:00:12Z" user="Sfriniks" uid="11810703" lat="40.4141577" lon="-86.9504122"/>
 <node id="8459650472" visible="true" version="1" changeset="100010816" timestamp="2021-02-26T02:00:12Z" user="Sfriniks" uid="11810703" lat="40.4142169" lon="-86.9504946"/>
 <node id="8459650473" visible="true" version="1" changeset="100010816" timestamp="2021-02-26T02:00:12Z" user="Sfriniks" uid="11810703" lat="40.4142751" lon="-86.9505483"/>
 <node id="8459650474" visible="true" version="1" changeset="100010816" timestamp="2021-02-26T02:00:12Z" user="Sfriniks" uid="11810703" lat="40.4143471" lon="-86.9505825"/>
 <node id="8459650475" visible="true" version="1" changeset="100010816" timestamp="2021-02-26T02:00:12Z" user="Sfriniks" uid="11810703" lat="40.4144181" lon="-86.9505959"/>
 <node id="8459650476" visible="true" version="1" changeset="100010816" timestamp="2021-02-26T02:00:12Z" user="Sfriniks" uid="11810703" lat="40.4144957" lon="-86.9505939"/>
 <node id="8459650477" visible="true" version="1" changeset="100010816" timestamp="2021-02-26T02:00:12Z" user="Sfriniks" uid="11810703" lat="40.4145810" lon="-86.9505758"/>
 <node id="8459650478" visible="true" version="1" changeset="100010816" timestamp="2021-02-26T02:00:12Z" user="Sfriniks" uid="11810703" lat="40.4146392" lon="-86.9505503"/>
 <node id="8459650479" visible="true" version="1" changeset="100010816" timestamp="2021-02-26T02:00:12Z" user="Sfriniks" uid="11810703" lat="40.4146887" lon="-86.9505154"/>
 <node id="8459650480" visible="true" version="1" changeset="100010816" timestamp="2021-02-26T02:00:12Z" user="Sfriniks" uid="11810703" lat="40.4147479" lon="-86.9504618"/>
 <node id="8459650481" visible="true" version="1" changeset="100010816" timestamp="2021-02-26T02:00:12Z" user="Sfriniks" uid="11810703" lat="40.4147928" lon="-86.9503954"/>
 <node id="8459650482" visible="true" version="1" changeset="100010816" timestamp="2021-02-26T02:00:12Z" user="Sfriniks" uid="11810703" lat="40.4148230" lon="-86.9503444"/>
 <node id="8459650483" visible="true" version="1" changeset="100010816" timestamp="2021-02-26T02:00:12Z" user="Sfriniks" uid="11810703" lat="40.4148372" lon="-86.9503002"/>
 <node id="8459650484" visible="true" version="1" changeset="100010816" timestamp="2021-02-26T02:00:12Z" user="Sfriniks" uid="11810703" lat="40.4148551" lon="-86.9502298"/>
 <node id="8459650485" visible="true" version="1" changeset="100010816" timestamp="2021-02-26T02:00:12Z" user="Sfriniks" uid="11810703" lat="40.4148633" lon="-86.9501634"/>
 <node id="8459650486" visible="true" version="1" changeset="100010816" timestamp="2021-02-26T02:00:12Z" user="Sfriniks" uid="11810703" lat="40.4148306" lon="-86.9498456"/>
 <node id="8459650487" visible="true" version="1" changeset="100010816" timestamp="2021-02-26T02:00:12Z" user="Sfriniks" uid="11810703" lat="40.4148168" lon="-86.9497973"/>
 <node id="8459650488" visible="true" version="1" changeset="100010816" timestamp="2021-02-26T02:00:12Z" user="Sfriniks" uid="11810703" lat="40.4147964" lon="-86.9497577"/>
 <node id="8459650489" visible="true" version="1" changeset="100010816" timestamp="2021-02-26T02:00:12Z" user="Sfriniks" uid="11810703" lat="40.4147632" lon="-86.9497215"/>
 <node id="8459650490" visible="true" version="1" changeset="100010816" timestamp="2021-02-26T02:00:12Z" user="Sfriniks" uid="11810703" lat="40.4147157" lon="-86.9497047"/>
 <node id="8459650491" visible="true" version="1" changeset="100010816" timestamp="2021-02-26T02:00:12Z" user="Sfriniks" uid="11810703" lat="40.4146683" lon="-86.9497101"/>
 <node id="8459650492" visible="true" version="1" changeset="100010816" timestamp="2021-02-26T02:00:12Z" user="Sfriniks" uid="11810703" lat="40.4141398" lon="-86.9439018"/>
 <node id="8459650493" visible="true" version="1" changeset="100010816" timestamp="2021-02-26T02:00:12Z" user="Sfriniks" uid="11810703" lat="40.4140086" lon="-86.9431072"/>
 <node id="8459650494" visible="true" version="1" changeset="100010816" timestamp="2021-02-26T02:00:12Z" user="Sfriniks" uid="11810703" lat="40.4139862" lon="-86.9430133"/>
 <node id="8459650495" visible="true" version="1" changeset="100010816" timestamp="2021-02-26T02:00:12Z" user="Sfriniks" uid="11810703" lat="40.4139606" lon="-86.9429389"/>
 <node id="8459650496" visible="true" version="1" changeset="100010816" timestamp="2021-02-26T02:00:12Z" user="Sfriniks" uid="11810703" lat="40.4139305" lon="-86.9428866"/>
 <node id="8459650497" visible="true" version="1" changeset="100010816" timestamp="2021-02-26T02:00:12Z" user="Sfriniks" uid="11810703" lat="40.4138968" lon="-86.9428510"/>
 <node id="8459650498" visible="true" version="1" changeset="100010816" timestamp="2021-02-26T02:00:12Z" user="Sfriniks" uid="11810703" lat="40.4138601" lon="-86.9428229"/>
 <node id="8459650499" visible="true" version="1" changeset="100010816" timestamp="2021-02-26T02:00:12Z" user="Sfriniks" uid="11810703" lat="40.4138274" lon="-86.9428048"/>
 <node id="8459650500" visible="true" version="1" changeset="100010816" timestamp="2021-02-26T02:00:12Z" user="Sfriniks" uid="11810703" lat="40.4137666" lon="-86.9427840"/>
 <node id="8459650501" visible="true" version="1" changeset="100010816" timestamp="2021-02-26T02:00:12Z" user="Sfriniks" uid="11810703" lat="40.4136992" lon="-86.9427846"/>
 <node id="8459650502" visible="true" version="1" changeset="100010816" timestamp="2021-02-26T02:00:12Z" user="Sfriniks" uid="11810703" lat="40.4136053" lon="-86.9428088"/>
 <node id="8459650503" visible="true" version="1" changeset="100010816" timestamp="2021-02-26T02:00:12Z" user="Sfriniks" uid="11810703" lat="40.4135068" lon="-86.9428691"/>
 <node id="8459650504" visible="true" version="1" changeset="100010816" timestamp="2021-02-26T02:00:12Z" user="Sfriniks" uid="11810703" lat="40.4134368" lon="-86.9429389"/>
 <node id="8459650505" visible="true" version="1" changeset="100010816" timestamp="2021-02-26T02:00:12Z" user="Sfriniks" uid="11810703" lat="40.4133720" lon="-86.9430247"/>
 <node id="8459650506" visible="true" version="1" changeset="100010816" timestamp="2021-02-26T02:00:12Z" user="Sfriniks" uid="11810703" lat="40.4133158" lon="-86.9431427"/>
 <node id="8459650507" visible="true" version="1" changeset="100010816" timestamp="2021-02-26T02:00:12Z" user="Sfriniks" uid="11810703" lat="40.4132791" lon="-86.9432795"/>
 <node id="8459650508" visible="true" version="1" changeset="100010816" timestamp="2021-02-26T02:00:12Z" user="Sfriniks" uid="11810703" lat="40.4140089" lon="-86.9492856"/>
 <node id="8459650509" visible="true" version="1" changeset="100010816" timestamp="2021-02-26T02:00:12Z" user="Sfriniks" uid="11810703" lat="40.4140234" lon="-86.9493413"/>
 <node id="8459650510" visible="true" version="1" changeset="100010816" timestamp="2021-02-26T02:00:12Z" user="Sfriniks" uid="11810703" lat="40.4140748" lon="-86.9494174"/>
 <node id="8459650511" visible="true" version="1" changeset="100010816" timestamp="2021-02-26T02:00:12Z" user="Sfriniks" uid="11810703" lat="40.4141153" lon="-86.9494607"/>
 <node id="8459650512" visible="true" version="1" changeset="100010816" timestamp="2021-02-26T02:00:12Z" user="Sfriniks" uid="11810703" lat="40.4141582" lon="-86.9494902"/>
 <node id="8459650513" visible="true" version="1" changeset="100010816" timestamp="2021-02-26T02:00:12Z" user="Sfriniks" uid="11810703" lat="40.4142047" lon="-86.9495160"/>
 <node id="8459650514" visible="true" version="1" changeset="100010816" timestamp="2021-02-26T02:00:12Z" user="Sfriniks" uid="11810703" lat="40.4142384" lon="-86.9495247"/>
 <node id="8459650515" visible="true" version="1" changeset="100010816" timestamp="2021-02-26T02:00:12Z" user="Sfriniks" uid="11810703" lat="40.4143093" lon="-86.9495334"/>
 <node id="8459650516" visible="true" version="1" changeset="100010816" timestamp="2021-02-26T02:00:12Z" user="Sfriniks" uid="11810703" lat="40.4144947" lon="-86.9494949"/>
 <node id="8459650517" visible="true" version="1" changeset="100010816" timestamp="2021-02-26T02:00:12Z" user="Sfriniks" uid="11810703" lat="40.4145406" lon="-86.9494694"/>
 <node id="8459650518" visible="true" version="1" changeset="100010816" timestamp="2021-02-26T02:00:12Z" user="Sfriniks" uid="11810703" lat="40.4145896" lon="-86.9494338"/>
 <node id="8459650519" visible="true" version="1" changeset="100010816" timestamp="2021-02-26T02:00:12Z" user="Sfriniks" uid="11810703" lat="40.4146279" lon="-86.9493882"/>
 <node id="8459650520" visible="true" version="1" changeset="100010816" timestamp="2021-02-26T02:00:12Z" user="Sfriniks" uid="11810703" lat="40.4146596" lon="-86.9493413"/>
 <node id="8459650521" visible="true" version="1" changeset="100010816" timestamp="2021-02-26T02:00:12Z" user="Sfriniks" uid="11810703" lat="40.4146902" lon="-86.9492870"/>
 <node id="8459650522" visible="true" version="1" changeset="100010816" timestamp="2021-02-26T02:00:12Z" user="Sfriniks" uid="11810703" lat="40.4147122" lon="-86.9492099"/>
 <node id="8459650523" visible="true" version="1" changeset="100010816" timestamp="2021-02-26T02:00:12Z" user="Sfriniks" uid="11810703" lat="40.4147219" lon="-86.9491388"/>
 <node id="8459650524" visible="true" version="1" changeset="100010816" timestamp="2021-02-26T02:00:12Z" user="Sfriniks" uid="11810703" lat="40.4147305" lon="-86.9490369"/>
 <node id="8459650525" visible="true" version="1" changeset="100010816" timestamp="2021-02-26T02:00:12Z" user="Sfriniks" uid="11810703" lat="40.4146657" lon="-86.9481363"/>
 <node id="8459650526" visible="true" version="1" changeset="100010816" timestamp="2021-02-26T02:00:12Z" user="Sfriniks" uid="11810703" lat="40.4132178" lon="-86.9369190"/>
 <node id="8459650527" visible="true" version="1" changeset="100010816" timestamp="2021-02-26T02:00:12Z" user="Sfriniks" uid="11810703" lat="40.4132352" lon="-86.9369505"/>
 <node id="8459650528" visible="true" version="1" changeset="100010816" timestamp="2021-02-26T02:00:12Z" user="Sfriniks" uid="11810703" lat="40.4132030" lon="-86.9368942"/>
 <node id="8459650529" visible="true" version="1" changeset="100010816" timestamp="2021-02-26T02:00:12Z" user="Sfriniks" uid="11810703" lat="40.4131724" lon="-86.9368556"/>
 <node id="8459650530" visible="true" version="1" changeset="100010816" timestamp="2021-02-26T02:00:12Z" user="Sfriniks" uid="11810703" lat="40.4131131" lon="-86.9368117"/>
 <node id="8459650531" visible="true" version="1" changeset="100010816" timestamp="2021-02-26T02:00:12Z" user="Sfriniks" uid="11810703" lat="40.4130501" lon="-86.9367876"/>
 <node id="8459650532" visible="true" version="1" changeset="100010816" timestamp="2021-02-26T02:00:12Z" user="Sfriniks" uid="11810703" lat="40.4130052" lon="-86.9367802"/>
 <node id="8459650533" visible="true" version="1" changeset="100010816" timestamp="2021-02-26T02:00:12Z" user="Sfriniks" uid="11810703" lat="40.4129265" lon="-86.9367922"/>
 <node id="8459650534" visible="true" version="1" changeset="100010816" timestamp="2021-02-26T02:00:12Z" user="Sfriniks" uid="11810703" lat="40.4128303" lon="-86.9368432"/>
 <node id="8459650535" visible="true" version="1" changeset="100010816" timestamp="2021-02-26T02:00:12Z" user="Sfriniks" uid="11810703" lat="40.4127287" lon="-86.9369321"/>
 <node id="8459650536" visible="true" version="1" changeset="100010816" timestamp="2021-02-26T02:00:12Z" user="Sfriniks" uid="11810703" lat="40.4126567" lon="-86.9370269"/>
 <node id="8459650537" visible="true" version="1" changeset="100010816" timestamp="2021-02-26T02:00:12Z" user="Sfriniks" uid="11810703" lat="40.4126085" lon="-86.9371252"/>
 <node id="8459650538" visible="true" version="1" changeset="100010816" timestamp="2021-02-26T02:00:12Z" user="Sfriniks" uid="11810703" lat="40.4125791" lon="-86.9372288"/>
 <node id="8459650539" visible="true" version="1" changeset="100010816" timestamp="2021-02-26T02:00:12Z" user="Sfriniks" uid="11810703" lat="40.4125602" lon="-86.9373428"/>
 <node id="8459650540" visible="true" version="1" changeset="100010816" timestamp="2021-02-26T02:00:12Z" user="Sfriniks" uid="11810703" lat="40.4125592" lon="-86.9374269"/>
 <node id="8459650541" visible="true" version="1" changeset="100010816" timestamp="2021-02-26T02:00:12Z" user="Sfriniks" uid="11810703" lat="40.4131468" lon="-86.9422462"/>
 <node id="8459650542" visible="true" version="1" changeset="100010816" timestamp="2021-02-26T02:00:12Z" user="Sfriniks" uid="11810703" lat="40.4131930" lon="-86.9423263"/>
 <node id="8459650543" visible="true" version="1" changeset="100010816" timestamp="2021-02-26T02:00:12Z" user="Sfriniks" uid="11810703" lat="40.4132415" lon="-86.9423944"/>
 <node id="8459650544" visible="true" version="1" changeset="100010816" timestamp="2021-02-26T02:00:12Z" user="Sfriniks" uid="11810703" lat="40.4132870" lon="-86.9424440"/>
 <node id="8459650545" visible="true" version="1" changeset="100010816" timestamp="2021-02-26T02:00:12Z" user="Sfriniks" uid="11810703" lat="40.4133564" lon="-86.9424976"/>
 <node id="8459650546" visible="true" version="1" changeset="100010816" timestamp="2021-02-26T02:00:12Z" user="Sfriniks" uid="11810703" lat="40.4134527" lon="-86.9425409"/>
 <node id="8459650547" visible="true" version="1" changeset="100010816" timestamp="2021-02-26T02:00:12Z" user="Sfriniks" uid="11810703" lat="40.4135354" lon="-86.9425590"/>
 <node id="8459650548" visible="true" version="1" changeset="100010816" timestamp="2021-02-26T02:00:12Z" user="Sfriniks" uid="11810703" lat="40.4135747" lon="-86.9425593"/>
 <node id="8459650549" visible="true" version="1" changeset="100010816" timestamp="2021-02-26T02:00:12Z" user="Sfriniks" uid="11810703" lat="40.4136365" lon="-86.9425459"/>
 <node id="8459650550" visible="true" version="1" changeset="100010816" timestamp="2021-02-26T02:00:12Z" user="Sfriniks" uid="11810703" lat="40.4137243" lon="-86.9425198"/>
 <node id="8459650551" visible="true" version="1" changeset="100010816" timestamp="2021-02-26T02:00:12Z" user="Sfriniks" uid="11810703" lat="40.4137585" lon="-86.9424956"/>
 <node id="8459650552" visible="true" version="1" changeset="100010816" timestamp="2021-02-26T02:00:12Z" user="Sfriniks" uid="11810703" lat="40.4137843" lon="-86.9424728"/>
 <node id="8459650553" visible="true" version="1" changeset="100010816" timestamp="2021-02-26T02:00:12Z" user="Sfriniks" uid="11810703" lat="40.4138088" lon="-86.9424447"/>
 <node id="8459650554" visible="true" version="1" changeset="100010816" timestamp="2021-02-26T02:00:12Z" user="Sfriniks" uid="11810703" lat="40.4138287" lon="-86.9424138"/>
 <node id="8459650555" visible="true" version="1" changeset="100010816" timestamp="2021-02-26T02:00:12Z" user="Sfriniks" uid="11810703" lat="40.4138568" lon="-86.9423743"/>
 <node id="8459650556" visible="true" version="1" changeset="100010816" timestamp="2021-02-26T02:00:12Z" user="Sfriniks" uid="11810703" lat="40.4138718" lon="-86.9423350"/>
 <node id="8459650557" visible="true" version="1" changeset="100010816" timestamp="2021-02-26T02:00:12Z" user="Sfriniks" uid="11810703" lat="40.4138828" lon="-86.9422861"/>
 <node id="8459650558" visible="true" version="1" changeset="100010816" timestamp="2021-02-26T02:00:12Z" user="Sfriniks" uid="11810703" lat="40.4138866" lon="-86.9422277"/>
 <node id="8459650559" visible="true" version="1" changeset="100010816" timestamp="2021-02-26T02:00:12Z" user="Sfriniks" uid="11810703" lat="40.4138892" lon="-86.9421422"/>
 <node id="8459650560" visible="true" version="1" changeset="100010816" timestamp="2021-02-26T02:00:12Z" user="Sfriniks" uid="11810703" lat="40.4138213" lon="-86.9412578"/>
 <node id="8459650561" visible="true" version="1" changeset="100010816" timestamp="2021-02-26T02:00:12Z" user="Sfriniks" uid="11810703" lat="40.4134082" lon="-86.9378708"/>
 <node id="8459650562" visible="true" version="1" changeset="100010816" timestamp="2021-02-26T02:00:12Z" user="Sfriniks" uid="11810703" lat="40.4132535" lon="-86.9369880"/>
 <node id="8459650563" visible="true" version="1" changeset="100010816" timestamp="2021-02-26T02:00:12Z" user="Sfriniks" uid="11810703" lat="40.4122409" lon="-86.9343551"/>
 <node id="8459650564" visible="true" version="1" changeset="100010816" timestamp="2021-02-26T02:00:12Z" user="Sfriniks" uid="11810703" lat="40.4122186" lon="-86.9344101"/>
 <node id="8459650565" visible="true" version="1" changeset="100010816" timestamp="2021-02-26T02:00:12Z" user="Sfriniks" uid="11810703" lat="40.4122061" lon="-86.9344540"/>
 <node id="8459650566" visible="true" version="1" changeset="100010816" timestamp="2021-02-26T02:00:12Z" user="Sfriniks" uid="11810703" lat="40.4122038" lon="-86.9345010"/>
 <node id="8459650567" visible="true" version="1" changeset="100010816" timestamp="2021-02-26T02:00:12Z" user="Sfriniks" uid="11810703" lat="40.4122082" lon="-86.9345523"/>
 <node id="8459650568" visible="true" version="1" changeset="100010816" timestamp="2021-02-26T02:00:12Z" user="Sfriniks" uid="11810703" lat="40.4123994" lon="-86.9360821"/>
 <node id="8459650569" visible="true" version="1" changeset="100010816" timestamp="2021-02-26T02:00:12Z" user="Sfriniks" uid="11810703" lat="40.4124119" lon="-86.9361432"/>
 <node id="8459650570" visible="true" version="1" changeset="100010816" timestamp="2021-02-26T02:00:12Z" user="Sfriniks" uid="11810703" lat="40.4124576" lon="-86.9362652"/>
 <node id="8459650571" visible="true" version="1" changeset="100010816" timestamp="2021-02-26T02:00:12Z" user="Sfriniks" uid="11810703" lat="40.4125025" lon="-86.9363453"/>
 <node id="8459650572" visible="true" version="1" changeset="100010816" timestamp="2021-02-26T02:00:12Z" user="Sfriniks" uid="11810703" lat="40.4125717" lon="-86.9364261"/>
 <node id="8459650573" visible="true" version="1" changeset="100010816" timestamp="2021-02-26T02:00:12Z" user="Sfriniks" uid="11810703" lat="40.4126337" lon="-86.9364804"/>
 <node id="8459650574" visible="true" version="1" changeset="100010816" timestamp="2021-02-26T02:00:12Z" user="Sfriniks" uid="11810703" lat="40.4127032" lon="-86.9365187"/>
 <node id="8459650575" visible="true" version="1" changeset="100010816" timestamp="2021-02-26T02:00:12Z" user="Sfriniks" uid="11810703" lat="40.4127606" lon="-86.9365405"/>
 <node id="8459650576" visible="true" version="1" changeset="100010816" timestamp="2021-02-26T02:00:12Z" user="Sfriniks" uid="11810703" lat="40.4128221" lon="-86.9365545"/>
 <node id="8459650577" visible="true" version="1" changeset="100010816" timestamp="2021-02-26T02:00:12Z" user="Sfriniks" uid="11810703" lat="40.4128739" lon="-86.9365542"/>
 <node id="8459650578" visible="true" version="1" changeset="100010816" timestamp="2021-02-26T02:00:12Z" user="Sfriniks" uid="11810703" lat="40.4129679" lon="-86.9365334"/>
 <node id="8459650579" visible="true" version="1" changeset="100010816" timestamp="2021-02-26T02:00:12Z" user="Sfriniks" uid="11810703" lat="40.4130072" lon="-86.9365093"/>
 <node id="8459650580" visible="true" version="1" changeset="100010816" timestamp="2021-02-26T02:00:12Z" user="Sfriniks" uid="11810703" lat="40.4130529" lon="-86.9364761"/>
 <node id="8459650581" visible="true" version="1" changeset="100010816" timestamp="2021-02-26T02:00:12Z" user="Sfriniks" uid="11810703" lat="40.4130743" lon="-86.9364543"/>
 <node id="8459650582" visible="true" version="1" changeset="100010816" timestamp="2021-02-26T02:00:12Z" user="Sfriniks" uid="11810703" lat="40.4131009" lon="-86.9364141"/>
 <node id="8459650583" visible="true" version="1" changeset="100010816" timestamp="2021-02-26T02:00:12Z" user="Sfriniks" uid="11810703" lat="40.4131251" lon="-86.9363621"/>
 <node id="8459650584" visible="true" version="1" changeset="100010816" timestamp="2021-02-26T02:00:12Z" user="Sfriniks" uid="11810703" lat="40.4131422" lon="-86.9363078"/>
 <node id="8459650585" visible="true" version="1" changeset="100010816" timestamp="2021-02-26T02:00:12Z" user="Sfriniks" uid="11810703" lat="40.4131535" lon="-86.9362679"/>
 <node id="8459650586" visible="true" version="1" changeset="100010816" timestamp="2021-02-26T02:00:12Z" user="Sfriniks" uid="11810703" lat="40.4131563" lon="-86.9362072"/>
 <node id="8459650587" visible="true" version="1" changeset="100010816" timestamp="2021-02-26T02:00:12Z" user="Sfriniks" uid="11810703" lat="40.4131555" lon="-86.9361586"/>
 <node id="8459650588" visible="true" version="1" changeset="100010816" timestamp="2021-02-26T02:00:12Z" user="Sfriniks" uid="11810703" lat="40.4130866" lon="-86.9352423"/>
 <node id="8459650589" visible="true" version="1" changeset="100010816" timestamp="2021-02-26T02:00:12Z" user="Sfriniks" uid="11810703" lat="40.4130011" lon="-86.9345301"/>
 <node id="8459650590" visible="true" version="1" changeset="100010816" timestamp="2021-02-26T02:00:12Z" user="Sfriniks" uid="11810703" lat="40.4129944" lon="-86.9345301"/>
 <node id="8459650591" visible="true" version="1" changeset="100010816" timestamp="2021-02-26T02:00:12Z" user="Sfriniks" uid="11810703" lat="40.4129127" lon="-86.9339739"/>
 <node id="8459650592" visible="true" version="1" changeset="100010816" timestamp="2021-02-26T02:00:12Z" user="Sfriniks" uid="11810703" lat="40.4129020" lon="-86.9339139"/>
 <node id="8459650593" visible="true" version="1" changeset="100010816" timestamp="2021-02-26T02:00:12Z" user="Sfriniks" uid="11810703" lat="40.4128479" lon="-86.9337365"/>
 <node id="8459650594" visible="true" version="1" changeset="100010816" timestamp="2021-02-26T02:00:12Z" user="Sfriniks" uid="11810703" lat="40.4128290" lon="-86.9337020"/>
 <node id="8459650595" visible="true" version="1" changeset="100010816" timestamp="2021-02-26T02:00:12Z" user="Sfriniks" uid="11810703" lat="40.4128122" lon="-86.9336842"/>
 <node id="8459650596" visible="true" version="1" changeset="100010816" timestamp="2021-02-26T02:00:12Z" user="Sfriniks" uid="11810703" lat="40.4127948" lon="-86.9336759"/>
 <node id="8459650597" visible="true" version="1" changeset="100010816" timestamp="2021-02-26T02:00:12Z" user="Sfriniks" uid="11810703" lat="40.4127782" lon="-86.9336762"/>
 <node id="8459650598" visible="true" version="1" changeset="100010816" timestamp="2021-02-26T02:00:12Z" user="Sfriniks" uid="11810703" lat="40.4127522" lon="-86.9336859"/>
 <node id="8459650599" visible="true" version="1" changeset="100010816" timestamp="2021-02-26T02:00:12Z" user="Sfriniks" uid="11810703" lat="40.4127297" lon="-86.9337044"/>
 <node id="8459650600" visible="true" version="1" changeset="100010816" timestamp="2021-02-26T02:00:12Z" user="Sfriniks" uid="11810703" lat="40.4126467" lon="-86.9337768"/>
 <node id="8459650601" visible="true" version="1" changeset="100010816" timestamp="2021-02-26T02:00:12Z" user="Sfriniks" uid="11810703" lat="40.4150989" lon="-86.9298150"/>
 <node id="8459650602" visible="true" version="1" changeset="100010816" timestamp="2021-02-26T02:00:12Z" user="Sfriniks" uid="11810703" lat="40.4151058" lon="-86.9298090"/>
 <node id="8459650603" visible="true" version="1" changeset="100010816" timestamp="2021-02-26T02:00:12Z" user="Sfriniks" uid="11810703" lat="40.4151089" lon="-86.9298005"/>
 <node id="8459650604" visible="true" version="1" changeset="100010816" timestamp="2021-02-26T02:00:12Z" user="Sfriniks" uid="11810703" lat="40.4151151" lon="-86.9288444"/>
 <node id="8459650605" visible="true" version="1" changeset="100010816" timestamp="2021-02-26T02:00:12Z" user="Sfriniks" uid="11810703" lat="40.4151086" lon="-86.9288263"/>
 <node id="8459650606" visible="true" version="1" changeset="100010816" timestamp="2021-02-26T02:00:12Z" user="Sfriniks" uid="11810703" lat="40.4150971" lon="-86.9288066"/>
 <node id="8459650607" visible="true" version="1" changeset="100010816" timestamp="2021-02-26T02:00:12Z" user="Sfriniks" uid="11810703" lat="40.4150873" lon="-86.9287961"/>
 <node id="8459650608" visible="true" version="1" changeset="100010816" timestamp="2021-02-26T02:00:12Z" user="Sfriniks" uid="11810703" lat="40.4150761" lon="-86.9287900"/>
 <node id="8459650609" visible="true" version="1" changeset="100010816" timestamp="2021-02-26T02:00:12Z" user="Sfriniks" uid="11810703" lat="40.4150667" lon="-86.9287890"/>
 <node id="8459650610" visible="true" version="1" changeset="100010816" timestamp="2021-02-26T02:00:12Z" user="Sfriniks" uid="11810703" lat="40.4150573" lon="-86.9287917"/>
 <node id="8459650611" visible="true" version="1" changeset="100010816" timestamp="2021-02-26T02:00:12Z" user="Sfriniks" uid="11810703" lat="40.4150521" lon="-86.9287971"/>
 <node id="8459650612" visible="true" version="1" changeset="100010816" timestamp="2021-02-26T02:00:12Z" user="Sfriniks" uid="11810703" lat="40.4150492" lon="-86.9287967"/>
 <node id="8459650613" visible="true" version="1" changeset="100010816" timestamp="2021-02-26T02:00:12Z" user="Sfriniks" uid="11810703" lat="40.4144689" lon="-86.9296856"/>
 <node id="8459650614" visible="true" version="1" changeset="100010816" timestamp="2021-02-26T02:00:12Z" user="Sfriniks" uid="11810703" lat="40.4144677" lon="-86.9296934"/>
 <node id="8459650615" visible="true" version="1" changeset="100010816" timestamp="2021-02-26T02:00:12Z" user="Sfriniks" uid="11810703" lat="40.4144621" lon="-86.9297355"/>
 <node id="8459650616" visible="true" version="1" changeset="100010816" timestamp="2021-02-26T02:00:12Z" user="Sfriniks" uid="11810703" lat="40.4144670" lon="-86.9297665"/>
 <node id="8459650617" visible="true" version="1" changeset="100010816" timestamp="2021-02-26T02:00:12Z" user="Sfriniks" uid="11810703" lat="40.4144813" lon="-86.9297930"/>
 <node id="8459650618" visible="true" version="1" changeset="100010816" timestamp="2021-02-26T02:00:12Z" user="Sfriniks" uid="11810703" lat="40.4145062" lon="-86.9298136"/>
 <node id="8459650619" visible="true" version="1" changeset="100010816" timestamp="2021-02-26T02:00:12Z" user="Sfriniks" uid="11810703" lat="40.4151628" lon="-86.9300279"/>
 <node id="8459650620" visible="true" version="1" changeset="100010816" timestamp="2021-02-26T02:00:12Z" user="Sfriniks" uid="11810703" lat="40.4151808" lon="-86.9300700"/>
 <node id="8459650621" visible="true" version="1" changeset="100010816" timestamp="2021-02-26T02:00:12Z" user="Sfriniks" uid="11810703" lat="40.4151377" lon="-86.9299912"/>
 <node id="8459650622" visible="true" version="1" changeset="100010816" timestamp="2021-02-26T02:00:12Z" user="Sfriniks" uid="11810703" lat="40.4151091" lon="-86.9299751"/>
 <node id="8459650623" visible="true" version="1" changeset="100010816" timestamp="2021-02-26T02:00:12Z" user="Sfriniks" uid="11810703" lat="40.4150805" lon="-86.9299694"/>
 <node id="8459650624" visible="true" version="1" changeset="100010816" timestamp="2021-02-26T02:00:12Z" user="Sfriniks" uid="11810703" lat="40.4147272" lon="-86.9299677"/>
 <node id="8459650625" visible="true" version="1" changeset="100010816" timestamp="2021-02-26T02:00:12Z" user="Sfriniks" uid="11810703" lat="40.4146729" lon="-86.9299706"/>
 <node id="8459650626" visible="true" version="1" changeset="100010816" timestamp="2021-02-26T02:00:12Z" user="Sfriniks" uid="11810703" lat="40.4146513" lon="-86.9299778"/>
 <node id="8459650627" visible="true" version="1" changeset="100010816" timestamp="2021-02-26T02:00:12Z" user="Sfriniks" uid="11810703" lat="40.4146325" lon="-86.9299964"/>
 <node id="8459650628" visible="true" version="1" changeset="100010816" timestamp="2021-02-26T02:00:12Z" user="Sfriniks" uid="11810703" lat="40.4146207" lon="-86.9300195"/>
 <node id="8459650629" visible="true" version="1" changeset="100010816" timestamp="2021-02-26T02:00:12Z" user="Sfriniks" uid="11810703" lat="40.4146189" lon="-86.9300549"/>
 <node id="8459650630" visible="true" version="1" changeset="100010816" timestamp="2021-02-26T02:00:12Z" user="Sfriniks" uid="11810703" lat="40.4146287" lon="-86.9300949"/>
 <node id="8459650631" visible="true" version="1" changeset="100010816" timestamp="2021-02-26T02:00:12Z" user="Sfriniks" uid="11810703" lat="40.4146426" lon="-86.9301216"/>
 <node id="8459650632" visible="true" version="1" changeset="100010816" timestamp="2021-02-26T02:00:12Z" user="Sfriniks" uid="11810703" lat="40.4151754" lon="-86.9307373"/>
 <node id="8459650633" visible="true" version="1" changeset="100010816" timestamp="2021-02-26T02:00:12Z" user="Sfriniks" uid="11810703" lat="40.4151810" lon="-86.9307296"/>
 <node id="8459650634" visible="true" version="1" changeset="100010816" timestamp="2021-02-26T02:00:12Z" user="Sfriniks" uid="11810703" lat="40.4151759" lon="-86.9307395"/>
 <node id="8459650635" visible="true" version="1" changeset="100010816" timestamp="2021-02-26T02:00:12Z" user="Sfriniks" uid="11810703" lat="40.4143890" lon="-86.9300800"/>
 <node id="8459650636" visible="true" version="1" changeset="100010816" timestamp="2021-02-26T02:00:12Z" user="Sfriniks" uid="11810703" lat="40.4143599" lon="-86.9300525"/>
 <node id="8459650637" visible="true" version="1" changeset="100010816" timestamp="2021-02-26T02:00:12Z" user="Sfriniks" uid="11810703" lat="40.4143247" lon="-86.9300354"/>
 <node id="8459650638" visible="true" version="1" changeset="100010816" timestamp="2021-02-26T02:00:12Z" user="Sfriniks" uid="11810703" lat="40.4142961" lon="-86.9300331"/>
 <node id="8459650639" visible="true" version="1" changeset="100010816" timestamp="2021-02-26T02:00:12Z" user="Sfriniks" uid="11810703" lat="40.4142711" lon="-86.9300408"/>
 <node id="8459650640" visible="true" version="1" changeset="100010816" timestamp="2021-02-26T02:00:12Z" user="Sfriniks" uid="11810703" lat="40.4142412" lon="-86.9300552"/>
 <node id="8459650641" visible="true" version="1" changeset="100010816" timestamp="2021-02-26T02:00:12Z" user="Sfriniks" uid="11810703" lat="40.4142164" lon="-86.9300757"/>
 <node id="8459650642" visible="true" version="1" changeset="100010816" timestamp="2021-02-26T02:00:12Z" user="Sfriniks" uid="11810703" lat="40.4125436" lon="-86.9326385"/>
 <node id="8459650643" visible="true" version="1" changeset="100010816" timestamp="2021-02-26T02:00:12Z" user="Sfriniks" uid="11810703" lat="40.4125229" lon="-86.9326730"/>
 <node id="8459650644" visible="true" version="1" changeset="100010816" timestamp="2021-02-26T02:00:12Z" user="Sfriniks" uid="11810703" lat="40.4125102" lon="-86.9327079"/>
 <node id="8459650645" visible="true" version="1" changeset="100010816" timestamp="2021-02-26T02:00:12Z" user="Sfriniks" uid="11810703" lat="40.4125061" lon="-86.9327455"/>
 <node id="8459650646" visible="true" version="1" changeset="100010816" timestamp="2021-02-26T02:00:12Z" user="Sfriniks" uid="11810703" lat="40.4125084" lon="-86.9327840"/>
 <node id="8459650647" visible="true" version="1" changeset="100010816" timestamp="2021-02-26T02:00:12Z" user="Sfriniks" uid="11810703" lat="40.4125181" lon="-86.9328283"/>
 <node id="8459650648" visible="true" version="1" changeset="100010816" timestamp="2021-02-26T02:00:12Z" user="Sfriniks" uid="11810703" lat="40.4125337" lon="-86.9328662"/>
 <node id="8459650649" visible="true" version="1" changeset="100010816" timestamp="2021-02-26T02:00:12Z" user="Sfriniks" uid="11810703" lat="40.4125980" lon="-86.9329409"/>
 <node id="8459650650" visible="true" version="1" changeset="100010816" timestamp="2021-02-26T02:00:12Z" user="Sfriniks" uid="11810703" lat="40.4126595" lon="-86.9329838"/>
 <node id="8459650651" visible="true" version="1" changeset="100010816" timestamp="2021-02-26T02:00:12Z" user="Sfriniks" uid="11810703" lat="40.4128058" lon="-86.9330682"/>
 <node id="8459650652" visible="true" version="1" changeset="100010816" timestamp="2021-02-26T02:00:12Z" user="Sfriniks" uid="11810703" lat="40.4129887" lon="-86.9328962"/>
 <node id="8459650653" visible="true" version="1" changeset="100010816" timestamp="2021-02-26T02:00:12Z" user="Sfriniks" uid="11810703" lat="40.4129948" lon="-86.9329034"/>
 <node id="8459650654" visible="true" version="1" changeset="100010816" timestamp="2021-02-26T02:00:12Z" user="Sfriniks" uid="11810703" lat="40.4133074" lon="-86.9324283"/>
 <node id="8459650655" visible="true" version="1" changeset="100010816" timestamp="2021-02-26T02:00:12Z" user="Sfriniks" uid="11810703" lat="40.4133620" lon="-86.9323693"/>
 <node id="8459650656" visible="true" version="1" changeset="100010816" timestamp="2021-02-26T02:00:12Z" user="Sfriniks" uid="11810703" lat="40.4134156" lon="-86.9323280"/>
 <node id="8459650657" visible="true" version="1" changeset="100010816" timestamp="2021-02-26T02:00:12Z" user="Sfriniks" uid="11810703" lat="40.4134892" lon="-86.9322999"/>
 <node id="8459650658" visible="true" version="1" changeset="100010816" timestamp="2021-02-26T02:00:12Z" user="Sfriniks" uid="11810703" lat="40.4135560" lon="-86.9322838"/>
 <node id="8459650659" visible="true" version="1" changeset="100010816" timestamp="2021-02-26T02:00:12Z" user="Sfriniks" uid="11810703" lat="40.4143183" lon="-86.9322080"/>
 <node id="8459650660" visible="true" version="1" changeset="100010816" timestamp="2021-02-26T02:00:12Z" user="Sfriniks" uid="11810703" lat="40.4143529" lon="-86.9322028"/>
 <node id="8459650661" visible="true" version="1" changeset="100010816" timestamp="2021-02-26T02:00:12Z" user="Sfriniks" uid="11810703" lat="40.4143804" lon="-86.9321968"/>
 <node id="8459650662" visible="true" version="1" changeset="100010816" timestamp="2021-02-26T02:00:12Z" user="Sfriniks" uid="11810703" lat="40.4144338" lon="-86.9321703"/>
 <node id="8459650663" visible="true" version="1" changeset="100010816" timestamp="2021-02-26T02:00:12Z" user="Sfriniks" uid="11810703" lat="40.4144358" lon="-86.9321726"/>
 <node id="8459650664" visible="true" version="1" changeset="100010816" timestamp="2021-02-26T02:00:12Z" user="Sfriniks" uid="11810703" lat="40.4144978" lon="-86.9321090"/>
 <node id="8459650665" visible="true" version="1" changeset="100010816" timestamp="2021-02-26T02:00:12Z" user="Sfriniks" uid="11810703" lat="40.4145011" lon="-86.9321134"/>
 <node id="8459650666" visible="true" version="1" changeset="100010816" timestamp="2021-02-26T02:00:12Z" user="Sfriniks" uid="11810703" lat="40.4151408" lon="-86.9311330"/>
 <node id="8459650667" visible="true" version="1" changeset="100010816" timestamp="2021-02-26T02:00:12Z" user="Sfriniks" uid="11810703" lat="40.4151372" lon="-86.9311278"/>
 <node id="8459650668" visible="true" version="1" changeset="100010816" timestamp="2021-02-26T02:00:12Z" user="Sfriniks" uid="11810703" lat="40.4151537" lon="-86.9310877"/>
 <node id="8459650669" visible="true" version="1" changeset="100010816" timestamp="2021-02-26T02:00:12Z" user="Sfriniks" uid="11810703" lat="40.4151553" lon="-86.9310632"/>
 <node id="8459650670" visible="true" version="1" changeset="100010816" timestamp="2021-02-26T02:00:12Z" user="Sfriniks" uid="11810703" lat="40.4151553" lon="-86.9310126"/>
 <node id="8459650671" visible="true" version="1" changeset="100010816" timestamp="2021-02-26T02:00:12Z" user="Sfriniks" uid="11810703" lat="40.4151503" lon="-86.9309744"/>
 <node id="8459650672" visible="true" version="1" changeset="100010816" timestamp="2021-02-26T02:00:12Z" user="Sfriniks" uid="11810703" lat="40.4151358" lon="-86.9309385"/>
 <node id="8459650673" visible="true" version="1" changeset="100010816" timestamp="2021-02-26T02:00:12Z" user="Sfriniks" uid="11810703" lat="40.4150810" lon="-86.9308755"/>
 <node id="8459650674" visible="true" version="1" changeset="100010816" timestamp="2021-02-26T02:00:12Z" user="Sfriniks" uid="11810703" lat="40.4144380" lon="-86.9321738"/>
 <node id="8459650675" visible="true" version="1" changeset="100010816" timestamp="2021-02-26T02:00:12Z" user="Sfriniks" uid="11810703" lat="40.4144977" lon="-86.9321118"/>
 <node id="8459650676" visible="true" version="1" changeset="100010816" timestamp="2021-02-26T02:00:12Z" user="Sfriniks" uid="11810703" lat="40.4145008" lon="-86.9321158"/>
 <node id="8459650677" visible="true" version="1" changeset="100010816" timestamp="2021-02-26T02:00:12Z" user="Sfriniks" uid="11810703" lat="40.4151410" lon="-86.9311268"/>
 <node id="8459650678" visible="true" version="1" changeset="100010816" timestamp="2021-02-26T02:00:12Z" user="Sfriniks" uid="11810703" lat="40.4151446" lon="-86.9311325"/>
 <node id="8459650679" visible="true" version="1" changeset="100010816" timestamp="2021-02-26T02:00:12Z" user="Sfriniks" uid="11810703" lat="40.4147505" lon="-86.9317356"/>
 <node id="8459650680" visible="true" version="1" changeset="100010816" timestamp="2021-02-26T02:00:12Z" user="Sfriniks" uid="11810703" lat="40.4140143" lon="-86.9297887"/>
 <node id="8459650681" visible="true" version="1" changeset="100010816" timestamp="2021-02-26T02:00:12Z" user="Sfriniks" uid="11810703" lat="40.4140178" lon="-86.9297297"/>
 <node id="8459650682" visible="true" version="1" changeset="100010816" timestamp="2021-02-26T02:00:12Z" user="Sfriniks" uid="11810703" lat="40.4140120" lon="-86.9296861"/>
 <node id="8459650683" visible="true" version="1" changeset="100010816" timestamp="2021-02-26T02:00:12Z" user="Sfriniks" uid="11810703" lat="40.4139946" lon="-86.9296411"/>
 <node id="8459650684" visible="true" version="1" changeset="100010816" timestamp="2021-02-26T02:00:12Z" user="Sfriniks" uid="11810703" lat="40.4139767" lon="-86.9296150"/>
 <node id="8459650685" visible="true" version="1" changeset="100010816" timestamp="2021-02-26T02:00:12Z" user="Sfriniks" uid="11810703" lat="40.4126465" lon="-86.9282082"/>
 <node id="8459650686" visible="true" version="1" changeset="100010816" timestamp="2021-02-26T02:00:12Z" user="Sfriniks" uid="11810703" lat="40.4125954" lon="-86.9281887"/>
 <node id="8459650687" visible="true" version="1" changeset="100010816" timestamp="2021-02-26T02:00:12Z" user="Sfriniks" uid="11810703" lat="40.4125418" lon="-86.9281686"/>
 <node id="8459650688" visible="true" version="1" changeset="100010816" timestamp="2021-02-26T02:00:12Z" user="Sfriniks" uid="11810703" lat="40.4124790" lon="-86.9281659"/>
 <node id="8459650689" visible="true" version="1" changeset="100010816" timestamp="2021-02-26T02:00:12Z" user="Sfriniks" uid="11810703" lat="40.4124290" lon="-86.9281726"/>
 <node id="8459650690" visible="true" version="1" changeset="100010816" timestamp="2021-02-26T02:00:12Z" user="Sfriniks" uid="11810703" lat="40.4123723" lon="-86.9281974"/>
 <node id="8459650691" visible="true" version="1" changeset="100010816" timestamp="2021-02-26T02:00:12Z" user="Sfriniks" uid="11810703" lat="40.4123019" lon="-86.9282430"/>
 <node id="8459650692" visible="true" version="1" changeset="100010816" timestamp="2021-02-26T02:00:12Z" user="Sfriniks" uid="11810703" lat="40.4122498" lon="-86.9283014"/>
 <node id="8459650693" visible="true" version="1" changeset="100010816" timestamp="2021-02-26T02:00:12Z" user="Sfriniks" uid="11810703" lat="40.4121992" lon="-86.9283879"/>
 <node id="8459650694" visible="true" version="1" changeset="100010816" timestamp="2021-02-26T02:00:12Z" user="Sfriniks" uid="11810703" lat="40.4121370" lon="-86.9284992"/>
 <node id="8459650695" visible="true" version="1" changeset="100010816" timestamp="2021-02-26T02:00:12Z" user="Sfriniks" uid="11810703" lat="40.4120869" lon="-86.9285649"/>
 <node id="8459650696" visible="true" version="1" changeset="100010816" timestamp="2021-02-26T02:00:12Z" user="Sfriniks" uid="11810703" lat="40.4120078" lon="-86.9286387"/>
 <node id="8459650697" visible="true" version="1" changeset="100010816" timestamp="2021-02-26T02:00:12Z" user="Sfriniks" uid="11810703" lat="40.4119429" lon="-86.9286789"/>
 <node id="8459650698" visible="true" version="1" changeset="100010816" timestamp="2021-02-26T02:00:12Z" user="Sfriniks" uid="11810703" lat="40.4118868" lon="-86.9286997"/>
 <node id="8459650699" visible="true" version="1" changeset="100010816" timestamp="2021-02-26T02:00:12Z" user="Sfriniks" uid="11810703" lat="40.4117668" lon="-86.9287413"/>
 <node id="8459650700" visible="true" version="1" changeset="100010816" timestamp="2021-02-26T02:00:12Z" user="Sfriniks" uid="11810703" lat="40.4116683" lon="-86.9288063"/>
 <node id="8459650701" visible="true" version="1" changeset="100010816" timestamp="2021-02-26T02:00:12Z" user="Sfriniks" uid="11810703" lat="40.4116213" lon="-86.9288579"/>
 <node id="8459650702" visible="true" version="1" changeset="100010816" timestamp="2021-02-26T02:00:12Z" user="Sfriniks" uid="11810703" lat="40.4115784" lon="-86.9289210"/>
 <node id="8459650703" visible="true" version="1" changeset="100010816" timestamp="2021-02-26T02:00:12Z" user="Sfriniks" uid="11810703" lat="40.4115524" lon="-86.9289894"/>
 <node id="8459650704" visible="true" version="1" changeset="100010816" timestamp="2021-02-26T02:00:12Z" user="Sfriniks" uid="11810703" lat="40.4115350" lon="-86.9290598"/>
 <node id="8459650705" visible="true" version="1" changeset="100010816" timestamp="2021-02-26T02:00:12Z" user="Sfriniks" uid="11810703" lat="40.4119746" lon="-86.9326724"/>
 <node id="8459650706" visible="true" version="1" changeset="100010816" timestamp="2021-02-26T02:00:12Z" user="Sfriniks" uid="11810703" lat="40.4120471" lon="-86.9327046"/>
 <node id="8459650707" visible="true" version="1" changeset="100010816" timestamp="2021-02-26T02:00:12Z" user="Sfriniks" uid="11810703" lat="40.4120844" lon="-86.9327046"/>
 <node id="8459650708" visible="true" version="1" changeset="100010816" timestamp="2021-02-26T02:00:12Z" user="Sfriniks" uid="11810703" lat="40.4121145" lon="-86.9326965"/>
 <node id="8459650709" visible="true" version="1" changeset="100010816" timestamp="2021-02-26T02:00:12Z" user="Sfriniks" uid="11810703" lat="40.4121500" lon="-86.9326787"/>
 <node id="8459650710" visible="true" version="1" changeset="100010816" timestamp="2021-02-26T02:00:12Z" user="Sfriniks" uid="11810703" lat="40.4140046" lon="-86.9298349"/>
 <node id="8459650711" visible="true" version="1" changeset="100010816" timestamp="2021-02-26T02:00:12Z" user="Sfriniks" uid="11810703" lat="40.4121773" lon="-86.9279956"/>
 <node id="8459650712" visible="true" version="1" changeset="100010816" timestamp="2021-02-26T02:00:12Z" user="Sfriniks" uid="11810703" lat="40.4121804" lon="-86.9279688"/>
 <node id="8459650713" visible="true" version="1" changeset="100010816" timestamp="2021-02-26T02:00:12Z" user="Sfriniks" uid="11810703" lat="40.4121758" lon="-86.9279279"/>
 <node id="8459650714" visible="true" version="1" changeset="100010816" timestamp="2021-02-26T02:00:12Z" user="Sfriniks" uid="11810703" lat="40.4121599" lon="-86.9278783"/>
 <node id="8459650715" visible="true" version="1" changeset="100010816" timestamp="2021-02-26T02:00:12Z" user="Sfriniks" uid="11810703" lat="40.4121364" lon="-86.9278367"/>
 <node id="8459650716" visible="true" version="1" changeset="100010816" timestamp="2021-02-26T02:00:12Z" user="Sfriniks" uid="11810703" lat="40.4120976" lon="-86.9278105"/>
 <node id="8459650717" visible="true" version="1" changeset="100010816" timestamp="2021-02-26T02:00:12Z" user="Sfriniks" uid="11810703" lat="40.4120165" lon="-86.9277770"/>
 <node id="8459650718" visible="true" version="1" changeset="100010816" timestamp="2021-02-26T02:00:12Z" user="Sfriniks" uid="11810703" lat="40.4119373" lon="-86.9277522"/>
 <node id="8459650719" visible="true" version="1" changeset="100010816" timestamp="2021-02-26T02:00:12Z" user="Sfriniks" uid="11810703" lat="40.4118480" lon="-86.9277287"/>
 <node id="8459650720" visible="true" version="1" changeset="100010816" timestamp="2021-02-26T02:00:12Z" user="Sfriniks" uid="11810703" lat="40.4117709" lon="-86.9277126"/>
 <node id="8459650721" visible="true" version="1" changeset="100010816" timestamp="2021-02-26T02:00:12Z" user="Sfriniks" uid="11810703" lat="40.4117081" lon="-86.9277153"/>
 <node id="8459650722" visible="true" version="1" changeset="100010816" timestamp="2021-02-26T02:00:12Z" user="Sfriniks" uid="11810703" lat="40.4116545" lon="-86.9277254"/>
 <node id="8459650723" visible="true" version="1" changeset="100010816" timestamp="2021-02-26T02:00:12Z" user="Sfriniks" uid="11810703" lat="40.4115973" lon="-86.9277515"/>
 <node id="8459650724" visible="true" version="1" changeset="100010816" timestamp="2021-02-26T02:00:12Z" user="Sfriniks" uid="11810703" lat="40.4115462" lon="-86.9277904"/>
 <node id="8459650725" visible="true" version="1" changeset="100010816" timestamp="2021-02-26T02:00:12Z" user="Sfriniks" uid="11810703" lat="40.4114916" lon="-86.9278528"/>
 <node id="8459650726" visible="true" version="1" changeset="100010816" timestamp="2021-02-26T02:00:12Z" user="Sfriniks" uid="11810703" lat="40.4114559" lon="-86.9279064"/>
 <node id="8459650727" visible="true" version="1" changeset="100010816" timestamp="2021-02-26T02:00:12Z" user="Sfriniks" uid="11810703" lat="40.4114308" lon="-86.9279668"/>
 <node id="8459650728" visible="true" version="1" changeset="100010816" timestamp="2021-02-26T02:00:12Z" user="Sfriniks" uid="11810703" lat="40.4114140" lon="-86.9280171"/>
 <node id="8459650729" visible="true" version="1" changeset="100010816" timestamp="2021-02-26T02:00:12Z" user="Sfriniks" uid="11810703" lat="40.4114104" lon="-86.9280533"/>
 <node id="8459650730" visible="true" version="1" changeset="100010816" timestamp="2021-02-26T02:00:12Z" user="Sfriniks" uid="11810703" lat="40.4114681" lon="-86.9284804"/>
 <node id="8459650731" visible="true" version="1" changeset="100010816" timestamp="2021-02-26T02:00:12Z" user="Sfriniks" uid="11810703" lat="40.4114799" lon="-86.9284925"/>
 <node id="8459650732" visible="true" version="1" changeset="100010816" timestamp="2021-02-26T02:00:12Z" user="Sfriniks" uid="11810703" lat="40.4115233" lon="-86.9285186"/>
 <node id="8459650733" visible="true" version="1" changeset="100010816" timestamp="2021-02-26T02:00:12Z" user="Sfriniks" uid="11810703" lat="40.4115585" lon="-86.9285247"/>
 <node id="8459650734" visible="true" version="1" changeset="100010816" timestamp="2021-02-26T02:00:12Z" user="Sfriniks" uid="11810703" lat="40.4115968" lon="-86.9285233"/>
 <node id="8459650735" visible="true" version="1" changeset="100010816" timestamp="2021-02-26T02:00:12Z" user="Sfriniks" uid="11810703" lat="40.4118306" lon="-86.9284683"/>
 <node id="8459650736" visible="true" version="1" changeset="100010816" timestamp="2021-02-26T02:00:12Z" user="Sfriniks" uid="11810703" lat="40.4118766" lon="-86.9284489"/>
 <node id="8459650737" visible="true" version="1" changeset="100010816" timestamp="2021-02-26T02:00:12Z" user="Sfriniks" uid="11810703" lat="40.4119266" lon="-86.9284134"/>
 <node id="8459650738" visible="true" version="1" changeset="100010816" timestamp="2021-02-26T02:00:12Z" user="Sfriniks" uid="11810703" lat="40.4119562" lon="-86.9283892"/>
 <node id="8459650739" visible="true" version="1" changeset="100010816" timestamp="2021-02-26T02:00:12Z" user="Sfriniks" uid="11810703" lat="40.4119807" lon="-86.9283557"/>
 <node id="8459650740" visible="true" version="1" changeset="100010816" timestamp="2021-02-26T02:00:12Z" user="Sfriniks" uid="11810703" lat="40.4120022" lon="-86.9283181"/>
 <node id="8459650741" visible="true" version="1" changeset="100010816" timestamp="2021-02-26T02:00:12Z" user="Sfriniks" uid="11810703" lat="40.4121717" lon="-86.9280164"/>
 <node id="8459650742" visible="true" version="1" changeset="100010816" timestamp="2021-02-26T02:00:12Z" user="Sfriniks" uid="11810703" lat="40.4141021" lon="-86.9337697"/>
 <node id="8459650743" visible="true" version="1" changeset="100010816" timestamp="2021-02-26T02:00:12Z" user="Sfriniks" uid="11810703" lat="40.4141235" lon="-86.9337335"/>
 <node id="8459650744" visible="true" version="1" changeset="100010816" timestamp="2021-02-26T02:00:12Z" user="Sfriniks" uid="11810703" lat="40.4141381" lon="-86.9336980"/>
 <node id="8459650745" visible="true" version="1" changeset="100010816" timestamp="2021-02-26T02:00:12Z" user="Sfriniks" uid="11810703" lat="40.4141447" lon="-86.9336601"/>
 <node id="8459650746" visible="true" version="1" changeset="100010816" timestamp="2021-02-26T02:00:12Z" user="Sfriniks" uid="11810703" lat="40.4141473" lon="-86.9336259"/>
 <node id="8459650747" visible="true" version="1" changeset="100010816" timestamp="2021-02-26T02:00:12Z" user="Sfriniks" uid="11810703" lat="40.4141419" lon="-86.9335924"/>
 <node id="8459650748" visible="true" version="1" changeset="100010816" timestamp="2021-02-26T02:00:12Z" user="Sfriniks" uid="11810703" lat="40.4141261" lon="-86.9335478"/>
 <node id="8459650749" visible="true" version="1" changeset="100010816" timestamp="2021-02-26T02:00:12Z" user="Sfriniks" uid="11810703" lat="40.4141115" lon="-86.9335216"/>
 <node id="8459650750" visible="true" version="1" changeset="100010816" timestamp="2021-02-26T02:00:12Z" user="Sfriniks" uid="11810703" lat="40.4137610" lon="-86.9330258"/>
 <node id="8459650751" visible="true" version="1" changeset="100010816" timestamp="2021-02-26T02:00:12Z" user="Sfriniks" uid="11810703" lat="40.4137319" lon="-86.9329741"/>
 <node id="8459650752" visible="true" version="1" changeset="100010816" timestamp="2021-02-26T02:00:12Z" user="Sfriniks" uid="11810703" lat="40.4137038" lon="-86.9328916"/>
 <node id="8459650753" visible="true" version="1" changeset="100010816" timestamp="2021-02-26T02:00:12Z" user="Sfriniks" uid="11810703" lat="40.4136949" lon="-86.9328437"/>
 <node id="8459650754" visible="true" version="1" changeset="100010816" timestamp="2021-02-26T02:00:12Z" user="Sfriniks" uid="11810703" lat="40.4136903" lon="-86.9327666"/>
 <node id="8459650755" visible="true" version="1" changeset="100010816" timestamp="2021-02-26T02:00:12Z" user="Sfriniks" uid="11810703" lat="40.4136860" lon="-86.9326435"/>
 <node id="8459650756" visible="true" version="1" changeset="100010816" timestamp="2021-02-26T02:00:12Z" user="Sfriniks" uid="11810703" lat="40.4136816" lon="-86.9326040"/>
 <node id="8459650757" visible="true" version="1" changeset="100010816" timestamp="2021-02-26T02:00:12Z" user="Sfriniks" uid="11810703" lat="40.4136732" lon="-86.9325768"/>
 <node id="8459650758" visible="true" version="1" changeset="100010816" timestamp="2021-02-26T02:00:12Z" user="Sfriniks" uid="11810703" lat="40.4136518" lon="-86.9325366"/>
 <node id="8459650759" visible="true" version="1" changeset="100010816" timestamp="2021-02-26T02:00:12Z" user="Sfriniks" uid="11810703" lat="40.4136306" lon="-86.9325114"/>
 <node id="8459650760" visible="true" version="1" changeset="100010816" timestamp="2021-02-26T02:00:12Z" user="Sfriniks" uid="11810703" lat="40.4136073" lon="-86.9324903"/>
 <node id="8459650761" visible="true" version="1" changeset="100010816" timestamp="2021-02-26T02:00:12Z" user="Sfriniks" uid="11810703" lat="40.4135696" lon="-86.9324782"/>
 <node id="8459650762" visible="true" version="1" changeset="100010816" timestamp="2021-02-26T02:00:12Z" user="Sfriniks" uid="11810703" lat="40.4135550" lon="-86.9324782"/>
 <node id="8459650763" visible="true" version="1" changeset="100010816" timestamp="2021-02-26T02:00:12Z" user="Sfriniks" uid="11810703" lat="40.4135297" lon="-86.9324826"/>
 <node id="8459650764" visible="true" version="1" changeset="100010816" timestamp="2021-02-26T02:00:12Z" user="Sfriniks" uid="11810703" lat="40.4134938" lon="-86.9324927"/>
 <node id="8459650765" visible="true" version="1" changeset="100010816" timestamp="2021-02-26T02:00:12Z" user="Sfriniks" uid="11810703" lat="40.4134519" lon="-86.9325165"/>
 <node id="8459650766" visible="true" version="1" changeset="100010816" timestamp="2021-02-26T02:00:12Z" user="Sfriniks" uid="11810703" lat="40.4134133" lon="-86.9325544"/>
 <node id="8459650767" visible="true" version="1" changeset="100010816" timestamp="2021-02-26T02:00:12Z" user="Sfriniks" uid="11810703" lat="40.4134172" lon="-86.9325594"/>
 <node id="8459650768" visible="true" version="1" changeset="100010816" timestamp="2021-02-26T02:00:12Z" user="Sfriniks" uid="11810703" lat="40.4133876" lon="-86.9326046"/>
 <node id="8459650769" visible="true" version="1" changeset="100010816" timestamp="2021-02-26T02:00:12Z" user="Sfriniks" uid="11810703" lat="40.4131568" lon="-86.9329818"/>
 <node id="8459650770" visible="true" version="1" changeset="100010816" timestamp="2021-02-26T02:00:12Z" user="Sfriniks" uid="11810703" lat="40.4131394" lon="-86.9330170"/>
 <node id="8459650771" visible="true" version="1" changeset="100010816" timestamp="2021-02-26T02:00:12Z" user="Sfriniks" uid="11810703" lat="40.4130674" lon="-86.9331971"/>
 <node id="8459650772" visible="true" version="1" changeset="100010816" timestamp="2021-02-26T02:00:12Z" user="Sfriniks" uid="11810703" lat="40.4130531" lon="-86.9332444"/>
 <node id="8459650773" visible="true" version="1" changeset="100010816" timestamp="2021-02-26T02:00:12Z" user="Sfriniks" uid="11810703" lat="40.4130496" lon="-86.9332678"/>
 <node id="8459650774" visible="true" version="1" changeset="100010816" timestamp="2021-02-26T02:00:12Z" user="Sfriniks" uid="11810703" lat="40.4130391" lon="-86.9334985"/>
 <node id="8459650775" visible="true" version="1" changeset="100010816" timestamp="2021-02-26T02:00:12Z" user="Sfriniks" uid="11810703" lat="40.4131022" lon="-86.9341077"/>
 <node id="8459650776" visible="true" version="1" changeset="100010816" timestamp="2021-02-26T02:00:12Z" user="Sfriniks" uid="11810703" lat="40.4130955" lon="-86.9341167"/>
 <node id="8459650777" visible="true" version="1" changeset="100010816" timestamp="2021-02-26T02:00:12Z" user="Sfriniks" uid="11810703" lat="40.4133676" lon="-86.9362347"/>
 <node id="8459650778" visible="true" version="1" changeset="100010816" timestamp="2021-02-26T02:00:12Z" user="Sfriniks" uid="11810703" lat="40.4133832" lon="-86.9362826"/>
 <node id="8459650779" visible="true" version="1" changeset="100010816" timestamp="2021-02-26T02:00:12Z" user="Sfriniks" uid="11810703" lat="40.4134062" lon="-86.9363255"/>
 <node id="8459650780" visible="true" version="1" changeset="100010816" timestamp="2021-02-26T02:00:12Z" user="Sfriniks" uid="11810703" lat="40.4134281" lon="-86.9363577"/>
 <node id="8459650781" visible="true" version="1" changeset="100010816" timestamp="2021-02-26T02:00:12Z" user="Sfriniks" uid="11810703" lat="40.4134626" lon="-86.9363869"/>
 <node id="8459650782" visible="true" version="1" changeset="100010816" timestamp="2021-02-26T02:00:12Z" user="Sfriniks" uid="11810703" lat="40.4134943" lon="-86.9364023"/>
 <node id="8459650783" visible="true" version="1" changeset="100010816" timestamp="2021-02-26T02:00:12Z" user="Sfriniks" uid="11810703" lat="40.4135371" lon="-86.9364144"/>
 <node id="8459650784" visible="true" version="1" changeset="100010816" timestamp="2021-02-26T02:00:12Z" user="Sfriniks" uid="11810703" lat="40.4135708" lon="-86.9364094"/>
 <node id="8459650785" visible="true" version="1" changeset="100010816" timestamp="2021-02-26T02:00:12Z" user="Sfriniks" uid="11810703" lat="40.4136010" lon="-86.9364040"/>
 <node id="8459650786" visible="true" version="1" changeset="100010816" timestamp="2021-02-26T02:00:12Z" user="Sfriniks" uid="11810703" lat="40.4136303" lon="-86.9363876"/>
 <node id="8459650787" visible="true" version="1" changeset="100010816" timestamp="2021-02-26T02:00:12Z" user="Sfriniks" uid="11810703" lat="40.4136533" lon="-86.9363678"/>
 <node id="8459650788" visible="true" version="1" changeset="100010816" timestamp="2021-02-26T02:00:12Z" user="Sfriniks" uid="11810703" lat="40.4136740" lon="-86.9363460"/>
 <node id="8459650789" visible="true" version="1" changeset="100010816" timestamp="2021-02-26T02:00:12Z" user="Sfriniks" uid="11810703" lat="40.4136924" lon="-86.9363215"/>
 <node id="8459650790" visible="true" version="1" changeset="100010816" timestamp="2021-02-26T02:00:12Z" user="Sfriniks" uid="11810703" lat="40.4137067" lon="-86.9362927"/>
 <node id="8459650791" visible="true" version="1" changeset="100010816" timestamp="2021-02-26T02:00:12Z" user="Sfriniks" uid="11810703" lat="40.4137158" lon="-86.9362662"/>
 <node id="8459650792" visible="true" version="1" changeset="100010816" timestamp="2021-02-26T02:00:12Z" user="Sfriniks" uid="11810703" lat="40.4134532" lon="-86.9341177"/>
 <node id="8459650793" visible="true" version="1" changeset="100010816" timestamp="2021-02-26T02:00:12Z" user="Sfriniks" uid="11810703" lat="40.4135489" lon="-86.9339769"/>
 <node id="8459650794" visible="true" version="1" changeset="100010816" timestamp="2021-02-26T02:00:12Z" user="Sfriniks" uid="11810703" lat="40.4137049" lon="-86.9341543"/>
 <node id="8459650795" visible="true" version="1" changeset="100010816" timestamp="2021-02-26T02:00:12Z" user="Sfriniks" uid="11810703" lat="40.4137092" lon="-86.9341486"/>
 <node id="8459650796" visible="true" version="1" changeset="100010816" timestamp="2021-02-26T02:00:12Z" user="Sfriniks" uid="11810703" lat="40.4138259" lon="-86.9341845"/>
 <node id="8459650797" visible="true" version="1" changeset="100010816" timestamp="2021-02-26T02:00:12Z" user="Sfriniks" uid="11810703" lat="40.4140257" lon="-86.9343984"/>
 <node id="8459650798" visible="true" version="1" changeset="100010816" timestamp="2021-02-26T02:00:12Z" user="Sfriniks" uid="11810703" lat="40.4143004" lon="-86.9340024"/>
 <node id="8459650799" visible="true" version="1" changeset="100010816" timestamp="2021-02-26T02:00:12Z" user="Sfriniks" uid="11810703" lat="40.4143355" lon="-86.9340076"/>
 <node id="8459650800" visible="true" version="1" changeset="100010816" timestamp="2021-02-26T02:00:12Z" user="Sfriniks" uid="11810703" lat="40.4146764" lon="-86.9344777"/>
 <node id="8459650801" visible="true" version="1" changeset="100010816" timestamp="2021-02-26T02:00:12Z" user="Sfriniks" uid="11810703" lat="40.4146861" lon="-86.9344901"/>
 <node id="8459650802" visible="true" version="1" changeset="100010816" timestamp="2021-02-26T02:00:12Z" user="Sfriniks" uid="11810703" lat="40.4146939" lon="-86.9344901"/>
 <node id="8459650803" visible="true" version="1" changeset="100010816" timestamp="2021-02-26T02:00:12Z" user="Sfriniks" uid="11810703" lat="40.4147173" lon="-86.9344866"/>
 <node id="8459650804" visible="true" version="1" changeset="100010816" timestamp="2021-02-26T02:00:12Z" user="Sfriniks" uid="11810703" lat="40.4147260" lon="-86.9345575"/>
 <node id="8459650805" visible="true" version="1" changeset="100010816" timestamp="2021-02-26T02:00:12Z" user="Sfriniks" uid="11810703" lat="40.4147566" lon="-86.9345662"/>
 <node id="8459650806" visible="true" version="1" changeset="100010816" timestamp="2021-02-26T02:00:12Z" user="Sfriniks" uid="11810703" lat="40.4147990" lon="-86.9349083"/>
 <node id="8459650807" visible="true" version="1" changeset="100010816" timestamp="2021-02-26T02:00:12Z" user="Sfriniks" uid="11810703" lat="40.4148592" lon="-86.9348963"/>
 <node id="8459650808" visible="true" version="1" changeset="100010816" timestamp="2021-02-26T02:00:12Z" user="Sfriniks" uid="11810703" lat="40.4148515" lon="-86.9348570"/>
 <node id="8459650809" visible="true" version="1" changeset="100010816" timestamp="2021-02-26T02:00:12Z" user="Sfriniks" uid="11810703" lat="40.4148454" lon="-86.9348317"/>
 <node id="8459650810" visible="true" version="1" changeset="100010816" timestamp="2021-02-26T02:00:12Z" user="Sfriniks" uid="11810703" lat="40.4148098" lon="-86.9345395"/>
 <node id="8459650811" visible="true" version="1" changeset="100010816" timestamp="2021-02-26T02:00:12Z" user="Sfriniks" uid="11810703" lat="40.4148034" lon="-86.9345273"/>
 <node id="8459650812" visible="true" version="1" changeset="100010816" timestamp="2021-02-26T02:00:12Z" user="Sfriniks" uid="11810703" lat="40.4147908" lon="-86.9344824"/>
 <node id="8459650813" visible="true" version="1" changeset="100010816" timestamp="2021-02-26T02:00:12Z" user="Sfriniks" uid="11810703" lat="40.4148019" lon="-86.9344788"/>
 <node id="8459650814" visible="true" version="1" changeset="100010816" timestamp="2021-02-26T02:00:12Z" user="Sfriniks" uid="11810703" lat="40.4147931" lon="-86.9344577"/>
 <node id="8459650815" visible="true" version="1" changeset="100010816" timestamp="2021-02-26T02:00:12Z" user="Sfriniks" uid="11810703" lat="40.4147755" lon="-86.9344351"/>
 <node id="8459650816" visible="true" version="1" changeset="100010816" timestamp="2021-02-26T02:00:12Z" user="Sfriniks" uid="11810703" lat="40.4147617" lon="-86.9344193"/>
 <node id="8459650817" visible="true" version="1" changeset="100010816" timestamp="2021-02-26T02:00:12Z" user="Sfriniks" uid="11810703" lat="40.4143949" lon="-86.9339131"/>
 <node id="8459650818" visible="true" version="1" changeset="100010816" timestamp="2021-02-26T02:00:12Z" user="Sfriniks" uid="11810703" lat="40.4143637" lon="-86.9338726"/>
 <node id="8459650819" visible="true" version="1" changeset="100010816" timestamp="2021-02-26T02:00:12Z" user="Sfriniks" uid="11810703" lat="40.4143483" lon="-86.9338560"/>
 <node id="8459650820" visible="true" version="1" changeset="100010816" timestamp="2021-02-26T02:00:12Z" user="Sfriniks" uid="11810703" lat="40.4143300" lon="-86.9338412"/>
 <node id="8459650821" visible="true" version="1" changeset="100010816" timestamp="2021-02-26T02:00:12Z" user="Sfriniks" uid="11810703" lat="40.4143175" lon="-86.9338343"/>
 <node id="8459650822" visible="true" version="1" changeset="100010816" timestamp="2021-02-26T02:00:12Z" user="Sfriniks" uid="11810703" lat="40.4142984" lon="-86.9338259"/>
 <node id="8459650823" visible="true" version="1" changeset="100010816" timestamp="2021-02-26T02:00:12Z" user="Sfriniks" uid="11810703" lat="40.4142804" lon="-86.9338231"/>
 <node id="8459650824" visible="true" version="1" changeset="100010816" timestamp="2021-02-26T02:00:12Z" user="Sfriniks" uid="11810703" lat="40.4142571" lon="-86.9338222"/>
 <node id="8459650825" visible="true" version="1" changeset="100010816" timestamp="2021-02-26T02:00:12Z" user="Sfriniks" uid="11810703" lat="40.4142378" lon="-86.9338259"/>
 <node id="8459650826" visible="true" version="1" changeset="100010816" timestamp="2021-02-26T02:00:12Z" user="Sfriniks" uid="11810703" lat="40.4142191" lon="-86.9338353"/>
 <node id="8459650827" visible="true" version="1" changeset="100010816" timestamp="2021-02-26T02:00:12Z" user="Sfriniks" uid="11810703" lat="40.4141964" lon="-86.9338511"/>
 <node id="8459650828" visible="true" version="1" changeset="100010816" timestamp="2021-02-26T02:00:12Z" user="Sfriniks" uid="11810703" lat="40.4141782" lon="-86.9338681"/>
 <node id="8459650829" visible="true" version="1" changeset="100010816" timestamp="2021-02-26T02:00:12Z" user="Sfriniks" uid="11810703" lat="40.4141755" lon="-86.9338655"/>
 <node id="8459650830" visible="true" version="1" changeset="100010816" timestamp="2021-02-26T02:00:12Z" user="Sfriniks" uid="11810703" lat="40.4137915" lon="-86.9344374"/>
 <node id="8459650831" visible="true" version="1" changeset="100010816" timestamp="2021-02-26T02:00:12Z" user="Sfriniks" uid="11810703" lat="40.4137938" lon="-86.9344404"/>
 <node id="8459650832" visible="true" version="1" changeset="100010816" timestamp="2021-02-26T02:00:12Z" user="Sfriniks" uid="11810703" lat="40.4137815" lon="-86.9344593"/>
 <node id="8459650833" visible="true" version="1" changeset="100010816" timestamp="2021-02-26T02:00:12Z" user="Sfriniks" uid="11810703" lat="40.4137735" lon="-86.9344747"/>
 <node id="8459650834" visible="true" version="1" changeset="100010816" timestamp="2021-02-26T02:00:12Z" user="Sfriniks" uid="11810703" lat="40.4137708" lon="-86.9344877"/>
 <node id="8459650835" visible="true" version="1" changeset="100010816" timestamp="2021-02-26T02:00:12Z" user="Sfriniks" uid="11810703" lat="40.4137703" lon="-86.9345016"/>
 <node id="8459650836" visible="true" version="1" changeset="100010816" timestamp="2021-02-26T02:00:12Z" user="Sfriniks" uid="11810703" lat="40.4137712" lon="-86.9345186"/>
 <node id="8459650837" visible="true" version="1" changeset="100010816" timestamp="2021-02-26T02:00:12Z" user="Sfriniks" uid="11810703" lat="40.4137734" lon="-86.9345306"/>
 <node id="8459650838" visible="true" version="1" changeset="100010816" timestamp="2021-02-26T02:00:12Z" user="Sfriniks" uid="11810703" lat="40.4137775" lon="-86.9345409"/>
 <node id="8459650839" visible="true" version="1" changeset="100010816" timestamp="2021-02-26T02:00:12Z" user="Sfriniks" uid="11810703" lat="40.4137837" lon="-86.9345489"/>
 <node id="8459650840" visible="true" version="1" changeset="100010816" timestamp="2021-02-26T02:00:12Z" user="Sfriniks" uid="11810703" lat="40.4138044" lon="-86.9345456"/>
 <node id="8459650841" visible="true" version="1" changeset="100010816" timestamp="2021-02-26T02:00:12Z" user="Sfriniks" uid="11810703" lat="40.4138351" lon="-86.9345371"/>
 <node id="8459650842" visible="true" version="1" changeset="100010816" timestamp="2021-02-26T02:00:12Z" user="Sfriniks" uid="11810703" lat="40.4138578" lon="-86.9345244"/>
 <node id="8459650843" visible="true" version="1" changeset="100010816" timestamp="2021-02-26T02:00:12Z" user="Sfriniks" uid="11810703" lat="40.4140143" lon="-86.9344373"/>
 <node id="8459650844" visible="true" version="1" changeset="100010816" timestamp="2021-02-26T02:00:12Z" user="Sfriniks" uid="11810703" lat="40.4140043" lon="-86.9344131"/>
 <node id="8459650845" visible="true" version="1" changeset="100010816" timestamp="2021-02-26T02:00:12Z" user="Sfriniks" uid="11810703" lat="40.4144081" lon="-86.9324856"/>
 <node id="8459650846" visible="true" version="1" changeset="100010816" timestamp="2021-02-26T02:00:12Z" user="Sfriniks" uid="11810703" lat="40.4144053" lon="-86.9324907"/>
 <node id="8459650847" visible="true" version="1" changeset="100010816" timestamp="2021-02-26T02:00:12Z" user="Sfriniks" uid="11810703" lat="40.4143762" lon="-86.9324672"/>
 <node id="8459650848" visible="true" version="1" changeset="100010816" timestamp="2021-02-26T02:00:12Z" user="Sfriniks" uid="11810703" lat="40.4143308" lon="-86.9324280"/>
 <node id="8459650849" visible="true" version="1" changeset="100010816" timestamp="2021-02-26T02:00:12Z" user="Sfriniks" uid="11810703" lat="40.4143017" lon="-86.9324135"/>
 <node id="8459650850" visible="true" version="1" changeset="100010816" timestamp="2021-02-26T02:00:12Z" user="Sfriniks" uid="11810703" lat="40.4142700" lon="-86.9324058"/>
 <node id="8459650851" visible="true" version="1" changeset="100010816" timestamp="2021-02-26T02:00:12Z" user="Sfriniks" uid="11810703" lat="40.4142297" lon="-86.9324028"/>
 <node id="8459650852" visible="true" version="1" changeset="100010816" timestamp="2021-02-26T02:00:12Z" user="Sfriniks" uid="11810703" lat="40.4139438" lon="-86.9324318"/>
 <node id="8459650853" visible="true" version="1" changeset="100010816" timestamp="2021-02-26T02:00:12Z" user="Sfriniks" uid="11810703" lat="40.4139093" lon="-86.9324368"/>
 <node id="8459650854" visible="true" version="1" changeset="100010816" timestamp="2021-02-26T02:00:12Z" user="Sfriniks" uid="11810703" lat="40.4138832" lon="-86.9324466"/>
 <node id="8459650855" visible="true" version="1" changeset="100010816" timestamp="2021-02-26T02:00:12Z" user="Sfriniks" uid="11810703" lat="40.4138584" lon="-86.9324638"/>
 <node id="8459650856" visible="true" version="1" changeset="100010816" timestamp="2021-02-26T02:00:12Z" user="Sfriniks" uid="11810703" lat="40.4138426" lon="-86.9324808"/>
 <node id="8459650857" visible="true" version="1" changeset="100010816" timestamp="2021-02-26T02:00:12Z" user="Sfriniks" uid="11810703" lat="40.4138277" lon="-86.9325044"/>
 <node id="8459650858" visible="true" version="1" changeset="100010816" timestamp="2021-02-26T02:00:12Z" user="Sfriniks" uid="11810703" lat="40.4138154" lon="-86.9325312"/>
 <node id="8459650859" visible="true" version="1" changeset="100010816" timestamp="2021-02-26T02:00:12Z" user="Sfriniks" uid="11810703" lat="40.4138057" lon="-86.9325537"/>
 <node id="8459650860" visible="true" version="1" changeset="100010816" timestamp="2021-02-26T02:00:12Z" user="Sfriniks" uid="11810703" lat="40.4138003" lon="-86.9325818"/>
 <node id="8459650861" visible="true" version="1" changeset="100010816" timestamp="2021-02-26T02:00:12Z" user="Sfriniks" uid="11810703" lat="40.4137992" lon="-86.9326266"/>
 <node id="8459650862" visible="true" version="1" changeset="100010816" timestamp="2021-02-26T02:00:12Z" user="Sfriniks" uid="11810703" lat="40.4138066" lon="-86.9327728"/>
 <node id="8459650863" visible="true" version="1" changeset="100010816" timestamp="2021-02-26T02:00:12Z" user="Sfriniks" uid="11810703" lat="40.4138122" lon="-86.9328231"/>
 <node id="8459650864" visible="true" version="1" changeset="100010816" timestamp="2021-02-26T02:00:12Z" user="Sfriniks" uid="11810703" lat="40.4138211" lon="-86.9328631"/>
 <node id="8459650865" visible="true" version="1" changeset="100010816" timestamp="2021-02-26T02:00:12Z" user="Sfriniks" uid="11810703" lat="40.4138306" lon="-86.9328913"/>
 <node id="8459650866" visible="true" version="1" changeset="100010816" timestamp="2021-02-26T02:00:12Z" user="Sfriniks" uid="11810703" lat="40.4138456" lon="-86.9329168"/>
 <node id="8459650867" visible="true" version="1" changeset="100010816" timestamp="2021-02-26T02:00:12Z" user="Sfriniks" uid="11810703" lat="40.4138594" lon="-86.9329393"/>
 <node id="8459650868" visible="true" version="1" changeset="100010816" timestamp="2021-02-26T02:00:12Z" user="Sfriniks" uid="11810703" lat="40.4141832" lon="-86.9333969"/>
 <node id="8459650869" visible="true" version="1" changeset="100010816" timestamp="2021-02-26T02:00:12Z" user="Sfriniks" uid="11810703" lat="40.4141892" lon="-86.9333920"/>
 <node id="8459650870" visible="true" version="1" changeset="100010816" timestamp="2021-02-26T02:00:12Z" user="Sfriniks" uid="11810703" lat="40.4142061" lon="-86.9334083"/>
 <node id="8459650871" visible="true" version="1" changeset="100010816" timestamp="2021-02-26T02:00:12Z" user="Sfriniks" uid="11810703" lat="40.4142269" lon="-86.9334205"/>
 <node id="8459650872" visible="true" version="1" changeset="100010816" timestamp="2021-02-26T02:00:12Z" user="Sfriniks" uid="11810703" lat="40.4142487" lon="-86.9334286"/>
 <node id="8459650873" visible="true" version="1" changeset="100010816" timestamp="2021-02-26T02:00:12Z" user="Sfriniks" uid="11810703" lat="40.4142703" lon="-86.9334304"/>
 <node id="8459650874" visible="true" version="1" changeset="100010816" timestamp="2021-02-26T02:00:12Z" user="Sfriniks" uid="11810703" lat="40.4142898" lon="-86.9334283"/>
 <node id="8459650875" visible="true" version="1" changeset="100010816" timestamp="2021-02-26T02:00:12Z" user="Sfriniks" uid="11810703" lat="40.4143069" lon="-86.9334237"/>
 <node id="8459650876" visible="true" version="1" changeset="100010816" timestamp="2021-02-26T02:00:12Z" user="Sfriniks" uid="11810703" lat="40.4143272" lon="-86.9334152"/>
 <node id="8459650877" visible="true" version="1" changeset="100010816" timestamp="2021-02-26T02:00:12Z" user="Sfriniks" uid="11810703" lat="40.4143444" lon="-86.9334033"/>
 <node id="8459650878" visible="true" version="1" changeset="100010816" timestamp="2021-02-26T02:00:12Z" user="Sfriniks" uid="11810703" lat="40.4143609" lon="-86.9333874"/>
 <node id="8459650879" visible="true" version="1" changeset="100010816" timestamp="2021-02-26T02:00:12Z" user="Sfriniks" uid="11810703" lat="40.4143735" lon="-86.9333721"/>
 <node id="8459650880" visible="true" version="1" changeset="100010816" timestamp="2021-02-26T02:00:12Z" user="Sfriniks" uid="11810703" lat="40.4143756" lon="-86.9333749"/>
 <node id="8459650881" visible="true" version="1" changeset="100010816" timestamp="2021-02-26T02:00:12Z" user="Sfriniks" uid="11810703" lat="40.4146384" lon="-86.9329813"/>
 <node id="8459650882" visible="true" version="1" changeset="100010816" timestamp="2021-02-26T02:00:12Z" user="Sfriniks" uid="11810703" lat="40.4146367" lon="-86.9329785"/>
 <node id="8459650883" visible="true" version="1" changeset="100010816" timestamp="2021-02-26T02:00:12Z" user="Sfriniks" uid="11810703" lat="40.4146443" lon="-86.9329612"/>
 <node id="8459650884" visible="true" version="1" changeset="100010816" timestamp="2021-02-26T02:00:12Z" user="Sfriniks" uid="11810703" lat="40.4146542" lon="-86.9329409"/>
 <node id="8459650885" visible="true" version="1" changeset="100010816" timestamp="2021-02-26T02:00:12Z" user="Sfriniks" uid="11810703" lat="40.4146626" lon="-86.9329211"/>
 <node id="8459650886" visible="true" version="1" changeset="100010816" timestamp="2021-02-26T02:00:12Z" user="Sfriniks" uid="11810703" lat="40.4146665" lon="-86.9328978"/>
 <node id="8459650887" visible="true" version="1" changeset="100010816" timestamp="2021-02-26T02:00:12Z" user="Sfriniks" uid="11810703" lat="40.4146689" lon="-86.9328635"/>
 <node id="8459650888" visible="true" version="1" changeset="100010816" timestamp="2021-02-26T02:00:12Z" user="Sfriniks" uid="11810703" lat="40.4146680" lon="-86.9328403"/>
 <node id="8459650889" visible="true" version="1" changeset="100010816" timestamp="2021-02-26T02:00:12Z" user="Sfriniks" uid="11810703" lat="40.4146628" lon="-86.9328152"/>
 <node id="8459650890" visible="true" version="1" changeset="100010816" timestamp="2021-02-26T02:00:12Z" user="Sfriniks" uid="11810703" lat="40.4146543" lon="-86.9327870"/>
 <node id="8459650891" visible="true" version="1" changeset="100010816" timestamp="2021-02-26T02:00:12Z" user="Sfriniks" uid="11810703" lat="40.4146395" lon="-86.9327592"/>
 <node id="8459650892" visible="true" version="1" changeset="100010816" timestamp="2021-02-26T02:00:12Z" user="Sfriniks" uid="11810703" lat="40.4146240" lon="-86.9327391"/>
 <node id="8459650893" visible="true" version="1" changeset="100010816" timestamp="2021-02-26T02:00:12Z" user="Sfriniks" uid="11810703" lat="40.4146121" lon="-86.9327202"/>
 <node id="8459650894" visible="true" version="1" changeset="100010816" timestamp="2021-02-26T02:00:12Z" user="Sfriniks" uid="11810703" lat="40.4146144" lon="-86.9327166"/>
 <node id="8459650895" visible="true" version="1" changeset="100010816" timestamp="2021-02-26T02:00:12Z" user="Sfriniks" uid="11810703" lat="40.4143729" lon="-86.9337697"/>
 <node id="8459650896" visible="true" version="1" changeset="100010816" timestamp="2021-02-26T02:00:12Z" user="Sfriniks" uid="11810703" lat="40.4143590" lon="-86.9337300"/>
 <node id="8459650897" visible="true" version="1" changeset="100010816" timestamp="2021-02-26T02:00:12Z" user="Sfriniks" uid="11810703" lat="40.4143493" lon="-86.9336951"/>
 <node id="8459650898" visible="true" version="1" changeset="100010816" timestamp="2021-02-26T02:00:12Z" user="Sfriniks" uid="11810703" lat="40.4143439" lon="-86.9336663"/>
 <node id="8459650899" visible="true" version="1" changeset="100010816" timestamp="2021-02-26T02:00:12Z" user="Sfriniks" uid="11810703" lat="40.4143414" lon="-86.9336407"/>
 <node id="8459650900" visible="true" version="1" changeset="100010816" timestamp="2021-02-26T02:00:12Z" user="Sfriniks" uid="11810703" lat="40.4143410" lon="-86.9336127"/>
 <node id="8459650901" visible="true" version="1" changeset="100010816" timestamp="2021-02-26T02:00:12Z" user="Sfriniks" uid="11810703" lat="40.4143416" lon="-86.9335949"/>
 <node id="8459650902" visible="true" version="1" changeset="100010816" timestamp="2021-02-26T02:00:12Z" user="Sfriniks" uid="11810703" lat="40.4143447" lon="-86.9335723"/>
 <node id="8459650903" visible="true" version="1" changeset="100010816" timestamp="2021-02-26T02:00:12Z" user="Sfriniks" uid="11810703" lat="40.4143492" lon="-86.9335506"/>
 <node id="8459650904" visible="true" version="1" changeset="100010816" timestamp="2021-02-26T02:00:12Z" user="Sfriniks" uid="11810703" lat="40.4143563" lon="-86.9335272"/>
 <node id="8459650905" visible="true" version="1" changeset="100010816" timestamp="2021-02-26T02:00:12Z" user="Sfriniks" uid="11810703" lat="40.4143649" lon="-86.9335044"/>
 <node id="8459650906" visible="true" version="1" changeset="100010816" timestamp="2021-02-26T02:00:12Z" user="Sfriniks" uid="11810703" lat="40.4143775" lon="-86.9334764"/>
 <node id="8459650907" visible="true" version="1" changeset="100010816" timestamp="2021-02-26T02:00:12Z" user="Sfriniks" uid="11810703" lat="40.4141461" lon="-86.9334495"/>
 <node id="8459650908" visible="true" version="1" changeset="100010816" timestamp="2021-02-26T02:00:12Z" user="Sfriniks" uid="11810703" lat="40.4141728" lon="-86.9334687"/>
 <node id="8459650909" visible="true" version="1" changeset="100010816" timestamp="2021-02-26T02:00:12Z" user="Sfriniks" uid="11810703" lat="40.4141904" lon="-86.9334799"/>
 <node id="8459650910" visible="true" version="1" changeset="100010816" timestamp="2021-02-26T02:00:12Z" user="Sfriniks" uid="11810703" lat="40.4142085" lon="-86.9334873"/>
 <node id="8459650911" visible="true" version="1" changeset="100010816" timestamp="2021-02-26T02:00:12Z" user="Sfriniks" uid="11810703" lat="40.4142302" lon="-86.9334948"/>
 <node id="8459650912" visible="true" version="1" changeset="100010816" timestamp="2021-02-26T02:00:12Z" user="Sfriniks" uid="11810703" lat="40.4142480" lon="-86.9334988"/>
 <node id="8459650913" visible="true" version="1" changeset="100010816" timestamp="2021-02-26T02:00:12Z" user="Sfriniks" uid="11810703" lat="40.4142640" lon="-86.9335003"/>
 <node id="8459650914" visible="true" version="1" changeset="100010816" timestamp="2021-02-26T02:00:12Z" user="Sfriniks" uid="11810703" lat="40.4142751" lon="-86.9335002"/>
 <node id="8459650915" visible="true" version="1" changeset="100010816" timestamp="2021-02-26T02:00:12Z" user="Sfriniks" uid="11810703" lat="40.4142905" lon="-86.9334997"/>
 <node id="8459650916" visible="true" version="1" changeset="100010816" timestamp="2021-02-26T02:00:12Z" user="Sfriniks" uid="11810703" lat="40.4143012" lon="-86.9334982"/>
 <node id="8459650917" visible="true" version="1" changeset="100010816" timestamp="2021-02-26T02:00:12Z" user="Sfriniks" uid="11810703" lat="40.4143139" lon="-86.9334948"/>
 <node id="8459650918" visible="true" version="1" changeset="100010816" timestamp="2021-02-26T02:00:12Z" user="Sfriniks" uid="11810703" lat="40.4143231" lon="-86.9334911"/>
 <node id="8459650919" visible="true" version="1" changeset="100010816" timestamp="2021-02-26T02:00:12Z" user="Sfriniks" uid="11810703" lat="40.4143328" lon="-86.9334864"/>
 <node id="8459650920" visible="true" version="1" changeset="100010816" timestamp="2021-02-26T02:00:12Z" user="Sfriniks" uid="11810703" lat="40.4143455" lon="-86.9334797"/>
 <node id="8459650921" visible="true" version="1" changeset="100010816" timestamp="2021-02-26T02:00:12Z" user="Sfriniks" uid="11810703" lat="40.4143543" lon="-86.9334742"/>
 <node id="8459650922" visible="true" version="1" changeset="100010816" timestamp="2021-02-26T02:00:12Z" user="Sfriniks" uid="11810703" lat="40.4143661" lon="-86.9334661"/>
 <node id="8459650923" visible="true" version="1" changeset="100010816" timestamp="2021-02-26T02:00:12Z" user="Sfriniks" uid="11810703" lat="40.4143792" lon="-86.9334547"/>
 <node id="8459650924" visible="true" version="1" changeset="100010816" timestamp="2021-02-26T02:00:12Z" user="Sfriniks" uid="11810703" lat="40.4143981" lon="-86.9334355"/>
 <node id="8459650925" visible="true" version="1" changeset="100010816" timestamp="2021-02-26T02:00:12Z" user="Sfriniks" uid="11810703" lat="40.4141560" lon="-86.9334633"/>
 <node id="8459650926" visible="true" version="1" changeset="100010816" timestamp="2021-02-26T02:00:12Z" user="Sfriniks" uid="11810703" lat="40.4141670" lon="-86.9334863"/>
 <node id="8459650927" visible="true" version="1" changeset="100010816" timestamp="2021-02-26T02:00:12Z" user="Sfriniks" uid="11810703" lat="40.4141787" lon="-86.9335143"/>
 <node id="8459650928" visible="true" version="1" changeset="100010816" timestamp="2021-02-26T02:00:12Z" user="Sfriniks" uid="11810703" lat="40.4141873" lon="-86.9335387"/>
 <node id="8459650929" visible="true" version="1" changeset="100010816" timestamp="2021-02-26T02:00:12Z" user="Sfriniks" uid="11810703" lat="40.4141947" lon="-86.9335662"/>
 <node id="8459650930" visible="true" version="1" changeset="100010816" timestamp="2021-02-26T02:00:12Z" user="Sfriniks" uid="11810703" lat="40.4141995" lon="-86.9336008"/>
 <node id="8459650931" visible="true" version="1" changeset="100010816" timestamp="2021-02-26T02:00:12Z" user="Sfriniks" uid="11810703" lat="40.4142003" lon="-86.9336355"/>
 <node id="8459650932" visible="true" version="1" changeset="100010816" timestamp="2021-02-26T02:00:12Z" user="Sfriniks" uid="11810703" lat="40.4141973" lon="-86.9336767"/>
 <node id="8459650933" visible="true" version="1" changeset="100010816" timestamp="2021-02-26T02:00:12Z" user="Sfriniks" uid="11810703" lat="40.4141901" lon="-86.9337156"/>
 <node id="8459650934" visible="true" version="1" changeset="100010816" timestamp="2021-02-26T02:00:12Z" user="Sfriniks" uid="11810703" lat="40.4141789" lon="-86.9337476"/>
 <node id="8459650935" visible="true" version="1" changeset="100010816" timestamp="2021-02-26T02:00:12Z" user="Sfriniks" uid="11810703" lat="40.4141660" lon="-86.9337807"/>
 <node id="8459650936" visible="true" version="1" changeset="100010816" timestamp="2021-02-26T02:00:12Z" user="Sfriniks" uid="11810703" lat="40.4141426" lon="-86.9338155"/>
 <node id="8459650937" visible="true" version="1" changeset="100010816" timestamp="2021-02-26T02:00:12Z" user="Sfriniks" uid="11810703" lat="40.4141650" lon="-86.9337957"/>
 <node id="8459650938" visible="true" version="1" changeset="100010816" timestamp="2021-02-26T02:00:12Z" user="Sfriniks" uid="11810703" lat="40.4141832" lon="-86.9337806"/>
 <node id="8459650939" visible="true" version="1" changeset="100010816" timestamp="2021-02-26T02:00:12Z" user="Sfriniks" uid="11810703" lat="40.4142063" lon="-86.9337687"/>
 <node id="8459650940" visible="true" version="1" changeset="100010816" timestamp="2021-02-26T02:00:12Z" user="Sfriniks" uid="11810703" lat="40.4142301" lon="-86.9337570"/>
 <node id="8459650941" visible="true" version="1" changeset="100010816" timestamp="2021-02-26T02:00:12Z" user="Sfriniks" uid="11810703" lat="40.4142495" lon="-86.9337515"/>
 <node id="8459650942" visible="true" version="1" changeset="100010816" timestamp="2021-02-26T02:00:12Z" user="Sfriniks" uid="11810703" lat="40.4142721" lon="-86.9337506"/>
 <node id="8459650943" visible="true" version="1" changeset="100010816" timestamp="2021-02-26T02:00:12Z" user="Sfriniks" uid="11810703" lat="40.4142919" lon="-86.9337520"/>
 <node id="8459650944" visible="true" version="1" changeset="100010816" timestamp="2021-02-26T02:00:12Z" user="Sfriniks" uid="11810703" lat="40.4143096" lon="-86.9337551"/>
 <node id="8459650945" visible="true" version="1" changeset="100010816" timestamp="2021-02-26T02:00:12Z" user="Sfriniks" uid="11810703" lat="40.4143282" lon="-86.9337605"/>
 <node id="8459650946" visible="true" version="1" changeset="100010816" timestamp="2021-02-26T02:00:12Z" user="Sfriniks" uid="11810703" lat="40.4143444" lon="-86.9337679"/>
 <node id="8459650947" visible="true" version="1" changeset="100010816" timestamp="2021-02-26T02:00:12Z" user="Sfriniks" uid="11810703" lat="40.4143608" lon="-86.9337778"/>
 <node id="8459650948" visible="true" version="1" changeset="100010816" timestamp="2021-02-26T02:00:12Z" user="Sfriniks" uid="11810703" lat="40.4143833" lon="-86.9337934"/>
 <node id="8459650949" visible="true" version="1" changeset="100010816" timestamp="2021-02-26T02:00:12Z" user="Sfriniks" uid="11810703" lat="40.4144022" lon="-86.9338113"/>
 <node id="8459650950" visible="true" version="1" changeset="100010816" timestamp="2021-02-26T02:00:12Z" user="Sfriniks" uid="11810703" lat="40.4135747" lon="-86.9347595"/>
 <node id="8459650951" visible="true" version="1" changeset="100010816" timestamp="2021-02-26T02:00:12Z" user="Sfriniks" uid="11810703" lat="40.4136696" lon="-86.9345214"/>
 <node id="8459650952" visible="true" version="1" changeset="100010816" timestamp="2021-02-26T02:00:12Z" user="Sfriniks" uid="11810703" lat="40.4137656" lon="-86.9364546"/>
 <node id="8459650953" visible="true" version="1" changeset="100010816" timestamp="2021-02-26T02:00:12Z" user="Sfriniks" uid="11810703" lat="40.4137717" lon="-86.9364023"/>
 <node id="8459650954" visible="true" version="1" changeset="100010816" timestamp="2021-02-26T02:00:12Z" user="Sfriniks" uid="11810703" lat="40.4134139" lon="-86.9324410"/>
 <node id="8459650955" visible="true" version="1" changeset="100010816" timestamp="2021-02-26T02:00:12Z" user="Sfriniks" uid="11810703" lat="40.4134733" lon="-86.9324038"/>
 <node id="8459650956" visible="true" version="1" changeset="100010816" timestamp="2021-02-26T02:00:12Z" user="Sfriniks" uid="11810703" lat="40.4143124" lon="-86.9323019">
  <tag k="aeroway" v="holding_position"/>
  <tag k="holding_position:type" v="intermediate"/>
 </node>
 <node id="8459650957" visible="true" version="1" changeset="100010816" timestamp="2021-02-26T02:00:12Z" user="Sfriniks" uid="11810703" lat="40.4136058" lon="-86.9323793"/>
 <node id="8459650958" visible="true" version="1" changeset="100010816" timestamp="2021-02-26T02:00:12Z" user="Sfriniks" uid="11810703" lat="40.4136301" lon="-86.9323867"/>
 <node id="8459650959" visible="true" version="1" changeset="100010816" timestamp="2021-02-26T02:00:12Z" user="Sfriniks" uid="11810703" lat="40.4136597" lon="-86.9324021"/>
 <node id="8459650960" visible="true" version="1" changeset="100010816" timestamp="2021-02-26T02:00:12Z" user="Sfriniks" uid="11810703" lat="40.4136814" lon="-86.9324236"/>
 <node id="8459650961" visible="true" version="1" changeset="100010816" timestamp="2021-02-26T02:00:12Z" user="Sfriniks" uid="11810703" lat="40.4136980" lon="-86.9324420"/>
 <node id="8459650962" visible="true" version="1" changeset="100010816" timestamp="2021-02-26T02:00:12Z" user="Sfriniks" uid="11810703" lat="40.4137105" lon="-86.9324658"/>
 <node id="8459650963" visible="true" version="1" changeset="100010816" timestamp="2021-02-26T02:00:12Z" user="Sfriniks" uid="11810703" lat="40.4137230" lon="-86.9324933"/>
 <node id="8459650964" visible="true" version="1" changeset="100010816" timestamp="2021-02-26T02:00:12Z" user="Sfriniks" uid="11810703" lat="40.4137345" lon="-86.9325336"/>
 <node id="8459650965" visible="true" version="1" changeset="100010816" timestamp="2021-02-26T02:00:12Z" user="Sfriniks" uid="11810703" lat="40.4138760" lon="-86.9323471"/>
 <node id="8459650966" visible="true" version="1" changeset="100010816" timestamp="2021-02-26T02:00:12Z" user="Sfriniks" uid="11810703" lat="40.4138243" lon="-86.9323718"/>
 <node id="8459650967" visible="true" version="1" changeset="100010816" timestamp="2021-02-26T02:00:12Z" user="Sfriniks" uid="11810703" lat="40.4137963" lon="-86.9323981"/>
 <node id="8459650968" visible="true" version="1" changeset="100010816" timestamp="2021-02-26T02:00:12Z" user="Sfriniks" uid="11810703" lat="40.4137743" lon="-86.9324313"/>
 <node id="8459650969" visible="true" version="1" changeset="100010816" timestamp="2021-02-26T02:00:12Z" user="Sfriniks" uid="11810703" lat="40.4137549" lon="-86.9324739"/>
 <node id="8459650970" visible="true" version="1" changeset="100010816" timestamp="2021-02-26T02:00:12Z" user="Sfriniks" uid="11810703" lat="40.4137460" lon="-86.9325104"/>
 <node id="8459650971" visible="true" version="1" changeset="100010816" timestamp="2021-02-26T02:00:12Z" user="Sfriniks" uid="11810703" lat="40.4137411" lon="-86.9325798"/>
 <node id="8459650972" visible="true" version="1" changeset="100010816" timestamp="2021-02-26T02:00:12Z" user="Sfriniks" uid="11810703" lat="40.4133842" lon="-86.9324669"/>
 <node id="8459650973" visible="true" version="1" changeset="100010816" timestamp="2021-02-26T02:00:12Z" user="Sfriniks" uid="11810703" lat="40.4135068" lon="-86.9323904"/>
 <node id="8459650974" visible="true" version="1" changeset="100010816" timestamp="2021-02-26T02:00:12Z" user="Sfriniks" uid="11810703" lat="40.4134430" lon="-86.9324206"/>
 <node id="8459650975" visible="true" version="1" changeset="100010816" timestamp="2021-02-26T02:00:12Z" user="Sfriniks" uid="11810703" lat="40.4135890" lon="-86.9323743"/>
 <node id="8459650976" visible="true" version="1" changeset="100010816" timestamp="2021-02-26T02:00:12Z" user="Sfriniks" uid="11810703" lat="40.4137636" lon="-86.9328883"/>
 <node id="8459650977" visible="true" version="1" changeset="100010816" timestamp="2021-02-26T02:00:12Z" user="Sfriniks" uid="11810703" lat="40.4137526" lon="-86.9328414"/>
 <node id="8459650978" visible="true" version="1" changeset="100010816" timestamp="2021-02-26T02:00:12Z" user="Sfriniks" uid="11810703" lat="40.4137455" lon="-86.9327036">
  <tag k="aeroway" v="holding_position"/>
  <tag k="holding_position:type" v="intermediate"/>
 </node>
 <node id="8459650979" visible="true" version="1" changeset="100010816" timestamp="2021-02-26T02:00:12Z" user="Sfriniks" uid="11810703" lat="40.4130437" lon="-86.9366441"/>
 <node id="8459650980" visible="true" version="1" changeset="100010816" timestamp="2021-02-26T02:00:12Z" user="Sfriniks" uid="11810703" lat="40.4130838" lon="-86.9366306"/>
 <node id="8459650981" visible="true" version="1" changeset="100010816" timestamp="2021-02-26T02:00:12Z" user="Sfriniks" uid="11810703" lat="40.4131136" lon="-86.9366166"/>
 <node id="8459650982" visible="true" version="1" changeset="100010816" timestamp="2021-02-26T02:00:12Z" user="Sfriniks" uid="11810703" lat="40.4131356" lon="-86.9366038"/>
 <node id="8459650983" visible="true" version="1" changeset="100010816" timestamp="2021-02-26T02:00:12Z" user="Sfriniks" uid="11810703" lat="40.4131550" lon="-86.9365897"/>
 <node id="8459650984" visible="true" version="1" changeset="100010816" timestamp="2021-02-26T02:00:12Z" user="Sfriniks" uid="11810703" lat="40.4131805" lon="-86.9365643"/>
 <node id="8459650985" visible="true" version="1" changeset="100010816" timestamp="2021-02-26T02:00:12Z" user="Sfriniks" uid="11810703" lat="40.4132058" lon="-86.9365381"/>
 <node id="8459650986" visible="true" version="1" changeset="100010816" timestamp="2021-02-26T02:00:12Z" user="Sfriniks" uid="11810703" lat="40.4132198" lon="-86.9365167"/>
 <node id="8459650987" visible="true" version="1" changeset="100010816" timestamp="2021-02-26T02:00:12Z" user="Sfriniks" uid="11810703" lat="40.4132349" lon="-86.9364928"/>
 <node id="8459650988" visible="true" version="1" changeset="100010816" timestamp="2021-02-26T02:00:12Z" user="Sfriniks" uid="11810703" lat="40.4132474" lon="-86.9364677"/>
 <node id="8459650989" visible="true" version="1" changeset="100010816" timestamp="2021-02-26T02:00:12Z" user="Sfriniks" uid="11810703" lat="40.4132566" lon="-86.9364436"/>
 <node id="8459650990" visible="true" version="1" changeset="100010816" timestamp="2021-02-26T02:00:12Z" user="Sfriniks" uid="11810703" lat="40.4132653" lon="-86.9364214"/>
 <node id="8459650991" visible="true" version="1" changeset="100010816" timestamp="2021-02-26T02:00:12Z" user="Sfriniks" uid="11810703" lat="40.4132729" lon="-86.9363859"/>
 <node id="8459650992" visible="true" version="1" changeset="100010816" timestamp="2021-02-26T02:00:12Z" user="Sfriniks" uid="11810703" lat="40.4132788" lon="-86.9363537"/>
 <node id="8459650993" visible="true" version="1" changeset="100010816" timestamp="2021-02-26T02:00:12Z" user="Sfriniks" uid="11810703" lat="40.4132834" lon="-86.9363155"/>
 <node id="8459650994" visible="true" version="1" changeset="100010816" timestamp="2021-02-26T02:00:12Z" user="Sfriniks" uid="11810703" lat="40.4132847" lon="-86.9362850"/>
 <node id="8459650995" visible="true" version="1" changeset="100010816" timestamp="2021-02-26T02:00:12Z" user="Sfriniks" uid="11810703" lat="40.4132868" lon="-86.9362540"/>
 <node id="8459650996" visible="true" version="1" changeset="100010816" timestamp="2021-02-26T02:00:12Z" user="Sfriniks" uid="11810703" lat="40.4132980" lon="-86.9363454"/>
 <node id="8459650997" visible="true" version="1" changeset="100010816" timestamp="2021-02-26T02:00:12Z" user="Sfriniks" uid="11810703" lat="40.4133115" lon="-86.9363886"/>
 <node id="8459650998" visible="true" version="1" changeset="100010816" timestamp="2021-02-26T02:00:12Z" user="Sfriniks" uid="11810703" lat="40.4133311" lon="-86.9364362"/>
 <node id="8459650999" visible="true" version="1" changeset="100010816" timestamp="2021-02-26T02:00:12Z" user="Sfriniks" uid="11810703" lat="40.4133595" lon="-86.9364798"/>
 <node id="8459651000" visible="true" version="1" changeset="100010816" timestamp="2021-02-26T02:00:12Z" user="Sfriniks" uid="11810703" lat="40.4133863" lon="-86.9365056"/>
 <node id="8459651001" visible="true" version="1" changeset="100010816" timestamp="2021-02-26T02:00:12Z" user="Sfriniks" uid="11810703" lat="40.4134154" lon="-86.9365257"/>
 <node id="8459651002" visible="true" version="1" changeset="100010816" timestamp="2021-02-26T02:00:12Z" user="Sfriniks" uid="11810703" lat="40.4134368" lon="-86.9365364"/>
 <node id="8459651003" visible="true" version="1" changeset="100010816" timestamp="2021-02-26T02:00:12Z" user="Sfriniks" uid="11810703" lat="40.4134636" lon="-86.9365448"/>
 <node id="8459651004" visible="true" version="1" changeset="100010816" timestamp="2021-02-26T02:00:12Z" user="Sfriniks" uid="11810703" lat="40.4134889" lon="-86.9365468"/>
 <node id="8459651005" visible="true" version="1" changeset="100010816" timestamp="2021-02-26T02:00:12Z" user="Sfriniks" uid="11810703" lat="40.4133559" lon="-86.9368173"/>
 <node id="8459651006" visible="true" version="1" changeset="100010816" timestamp="2021-02-26T02:00:12Z" user="Sfriniks" uid="11810703" lat="40.4133582" lon="-86.9367711"/>
 <node id="8459651007" visible="true" version="1" changeset="100010816" timestamp="2021-02-26T02:00:12Z" user="Sfriniks" uid="11810703" lat="40.4133661" lon="-86.9367218"/>
 <node id="8459651008" visible="true" version="1" changeset="100010816" timestamp="2021-02-26T02:00:12Z" user="Sfriniks" uid="11810703" lat="40.4133786" lon="-86.9366850"/>
 <node id="8459651009" visible="true" version="1" changeset="100010816" timestamp="2021-02-26T02:00:12Z" user="Sfriniks" uid="11810703" lat="40.4133988" lon="-86.9366454"/>
 <node id="8459651010" visible="true" version="1" changeset="100010816" timestamp="2021-02-26T02:00:12Z" user="Sfriniks" uid="11810703" lat="40.4134202" lon="-86.9366135"/>
 <node id="8459651011" visible="true" version="1" changeset="100010816" timestamp="2021-02-26T02:00:12Z" user="Sfriniks" uid="11810703" lat="40.4134544" lon="-86.9365793"/>
 <node id="8459651012" visible="true" version="1" changeset="100010816" timestamp="2021-02-26T02:00:12Z" user="Sfriniks" uid="11810703" lat="40.4134863" lon="-86.9365592"/>
 <node id="8459651013" visible="true" version="1" changeset="100010816" timestamp="2021-02-26T02:00:12Z" user="Sfriniks" uid="11810703" lat="40.4135162" lon="-86.9365472"/>
 <node id="8459651014" visible="true" version="1" changeset="100010816" timestamp="2021-02-26T02:00:12Z" user="Sfriniks" uid="11810703" lat="40.4135966" lon="-86.9365314">
  <tag k="aeroway" v="holding_position"/>
  <tag k="holding_position:type" v="intermediate"/>
 </node>
 <node id="8459651015" visible="true" version="1" changeset="100010816" timestamp="2021-02-26T02:00:12Z" user="Sfriniks" uid="11810703" lat="40.4121421" lon="-86.9358840"/>
 <node id="8459651016" visible="true" version="1" changeset="100010816" timestamp="2021-02-26T02:00:12Z" user="Sfriniks" uid="11810703" lat="40.4122309" lon="-86.9366156"/>
 <node id="8459651017" visible="true" version="1" changeset="100010816" timestamp="2021-02-26T02:00:12Z" user="Sfriniks" uid="11810703" lat="40.4122523" lon="-86.9366786"/>
 <node id="8459651018" visible="true" version="1" changeset="100010816" timestamp="2021-02-26T02:00:12Z" user="Sfriniks" uid="11810703" lat="40.4122784" lon="-86.9367175"/>
 <node id="8459651019" visible="true" version="1" changeset="100010816" timestamp="2021-02-26T02:00:12Z" user="Sfriniks" uid="11810703" lat="40.4123131" lon="-86.9367517"/>
 <node id="8459651020" visible="true" version="1" changeset="100010816" timestamp="2021-02-26T02:00:12Z" user="Sfriniks" uid="11810703" lat="40.4123570" lon="-86.9367738"/>
 <node id="8459651021" visible="true" version="1" changeset="100010816" timestamp="2021-02-26T02:00:12Z" user="Sfriniks" uid="11810703" lat="40.4122850" lon="-86.9369327"/>
 <node id="8459651022" visible="true" version="1" changeset="100010816" timestamp="2021-02-26T02:00:12Z" user="Sfriniks" uid="11810703" lat="40.4123458" lon="-86.9368100"/>
 <node id="8459651023" visible="true" version="1" changeset="100010816" timestamp="2021-02-26T02:00:12Z" user="Sfriniks" uid="11810703" lat="40.4123070" lon="-86.9368650"/>
 <node id="8459651024" visible="true" version="1" changeset="100010816" timestamp="2021-02-26T02:00:12Z" user="Sfriniks" uid="11810703" lat="40.4122804" lon="-86.9370011"/>
 <node id="8459651025" visible="true" version="1" changeset="100010816" timestamp="2021-02-26T02:00:12Z" user="Sfriniks" uid="11810703" lat="40.4124019" lon="-86.9367765"/>
 <node id="8459651026" visible="true" version="1" changeset="100010816" timestamp="2021-02-26T02:00:12Z" user="Sfriniks" uid="11810703" lat="40.4123652" lon="-86.9377291"/>
 <node id="8459651027" visible="true" version="1" changeset="100010816" timestamp="2021-02-26T02:00:12Z" user="Sfriniks" uid="11810703" lat="40.4152539" lon="-86.9288907">
  <tag k="aeroway" v="holding_position"/>
  <tag k="holding_position:type" v="runway"/>
 </node>
 <node id="8459651028" visible="true" version="1" changeset="100010816" timestamp="2021-02-26T02:00:12Z" user="Sfriniks" uid="11810703" lat="40.4149950" lon="-86.9286035"/>
 <node id="8459651029" visible="true" version="1" changeset="100010816" timestamp="2021-02-26T02:00:12Z" user="Sfriniks" uid="11810703" lat="40.4155775" lon="-86.9292495"/>
 <node id="8459651030" visible="true" version="1" changeset="100010816" timestamp="2021-02-26T02:00:12Z" user="Sfriniks" uid="11810703" lat="40.4113328" lon="-86.9287443"/>
 <node id="8459651031" visible="true" version="1" changeset="100010816" timestamp="2021-02-26T02:00:12Z" user="Sfriniks" uid="11810703" lat="40.4113938" lon="-86.9286906"/>
 <node id="8459651032" visible="true" version="1" changeset="100010816" timestamp="2021-02-26T02:00:12Z" user="Sfriniks" uid="11810703" lat="40.4113632" lon="-86.9287121"/>
 <node id="8459651033" visible="true" version="1" changeset="100010816" timestamp="2021-02-26T02:00:12Z" user="Sfriniks" uid="11810703" lat="40.4114291" lon="-86.9286796"/>
 <node id="8459651034" visible="true" version="1" changeset="100010816" timestamp="2021-02-26T02:00:12Z" user="Sfriniks" uid="11810703" lat="40.4115559" lon="-86.9286538"/>
 <node id="8459651035" visible="true" version="1" changeset="100010816" timestamp="2021-02-26T02:00:12Z" user="Sfriniks" uid="11810703" lat="40.4112953" lon="-86.9288247"/>
 <node id="8459651036" visible="true" version="1" changeset="100010816" timestamp="2021-02-26T02:00:12Z" user="Sfriniks" uid="11810703" lat="40.4112871" lon="-86.9288774"/>
 <node id="8459651037" visible="true" version="1" changeset="100010816" timestamp="2021-02-26T02:00:12Z" user="Sfriniks" uid="11810703" lat="40.4112981" lon="-86.9289934"/>
 <node id="8459651038" visible="true" version="1" changeset="100010816" timestamp="2021-02-26T02:00:12Z" user="Sfriniks" uid="11810703" lat="40.4113109" lon="-86.9287815"/>
 <node id="8459651039" visible="true" version="1" changeset="100010816" timestamp="2021-02-26T02:00:12Z" user="Sfriniks" uid="11810703" lat="40.4113766" lon="-86.9296352"/>
 <node id="8459651040" visible="true" version="1" changeset="100010816" timestamp="2021-02-26T02:00:12Z" user="Sfriniks" uid="11810703" lat="40.4115483" lon="-86.9275551"/>
 <node id="8459651041" visible="true" version="1" changeset="100010816" timestamp="2021-02-26T02:00:12Z" user="Sfriniks" uid="11810703" lat="40.4119634" lon="-86.9276060"/>
 <node id="8459651042" visible="true" version="1" changeset="100010816" timestamp="2021-02-26T02:00:12Z" user="Sfriniks" uid="11810703" lat="40.4118046" lon="-86.9275685"/>
 <node id="8459651043" visible="true" version="1" changeset="100010816" timestamp="2021-02-26T02:00:12Z" user="Sfriniks" uid="11810703" lat="40.4122871" lon="-86.9277374"/>
 <node id="8459651044" visible="true" version="1" changeset="100010816" timestamp="2021-02-26T02:00:12Z" user="Sfriniks" uid="11810703" lat="40.4118766" lon="-86.9285787"/>
 <node id="8459651045" visible="true" version="1" changeset="100010816" timestamp="2021-02-26T02:00:12Z" user="Sfriniks" uid="11810703" lat="40.4119912" lon="-86.9285046"/>
 <node id="8459651046" visible="true" version="1" changeset="100010816" timestamp="2021-02-26T02:00:12Z" user="Sfriniks" uid="11810703" lat="40.4120959" lon="-86.9283647"/>
 <node id="8459651047" visible="true" version="1" changeset="100010816" timestamp="2021-02-26T02:00:12Z" user="Sfriniks" uid="11810703" lat="40.4120479" lon="-86.9284415"/>
 <node id="8459651048" visible="true" version="1" changeset="100010816" timestamp="2021-02-26T02:00:12Z" user="Sfriniks" uid="11810703" lat="40.4122633" lon="-86.9280653"/>
 <node id="8459651049" visible="true" version="1" changeset="100010816" timestamp="2021-02-26T02:00:12Z" user="Sfriniks" uid="11810703" lat="40.4123246" lon="-86.9280127"/>
 <node id="8459651050" visible="true" version="1" changeset="100010816" timestamp="2021-02-26T02:00:12Z" user="Sfriniks" uid="11810703" lat="40.4122906" lon="-86.9280348"/>
 <node id="8459651051" visible="true" version="1" changeset="100010816" timestamp="2021-02-26T02:00:12Z" user="Sfriniks" uid="11810703" lat="40.4122388" lon="-86.9281079"/>
 <node id="8459651052" visible="true" version="1" changeset="100010816" timestamp="2021-02-26T02:00:12Z" user="Sfriniks" uid="11810703" lat="40.4121395" lon="-86.9282846"/>
 <node id="8459651053" visible="true" version="1" changeset="100010816" timestamp="2021-02-26T02:00:12Z" user="Sfriniks" uid="11810703" lat="40.4124150" lon="-86.9279889"/>
 <node id="8459651054" visible="true" version="1" changeset="100010816" timestamp="2021-02-26T02:00:12Z" user="Sfriniks" uid="11810703" lat="40.4125153" lon="-86.9279889"/>
 <node id="8459651055" visible="true" version="1" changeset="100010816" timestamp="2021-02-26T02:00:12Z" user="Sfriniks" uid="11810703" lat="40.4124665" lon="-86.9279852"/>
 <node id="8459651056" visible="true" version="1" changeset="100010816" timestamp="2021-02-26T02:00:12Z" user="Sfriniks" uid="11810703" lat="40.4125998" lon="-86.9280120"/>
 <node id="8459651057" visible="true" version="1" changeset="100010816" timestamp="2021-02-26T02:00:12Z" user="Sfriniks" uid="11810703" lat="40.4126784" lon="-86.9280513"/>
 <node id="8459651058" visible="true" version="1" changeset="100010816" timestamp="2021-02-26T02:00:12Z" user="Sfriniks" uid="11810703" lat="40.4126570" lon="-86.9280171"/>
 <node id="8459651059" visible="true" version="1" changeset="100010816" timestamp="2021-02-26T02:00:12Z" user="Sfriniks" uid="11810703" lat="40.4126399" lon="-86.9280281"/>
 <node id="8459651060" visible="true" version="1" changeset="100010816" timestamp="2021-02-26T02:00:12Z" user="Sfriniks" uid="11810703" lat="40.4125919" lon="-86.9279577"/>
 <node id="8459651061" visible="true" version="1" changeset="100010816" timestamp="2021-02-26T02:00:12Z" user="Sfriniks" uid="11810703" lat="40.4124512" lon="-86.9278427"/>
 <node id="8459651062" visible="true" version="1" changeset="100010816" timestamp="2021-02-26T02:00:12Z" user="Sfriniks" uid="11810703" lat="40.4125548" lon="-86.9279976"/>
 <node id="8459651063" visible="true" version="1" changeset="100010816" timestamp="2021-02-26T02:00:12Z" user="Sfriniks" uid="11810703" lat="40.4123596" lon="-86.9279983"/>
 <node id="8459651064" visible="true" version="1" changeset="100010816" timestamp="2021-02-26T02:00:12Z" user="Sfriniks" uid="11810703" lat="40.4118194" lon="-86.9285984"/>
 <node id="8459651065" visible="true" version="1" changeset="100010816" timestamp="2021-02-26T02:00:12Z" user="Sfriniks" uid="11810703" lat="40.4147454" lon="-86.9298892">
  <tag k="aeroway" v="holding_position"/>
  <tag k="holding_position:type" v="runway"/>
 </node>
 <node id="8459651066" visible="true" version="1" changeset="100010816" timestamp="2021-02-26T02:00:12Z" user="Sfriniks" uid="11810703" lat="40.4146186" lon="-86.9302200">
  <tag k="aeroway" v="holding_position"/>
  <tag k="holding_position:type" v="runway"/>
 </node>
 <node id="8459651067" visible="true" version="1" changeset="100010816" timestamp="2021-02-26T02:00:12Z" user="Sfriniks" uid="11810703" lat="40.4129027" lon="-86.9331888"/>
 <node id="8459651068" visible="true" version="1" changeset="100010816" timestamp="2021-02-26T02:00:12Z" user="Sfriniks" uid="11810703" lat="40.4128852" lon="-86.9331984"/>
 <node id="8459651069" visible="true" version="1" changeset="100010816" timestamp="2021-02-26T02:00:12Z" user="Sfriniks" uid="11810703" lat="40.4128650" lon="-86.9332115"/>
 <node id="8459651070" visible="true" version="1" changeset="100010816" timestamp="2021-02-26T02:00:12Z" user="Sfriniks" uid="11810703" lat="40.4128454" lon="-86.9332202"/>
 <node id="8459651071" visible="true" version="1" changeset="100010816" timestamp="2021-02-26T02:00:12Z" user="Sfriniks" uid="11810703" lat="40.4128247" lon="-86.9332246"/>
 <node id="8459651072" visible="true" version="1" changeset="100010816" timestamp="2021-02-26T02:00:12Z" user="Sfriniks" uid="11810703" lat="40.4128071" lon="-86.9332273"/>
 <node id="8459651073" visible="true" version="1" changeset="100010816" timestamp="2021-02-26T02:00:12Z" user="Sfriniks" uid="11810703" lat="40.4127815" lon="-86.9332263"/>
 <node id="8459651074" visible="true" version="1" changeset="100010816" timestamp="2021-02-26T02:00:12Z" user="Sfriniks" uid="11810703" lat="40.4127578" lon="-86.9332212"/>
 <node id="8459651075" visible="true" version="1" changeset="100010816" timestamp="2021-02-26T02:00:12Z" user="Sfriniks" uid="11810703" lat="40.4127305" lon="-86.9332058"/>
 <node id="8459651076" visible="true" version="1" changeset="100010816" timestamp="2021-02-26T02:00:12Z" user="Sfriniks" uid="11810703" lat="40.4127080" lon="-86.9331924"/>
 <node id="8459651077" visible="true" version="1" changeset="100010816" timestamp="2021-02-26T02:00:12Z" user="Sfriniks" uid="11810703" lat="40.4129540" lon="-86.9331088"/>
 <node id="8459651078" visible="true" version="1" changeset="100010816" timestamp="2021-02-26T02:00:12Z" user="Sfriniks" uid="11810703" lat="40.4129439" lon="-86.9331387"/>
 <node id="8459651079" visible="true" version="1" changeset="100010816" timestamp="2021-02-26T02:00:12Z" user="Sfriniks" uid="11810703" lat="40.4129342" lon="-86.9331646"/>
 <node id="8459651080" visible="true" version="1" changeset="100010816" timestamp="2021-02-26T02:00:12Z" user="Sfriniks" uid="11810703" lat="40.4129268" lon="-86.9332001"/>
 <node id="8459651081" visible="true" version="1" changeset="100010816" timestamp="2021-02-26T02:00:12Z" user="Sfriniks" uid="11810703" lat="40.4129230" lon="-86.9332273"/>
 <node id="8459651082" visible="true" version="1" changeset="100010816" timestamp="2021-02-26T02:00:12Z" user="Sfriniks" uid="11810703" lat="40.4129219" lon="-86.9332712"/>
 <node id="8459651083" visible="true" version="1" changeset="100010816" timestamp="2021-02-26T02:00:12Z" user="Sfriniks" uid="11810703" lat="40.4129268" lon="-86.9333225"/>
 <node id="8459651084" visible="true" version="1" changeset="100010816" timestamp="2021-02-26T02:00:12Z" user="Sfriniks" uid="11810703" lat="40.4129421" lon="-86.9334371"/>
 <node id="8459651085" visible="true" version="1" changeset="100010816" timestamp="2021-02-26T02:00:12Z" user="Sfriniks" uid="11810703" lat="40.4126363" lon="-86.9335943"/>
 <node id="8459651086" visible="true" version="1" changeset="100010816" timestamp="2021-02-26T02:00:12Z" user="Sfriniks" uid="11810703" lat="40.4126548" lon="-86.9335790"/>
 <node id="8459651087" visible="true" version="1" changeset="100010816" timestamp="2021-02-26T02:00:12Z" user="Sfriniks" uid="11810703" lat="40.4126711" lon="-86.9335661"/>
 <node id="8459651088" visible="true" version="1" changeset="100010816" timestamp="2021-02-26T02:00:12Z" user="Sfriniks" uid="11810703" lat="40.4126933" lon="-86.9335511"/>
 <node id="8459651089" visible="true" version="1" changeset="100010816" timestamp="2021-02-26T02:00:12Z" user="Sfriniks" uid="11810703" lat="40.4127171" lon="-86.9335399"/>
 <node id="8459651090" visible="true" version="1" changeset="100010816" timestamp="2021-02-26T02:00:12Z" user="Sfriniks" uid="11810703" lat="40.4127486" lon="-86.9335308"/>
 <node id="8459651091" visible="true" version="1" changeset="100010816" timestamp="2021-02-26T02:00:12Z" user="Sfriniks" uid="11810703" lat="40.4127857" lon="-86.9335278"/>
 <node id="8459651092" visible="true" version="1" changeset="100010816" timestamp="2021-02-26T02:00:12Z" user="Sfriniks" uid="11810703" lat="40.4128077" lon="-86.9335314"/>
 <node id="8459651093" visible="true" version="1" changeset="100010816" timestamp="2021-02-26T02:00:12Z" user="Sfriniks" uid="11810703" lat="40.4128294" lon="-86.9335369"/>
 <node id="8459651094" visible="true" version="1" changeset="100010816" timestamp="2021-02-26T02:00:12Z" user="Sfriniks" uid="11810703" lat="40.4128572" lon="-86.9335493"/>
 <node id="8459651095" visible="true" version="1" changeset="100010816" timestamp="2021-02-26T02:00:12Z" user="Sfriniks" uid="11810703" lat="40.4128873" lon="-86.9335704"/>
 <node id="8459651096" visible="true" version="1" changeset="100010816" timestamp="2021-02-26T02:00:12Z" user="Sfriniks" uid="11810703" lat="40.4129073" lon="-86.9335892"/>
 <node id="8459651097" visible="true" version="1" changeset="100010816" timestamp="2021-02-26T02:00:12Z" user="Sfriniks" uid="11810703" lat="40.4129227" lon="-86.9336075"/>
 <node id="8459651098" visible="true" version="1" changeset="100010816" timestamp="2021-02-26T02:00:12Z" user="Sfriniks" uid="11810703" lat="40.4129374" lon="-86.9336301"/>
 <node id="8459651099" visible="true" version="1" changeset="100010816" timestamp="2021-02-26T02:00:12Z" user="Sfriniks" uid="11810703" lat="40.4129521" lon="-86.9336549"/>
 <node id="8459651100" visible="true" version="1" changeset="100010816" timestamp="2021-02-26T02:00:12Z" user="Sfriniks" uid="11810703" lat="40.4129694" lon="-86.9336993"/>
 <node id="8459651101" visible="true" version="1" changeset="100010816" timestamp="2021-02-26T02:00:12Z" user="Sfriniks" uid="11810703" lat="40.4129734" lon="-86.9337248"/>
 <node id="8459651102" visible="true" version="1" changeset="100010816" timestamp="2021-02-26T02:00:12Z" user="Sfriniks" uid="11810703" lat="40.4120578" lon="-86.9351920"/>
 <node id="8459651103" visible="true" version="1" changeset="100010816" timestamp="2021-02-26T02:00:12Z" user="Sfriniks" uid="11810703" lat="40.4119983" lon="-86.9347119"/>
 <node id="8459651104" visible="true" version="1" changeset="100010816" timestamp="2021-02-26T02:00:12Z" user="Sfriniks" uid="11810703" lat="40.4119973" lon="-86.9346649"/>
 <node id="8459651105" visible="true" version="1" changeset="100010816" timestamp="2021-02-26T02:00:12Z" user="Sfriniks" uid="11810703" lat="40.4120045" lon="-86.9346109"/>
 <node id="8459651106" visible="true" version="1" changeset="100010816" timestamp="2021-02-26T02:00:12Z" user="Sfriniks" uid="11810703" lat="40.4120149" lon="-86.9345724"/>
 <node id="8459651107" visible="true" version="1" changeset="100010816" timestamp="2021-02-26T02:00:12Z" user="Sfriniks" uid="11810703" lat="40.4120252" lon="-86.9345393"/>
 <node id="8459651108" visible="true" version="1" changeset="100010816" timestamp="2021-02-26T02:00:12Z" user="Sfriniks" uid="11810703" lat="40.4118260" lon="-86.9333117"/>
 <node id="8459651109" visible="true" version="1" changeset="100010816" timestamp="2021-02-26T02:00:12Z" user="Sfriniks" uid="11810703" lat="40.4119031" lon="-86.9339105"/>
 <node id="8459651110" visible="true" version="1" changeset="100010816" timestamp="2021-02-26T02:00:12Z" user="Sfriniks" uid="11810703" lat="40.4119179" lon="-86.9340400"/>
 <node id="8459651111" visible="true" version="1" changeset="100010816" timestamp="2021-02-26T02:00:12Z" user="Sfriniks" uid="11810703" lat="40.4119414" lon="-86.9341157"/>
 <node id="8459651112" visible="true" version="1" changeset="100010816" timestamp="2021-02-26T02:00:12Z" user="Sfriniks" uid="11810703" lat="40.4119629" lon="-86.9341560"/>
 <node id="8459651113" visible="true" version="1" changeset="100010816" timestamp="2021-02-26T02:00:12Z" user="Sfriniks" uid="11810703" lat="40.4119894" lon="-86.9341902"/>
 <node id="8459651114" visible="true" version="1" changeset="100010816" timestamp="2021-02-26T02:00:12Z" user="Sfriniks" uid="11810703" lat="40.4120180" lon="-86.9342150"/>
 <node id="8459651115" visible="true" version="1" changeset="100010816" timestamp="2021-02-26T02:00:12Z" user="Sfriniks" uid="11810703" lat="40.4120507" lon="-86.9342351"/>
 <node id="8459651116" visible="true" version="1" changeset="100010816" timestamp="2021-02-26T02:00:12Z" user="Sfriniks" uid="11810703" lat="40.4120849" lon="-86.9342445"/>
 <node id="8459651117" visible="true" version="1" changeset="100010816" timestamp="2021-02-26T02:00:12Z" user="Sfriniks" uid="11810703" lat="40.4121232" lon="-86.9342492"/>
 <node id="8459651118" visible="true" version="1" changeset="100010816" timestamp="2021-02-26T02:00:12Z" user="Sfriniks" uid="11810703" lat="40.4121584" lon="-86.9342452"/>
 <node id="8459651119" visible="true" version="1" changeset="100010816" timestamp="2021-02-26T02:00:12Z" user="Sfriniks" uid="11810703" lat="40.4121962" lon="-86.9342284"/>
 <node id="8459651120" visible="true" version="1" changeset="100010816" timestamp="2021-02-26T02:00:12Z" user="Sfriniks" uid="11810703" lat="40.4122329" lon="-86.9342029"/>
 <node id="8459651121" visible="true" version="1" changeset="100010816" timestamp="2021-02-26T02:00:12Z" user="Sfriniks" uid="11810703" lat="40.4122784" lon="-86.9341473"/>
 <node id="8459651122" visible="true" version="1" changeset="100010816" timestamp="2021-02-26T02:00:12Z" user="Sfriniks" uid="11810703" lat="40.4091905" lon="-86.9388767"/>
 <node id="8459651123" visible="true" version="1" changeset="100010816" timestamp="2021-02-26T02:00:12Z" user="Sfriniks" uid="11810703" lat="40.4092048" lon="-86.9388364"/>
 <node id="8459651124" visible="true" version="1" changeset="100010816" timestamp="2021-02-26T02:00:12Z" user="Sfriniks" uid="11810703" lat="40.4092124" lon="-86.9388056"/>
 <node id="8459651125" visible="true" version="1" changeset="100010816" timestamp="2021-02-26T02:00:12Z" user="Sfriniks" uid="11810703" lat="40.4092196" lon="-86.9387667"/>
 <node id="8459651126" visible="true" version="1" changeset="100010816" timestamp="2021-02-26T02:00:12Z" user="Sfriniks" uid="11810703" lat="40.4092206" lon="-86.9387130"/>
 <node id="8459651127" visible="true" version="1" changeset="100010816" timestamp="2021-02-26T02:00:12Z" user="Sfriniks" uid="11810703" lat="40.4092088" lon="-86.9386440"/>
 <node id="8459651128" visible="true" version="1" changeset="100010816" timestamp="2021-02-26T02:00:12Z" user="Sfriniks" uid="11810703" lat="40.4091848" lon="-86.9385823"/>
 <node id="8459651129" visible="true" version="1" changeset="100010816" timestamp="2021-02-26T02:00:12Z" user="Sfriniks" uid="11810703" lat="40.4092344" lon="-86.9385830"/>
 <node id="8459651130" visible="true" version="1" changeset="100010816" timestamp="2021-02-26T02:00:12Z" user="Sfriniks" uid="11810703" lat="40.4093738" lon="-86.9385655"/>
 <node id="8459651131" visible="true" version="1" changeset="100010816" timestamp="2021-02-26T02:00:12Z" user="Sfriniks" uid="11810703" lat="40.4093064" lon="-86.9385877"/>
 <node id="8459651132" visible="true" version="1" changeset="100010816" timestamp="2021-02-26T02:00:12Z" user="Sfriniks" uid="11810703" lat="40.4091665" lon="-86.9385447"/>
 <node id="8459651133" visible="true" version="1" changeset="100010816" timestamp="2021-02-26T02:00:12Z" user="Sfriniks" uid="11810703" lat="40.4090033" lon="-86.9383533"/>
 <node id="8459651134" visible="true" version="1" changeset="100010816" timestamp="2021-02-26T02:00:12Z" user="Sfriniks" uid="11810703" lat="40.4090447" lon="-86.9384083">
  <tag k="aeroway" v="holding_position"/>
  <tag k="holding_position:type" v="runway"/>
 </node>
 <node id="8459651135" visible="true" version="1" changeset="100010816" timestamp="2021-02-26T02:00:12Z" user="Sfriniks" uid="11810703" lat="40.4089375" lon="-86.9381391"/>
 <node id="8459651136" visible="true" version="1" changeset="100010816" timestamp="2021-02-26T02:00:12Z" user="Sfriniks" uid="11810703" lat="40.4089826" lon="-86.9378467"/>
 <node id="8459651137" visible="true" version="1" changeset="100010816" timestamp="2021-02-26T02:00:12Z" user="Sfriniks" uid="11810703" lat="40.4089387" lon="-86.9379909"/>
 <node id="8459651138" visible="true" version="1" changeset="100010816" timestamp="2021-02-26T02:00:12Z" user="Sfriniks" uid="11810703" lat="40.4089689" lon="-86.9382765"/>
 <node id="8459651139" visible="true" version="1" changeset="100010816" timestamp="2021-02-26T02:00:12Z" user="Sfriniks" uid="11810703" lat="40.4086975" lon="-86.9394282"/>
 <node id="8459651140" visible="true" version="1" changeset="100010816" timestamp="2021-02-26T02:00:12Z" user="Sfriniks" uid="11810703" lat="40.4088305" lon="-86.9394014"/>
 <node id="8459651141" visible="true" version="1" changeset="100010816" timestamp="2021-02-26T02:00:12Z" user="Sfriniks" uid="11810703" lat="40.4087672" lon="-86.9394319"/>
 <node id="8459651142" visible="true" version="1" changeset="100010816" timestamp="2021-02-26T02:00:12Z" user="Sfriniks" uid="11810703" lat="40.4084920" lon="-86.9392535">
  <tag k="aeroway" v="holding_position"/>
  <tag k="holding_position:type" v="runway"/>
 </node>
 <node id="8459651143" visible="true" version="1" changeset="100010816" timestamp="2021-02-26T02:00:12Z" user="Sfriniks" uid="11810703" lat="40.4149294" lon="-86.9344202"/>
 <node id="8459651144" visible="true" version="1" changeset="100010816" timestamp="2021-02-26T02:00:12Z" user="Sfriniks" uid="11810703" lat="40.4148686" lon="-86.9344084"/>
 <node id="8459651145" visible="true" version="1" changeset="100010816" timestamp="2021-02-26T02:00:12Z" user="Sfriniks" uid="11810703" lat="40.4148395" lon="-86.9343940"/>
 <node id="8459651146" visible="true" version="1" changeset="100010816" timestamp="2021-02-26T02:00:12Z" user="Sfriniks" uid="11810703" lat="40.4149608" lon="-86.9344165"/>
 <node id="8459651147" visible="true" version="1" changeset="100010816" timestamp="2021-02-26T02:00:12Z" user="Sfriniks" uid="11810703" lat="40.4148995" lon="-86.9344182"/>
 <node id="8459651148" visible="true" version="1" changeset="100010816" timestamp="2021-02-26T02:00:12Z" user="Sfriniks" uid="11810703" lat="40.4147928" lon="-86.9343558"/>
 <node id="8459651149" visible="true" version="1" changeset="100010816" timestamp="2021-02-26T02:00:12Z" user="Sfriniks" uid="11810703" lat="40.4153672" lon="-86.9342482"/>
 <node id="8459651150" visible="true" version="1" changeset="100010816" timestamp="2021-02-26T02:00:12Z" user="Sfriniks" uid="11810703" lat="40.4153925" lon="-86.9341989"/>
 <node id="8459651151" visible="true" version="1" changeset="100010816" timestamp="2021-02-26T02:00:12Z" user="Sfriniks" uid="11810703" lat="40.4153833" lon="-86.9342240"/>
 <node id="8459651152" visible="true" version="1" changeset="100010816" timestamp="2021-02-26T02:00:12Z" user="Sfriniks" uid="11810703" lat="40.4153958" lon="-86.9341704"/>
 <node id="8459651153" visible="true" version="1" changeset="100010816" timestamp="2021-02-26T02:00:12Z" user="Sfriniks" uid="11810703" lat="40.4113819" lon="-86.9355173">
  <tag k="aeroway" v="holding_position"/>
  <tag k="holding_position:type" v="runway"/>
 </node>
 <node id="8459651154" visible="true" version="1" changeset="100010816" timestamp="2021-02-26T02:00:12Z" user="Sfriniks" uid="11810703" lat="40.4125893" lon="-86.9336651">
  <tag k="aeroway" v="holding_position"/>
  <tag k="holding_position:type" v="runway"/>
 </node>
 <node id="8459651155" visible="true" version="1" changeset="100010816" timestamp="2021-02-26T02:00:12Z" user="Sfriniks" uid="11810703" lat="40.4125924" lon="-86.9330630">
  <tag k="aeroway" v="holding_position"/>
  <tag k="holding_position:type" v="runway"/>
 </node>
 <node id="8459651156" visible="true" version="1" changeset="100010816" timestamp="2021-02-26T02:00:12Z" user="Sfriniks" uid="11810703" lat="40.4129161" lon="-86.9334324"/>
 <node id="8459651157" visible="true" version="1" changeset="100010816" timestamp="2021-02-26T02:00:12Z" user="Sfriniks" uid="11810703" lat="40.4128865" lon="-86.9333882"/>
 <node id="8459651158" visible="true" version="1" changeset="100010816" timestamp="2021-02-26T02:00:12Z" user="Sfriniks" uid="11810703" lat="40.4129620" lon="-86.9336008"/>
 <node id="8459651159" visible="true" version="1" changeset="100010816" timestamp="2021-02-26T02:00:12Z" user="Sfriniks" uid="11810703" lat="40.4129365" lon="-86.9334787"/>
 <node id="8459651160" visible="true" version="1" changeset="100010816" timestamp="2021-02-26T02:00:12Z" user="Sfriniks" uid="11810703" lat="40.4129794" lon="-86.9337504"/>
 <node id="8459651161" visible="true" version="1" changeset="100010816" timestamp="2021-02-26T02:00:12Z" user="Sfriniks" uid="11810703" lat="40.4129028" lon="-86.9366732">
  <tag k="aeroway" v="holding_position"/>
  <tag k="holding_position:type" v="runway"/>
 </node>
 <node id="8459651162" visible="true" version="1" changeset="100010816" timestamp="2021-02-26T02:00:12Z" user="Sfriniks" uid="11810703" lat="40.4140158" lon="-86.9423555"/>
 <node id="8459651163" visible="true" version="1" changeset="100010816" timestamp="2021-02-26T02:00:12Z" user="Sfriniks" uid="11810703" lat="40.4139658" lon="-86.9425017"/>
 <node id="8459651164" visible="true" version="1" changeset="100010816" timestamp="2021-02-26T02:00:12Z" user="Sfriniks" uid="11810703" lat="40.4138754" lon="-86.9426056"/>
 <node id="8459651165" visible="true" version="1" changeset="100010816" timestamp="2021-02-26T02:00:12Z" user="Sfriniks" uid="11810703" lat="40.4138223" lon="-86.9426351"/>
 <node id="8459651166" visible="true" version="1" changeset="100010816" timestamp="2021-02-26T02:00:12Z" user="Sfriniks" uid="11810703" lat="40.4139994" lon="-86.9424286"/>
 <node id="8459651167" visible="true" version="1" changeset="100010816" timestamp="2021-02-26T02:00:12Z" user="Sfriniks" uid="11810703" lat="40.4139239" lon="-86.9425634"/>
 <node id="8459651168" visible="true" version="1" changeset="100010816" timestamp="2021-02-26T02:00:12Z" user="Sfriniks" uid="11810703" lat="40.4136482" lon="-86.9426747">
  <tag k="aeroway" v="holding_position"/>
  <tag k="holding_position:type" v="runway"/>
 </node>
 <node id="8459651169" visible="true" version="1" changeset="100010816" timestamp="2021-02-26T02:00:12Z" user="Sfriniks" uid="11810703" lat="40.4146943" lon="-86.9495753"/>
 <node id="8459651170" visible="true" version="1" changeset="100010816" timestamp="2021-02-26T02:00:12Z" user="Sfriniks" uid="11810703" lat="40.4148475" lon="-86.9493842"/>
 <node id="8459651171" visible="true" version="1" changeset="100010816" timestamp="2021-02-26T02:00:12Z" user="Sfriniks" uid="11810703" lat="40.4147842" lon="-86.9495022"/>
 <node id="8459651172" visible="true" version="1" changeset="100010816" timestamp="2021-02-26T02:00:12Z" user="Sfriniks" uid="11810703" lat="40.4145044" lon="-86.9496229">
  <tag k="aeroway" v="holding_position"/>
  <tag k="holding_position:type" v="runway"/>
 </node>
 <node id="8459651173" visible="true" version="1" changeset="100010816" timestamp="2021-02-26T02:00:12Z" user="Sfriniks" uid="11810703" lat="40.4146397" lon="-86.9507086">
  <tag k="aeroway" v="holding_position"/>
  <tag k="holding_position:type" v="runway"/>
 </node>
 <node id="8459651174" visible="true" version="1" changeset="100010816" timestamp="2021-02-26T02:00:12Z" user="Sfriniks" uid="11810703" lat="40.4148209" lon="-86.9505832"/>
 <node id="8459651175" visible="true" version="1" changeset="100010816" timestamp="2021-02-26T02:00:12Z" user="Sfriniks" uid="11810703" lat="40.4149537" lon="-86.9503223"/>
 <node id="8460166466" visible="true" version="1" changeset="100025899" timestamp="2021-02-26T06:57:48Z" user="daggarw" uid="10127762" lat="40.4204191" lon="-86.9246397"/>
 <node id="8460166470" visible="true" version="3" changeset="122816361" timestamp="2022-06-24T19:39:55Z" user="Clarke22" uid="703694" lat="40.4203375" lon="-86.9232174"/>
 <node id="8460166471" visible="true" version="2" changeset="117658475" timestamp="2022-02-21T00:01:00Z" user="AwwJeez" uid="9625789" lat="40.4205880" lon="-86.9232524"/>
 <node id="8460166472" visible="true" version="3" changeset="122812377" timestamp="2022-06-24T17:30:53Z" user="Clarke22" uid="703694" lat="40.4205684" lon="-86.9227679"/>
 <node id="8460166473" visible="true" version="2" changeset="117658475" timestamp="2022-02-21T00:01:00Z" user="AwwJeez" uid="9625789" lat="40.4205491" lon="-86.9226760"/>
 <node id="8460166474" visible="true" version="2" changeset="122812377" timestamp="2022-06-24T17:30:53Z" user="Clarke22" uid="703694" lat="40.4205038" lon="-86.9225850"/>
 <node id="8460166476" visible="true" version="3" changeset="122733657" timestamp="2022-06-23T01:37:52Z" user="Clarke22" uid="703694" lat="40.4202387" lon="-86.9224203"/>
 <node id="8460166477" visible="true" version="4" changeset="122812377" timestamp="2022-06-24T17:30:53Z" user="Clarke22" uid="703694" lat="40.4199712" lon="-86.9223090"/>
 <node id="8460166479" visible="true" version="4" changeset="122812377" timestamp="2022-06-24T17:30:53Z" user="Clarke22" uid="703694" lat="40.4198022" lon="-86.9223547"/>
 <node id="8460166481" visible="true" version="2" changeset="117658475" timestamp="2022-02-21T00:01:00Z" user="AwwJeez" uid="9625789" lat="40.4191379" lon="-86.9224615"/>
 <node id="8460166482" visible="true" version="2" changeset="122733657" timestamp="2022-06-23T01:37:52Z" user="Clarke22" uid="703694" lat="40.4190466" lon="-86.9224831"/>
 <node id="8460166483" visible="true" version="1" changeset="100025899" timestamp="2021-02-26T06:57:48Z" user="daggarw" uid="10127762" lat="40.4188144" lon="-86.9226033"/>
 <node id="8460166484" visible="true" version="2" changeset="122733657" timestamp="2022-06-23T01:37:52Z" user="Clarke22" uid="703694" lat="40.4187194" lon="-86.9226993"/>
 <node id="8460166485" visible="true" version="2" changeset="122733657" timestamp="2022-06-23T01:37:52Z" user="Clarke22" uid="703694" lat="40.4186391" lon="-86.9228041"/>
 <node id="8460166486" visible="true" version="2" changeset="122733657" timestamp="2022-06-23T01:37:52Z" user="Clarke22" uid="703694" lat="40.4183431" lon="-86.9234511"/>
 <node id="8460166487" visible="true" version="3" changeset="122812377" timestamp="2022-06-24T17:30:53Z" user="Clarke22" uid="703694" lat="40.4181722" lon="-86.9238844"/>
 <node id="8460166488" visible="true" version="2" changeset="117658475" timestamp="2022-02-21T00:01:00Z" user="AwwJeez" uid="9625789" lat="40.4191791" lon="-86.9241771"/>
 <node id="8460166489" visible="true" version="4" changeset="122812377" timestamp="2022-06-24T17:30:53Z" user="Clarke22" uid="703694" lat="40.4200697" lon="-86.9223114"/>
 <node id="8461443963" visible="true" version="2" changeset="117658475" timestamp="2022-02-21T00:01:00Z" user="AwwJeez" uid="9625789" lat="40.4190719" lon="-86.9277502"/>
 <node id="8461443964" visible="true" version="2" changeset="117658475" timestamp="2022-02-21T00:01:00Z" user="AwwJeez" uid="9625789" lat="40.4190661" lon="-86.9284076"/>
 <node id="8474293586" visible="true" version="1" changeset="100166734" timestamp="2021-03-01T04:16:29Z" user="inagans" uid="10192109" lat="40.4094360" lon="-86.9518408"/>
 <node id="8474293587" visible="true" version="1" changeset="100166734" timestamp="2021-03-01T04:16:29Z" user="inagans" uid="10192109" lat="40.4092507" lon="-86.9518344">
  <tag k="barrier" v="gate"/>
 </node>
 <node id="8474293588" visible="true" version="1" changeset="100166734" timestamp="2021-03-01T04:16:29Z" user="inagans" uid="10192109" lat="40.4090325" lon="-86.9518337"/>
 <node id="8474293589" visible="true" version="1" changeset="100166734" timestamp="2021-03-01T04:16:29Z" user="inagans" uid="10192109" lat="40.4089856" lon="-86.9518269"/>
 <node id="8474293590" visible="true" version="1" changeset="100166734" timestamp="2021-03-01T04:16:29Z" user="inagans" uid="10192109" lat="40.4089613" lon="-86.9517949"/>
 <node id="8474293591" visible="true" version="1" changeset="100166734" timestamp="2021-03-01T04:16:29Z" user="inagans" uid="10192109" lat="40.4089301" lon="-86.9516992"/>
 <node id="8474293592" visible="true" version="1" changeset="100166734" timestamp="2021-03-01T04:16:29Z" user="inagans" uid="10192109" lat="40.4088832" lon="-86.9498801"/>
 <node id="8474293593" visible="true" version="1" changeset="100166734" timestamp="2021-03-01T04:16:29Z" user="inagans" uid="10192109" lat="40.4088277" lon="-86.9483414"/>
 <node id="8474293594" visible="true" version="1" changeset="100166734" timestamp="2021-03-01T04:16:29Z" user="inagans" uid="10192109" lat="40.4088398" lon="-86.9482707"/>
 <node id="8474293595" visible="true" version="1" changeset="100166734" timestamp="2021-03-01T04:16:29Z" user="inagans" uid="10192109" lat="40.4088711" lon="-86.9482297"/>
 <node id="8474293596" visible="true" version="1" changeset="100166734" timestamp="2021-03-01T04:16:29Z" user="inagans" uid="10192109" lat="40.4089561" lon="-86.9482137"/>
 <node id="8474293597" visible="true" version="1" changeset="100166734" timestamp="2021-03-01T04:16:29Z" user="inagans" uid="10192109" lat="40.4093224" lon="-86.9482297">
  <tag k="barrier" v="gate"/>
 </node>
 <node id="8474293598" visible="true" version="1" changeset="100166734" timestamp="2021-03-01T04:16:29Z" user="inagans" uid="10192109" lat="40.4094901" lon="-86.9482366"/>
 <node id="8475669044" visible="true" version="1" changeset="100200985" timestamp="2021-03-01T11:29:16Z" user="ambarapu" uid="10173454" lat="40.4189629" lon="-86.9258489"/>
 <node id="8475669045" visible="true" version="2" changeset="117914136" timestamp="2022-02-27T16:12:14Z" user="AwwJeez" uid="9625789" lat="40.4184284" lon="-86.9258452"/>
 <node id="8475669046" visible="true" version="2" changeset="117914136" timestamp="2022-02-27T16:12:14Z" user="AwwJeez" uid="9625789" lat="40.4184293" lon="-86.9256251"/>
 <node id="8475669047" visible="true" version="1" changeset="100200985" timestamp="2021-03-01T11:29:16Z" user="ambarapu" uid="10173454" lat="40.4189634" lon="-86.9256289"/>
 <node id="8518175810" visible="true" version="2" changeset="125129069" timestamp="2022-08-19T22:51:38Z" user="Clarke22" uid="703694" lat="40.4271097" lon="-86.9389115"/>
 <node id="8518175811" visible="true" version="1" changeset="100996739" timestamp="2021-03-14T16:21:56Z" user="karson_" uid="10529514" lat="40.4261918" lon="-86.9385758"/>
 <node id="8601304757" visible="true" version="1" changeset="102451835" timestamp="2021-04-07T06:26:30Z" user="pppadal" uid="10209001" lat="40.4072693" lon="-86.9524288"/>
 <node id="8601304758" visible="true" version="1" changeset="102451835" timestamp="2021-04-07T06:26:30Z" user="pppadal" uid="10209001" lat="40.4072577" lon="-86.9519068"/>
 <node id="8601304759" visible="true" version="1" changeset="102451835" timestamp="2021-04-07T06:26:30Z" user="pppadal" uid="10209001" lat="40.4072462" lon="-86.9512526"/>
 <node id="8601304760" visible="true" version="1" changeset="102451835" timestamp="2021-04-07T06:26:30Z" user="pppadal" uid="10209001" lat="40.4072546" lon="-86.9507784"/>
 <node id="8601304761" visible="true" version="1" changeset="102451835" timestamp="2021-04-07T06:26:30Z" user="pppadal" uid="10209001" lat="40.4072640" lon="-86.9503317"/>
 <node id="8601304762" visible="true" version="1" changeset="102451835" timestamp="2021-04-07T06:26:30Z" user="pppadal" uid="10209001" lat="40.4072644" lon="-86.9499916"/>
 <node id="8601304763" visible="true" version="1" changeset="102451835" timestamp="2021-04-07T06:26:30Z" user="pppadal" uid="10209001" lat="40.4072624" lon="-86.9492837"/>
 <node id="8601304764" visible="true" version="1" changeset="102451835" timestamp="2021-04-07T06:26:30Z" user="pppadal" uid="10209001" lat="40.4072565" lon="-86.9489503"/>
 <node id="8601304765" visible="true" version="1" changeset="102451835" timestamp="2021-04-07T06:26:30Z" user="pppadal" uid="10209001" lat="40.4072429" lon="-86.9487887"/>
 <node id="8601304766" visible="true" version="1" changeset="102451835" timestamp="2021-04-07T06:26:30Z" user="pppadal" uid="10209001" lat="40.4071901" lon="-86.9486656"/>
 <node id="8601304767" visible="true" version="1" changeset="102451835" timestamp="2021-04-07T06:26:30Z" user="pppadal" uid="10209001" lat="40.4071159" lon="-86.9486169"/>
 <node id="8601304768" visible="true" version="1" changeset="102451835" timestamp="2021-04-07T06:26:30Z" user="pppadal" uid="10209001" lat="40.4069870" lon="-86.9485861"/>
 <node id="8601304769" visible="true" version="1" changeset="102451835" timestamp="2021-04-07T06:26:30Z" user="pppadal" uid="10209001" lat="40.4068640" lon="-86.9485784"/>
 <node id="8601747409" visible="true" version="1" changeset="102461619" timestamp="2021-04-07T08:22:40Z" user="devasen" uid="11611908" lat="40.4159718" lon="-86.9401631"/>
 <node id="8601747410" visible="true" version="1" changeset="102461619" timestamp="2021-04-07T08:22:40Z" user="devasen" uid="11611908" lat="40.4158570" lon="-86.9401928"/>
 <node id="8601747411" visible="true" version="1" changeset="102461619" timestamp="2021-04-07T08:22:40Z" user="devasen" uid="11611908" lat="40.4157410" lon="-86.9402338"/>
 <node id="8601747412" visible="true" version="1" changeset="102461619" timestamp="2021-04-07T08:22:40Z" user="devasen" uid="11611908" lat="40.4156607" lon="-86.9402807"/>
 <node id="8601747413" visible="true" version="1" changeset="102461619" timestamp="2021-04-07T08:22:40Z" user="devasen" uid="11611908" lat="40.4155418" lon="-86.9404116"/>
 <node id="8601747414" visible="true" version="1" changeset="102461619" timestamp="2021-04-07T08:22:40Z" user="devasen" uid="11611908" lat="40.4154630" lon="-86.9405034"/>
 <node id="8602133794" visible="true" version="1" changeset="102471441" timestamp="2021-04-07T10:04:44Z" user="grandhs" uid="10271447" lat="40.4167663" lon="-86.9290038"/>
 <node id="8602133795" visible="true" version="1" changeset="102471441" timestamp="2021-04-07T10:04:44Z" user="grandhs" uid="10271447" lat="40.4166645" lon="-86.9290010"/>
 <node id="8602133796" visible="true" version="1" changeset="102471441" timestamp="2021-04-07T10:04:44Z" user="grandhs" uid="10271447" lat="40.4166545" lon="-86.9289465"/>
 <node id="8602133797" visible="true" version="1" changeset="102471441" timestamp="2021-04-07T10:04:44Z" user="grandhs" uid="10271447" lat="40.4166510" lon="-86.9286191"/>
 <node id="8602133798" visible="true" version="1" changeset="102471441" timestamp="2021-04-07T10:04:44Z" user="grandhs" uid="10271447" lat="40.4166580" lon="-86.9282917"/>
 <node id="8602133799" visible="true" version="1" changeset="102471441" timestamp="2021-04-07T10:04:44Z" user="grandhs" uid="10271447" lat="40.4166541" lon="-86.9279425"/>
 <node id="8602133800" visible="true" version="1" changeset="102471441" timestamp="2021-04-07T10:04:44Z" user="grandhs" uid="10271447" lat="40.4166576" lon="-86.9278920"/>
 <node id="8602133801" visible="true" version="1" changeset="102471441" timestamp="2021-04-07T10:04:44Z" user="grandhs" uid="10271447" lat="40.4167533" lon="-86.9278914"/>
 <node id="8603044486" visible="true" version="1" changeset="102492297" timestamp="2021-04-07T15:02:01Z" user="katakp" uid="10271439" lat="40.4277287" lon="-86.9524509"/>
 <node id="8612165814" visible="true" version="5" changeset="141193210" timestamp="2023-09-13T07:03:04Z" user="Clarke22" uid="703694" lat="40.4257192" lon="-86.9093055"/>
 <node id="8630986616" visible="true" version="1" changeset="102966972" timestamp="2021-04-15T05:54:22Z" user="yerrawa" uid="10145797" lat="40.4084499" lon="-86.9482435"/>
 <node id="8642104103" visible="true" version="3" changeset="122526532" timestamp="2022-06-17T22:48:38Z" user="Clarke22" uid="703694" lat="40.4282497" lon="-86.9104931"/>
 <node id="8642104105" visible="true" version="4" changeset="140202363" timestamp="2023-08-21T22:12:46Z" user="Clarke22" uid="703694" lat="40.4278405" lon="-86.9105317"/>
 <node id="8642108118" visible="true" version="3" changeset="127437447" timestamp="2022-10-12T21:30:54Z" user="Clarke22" uid="703694" lat="40.4308922" lon="-86.9127070"/>
 <node id="8677094710" visible="true" version="3" changeset="127435653" timestamp="2022-10-12T20:53:03Z" user="Clarke22" uid="703694" lat="40.4299920" lon="-86.9115501"/>
 <node id="8677094711" visible="true" version="3" changeset="127435653" timestamp="2022-10-12T20:53:03Z" user="Clarke22" uid="703694" lat="40.4300117" lon="-86.9116136"/>
 <node id="8677094715" visible="true" version="2" changeset="119977826" timestamp="2022-04-21T02:05:59Z" user="Clarke22" uid="703694" lat="40.4301965" lon="-86.9117180"/>
 <node id="8677107218" visible="true" version="3" changeset="120025601" timestamp="2022-04-22T02:34:20Z" user="Clarke22" uid="703694" lat="40.4319534" lon="-86.9148539"/>
 <node id="8677107219" visible="true" version="3" changeset="122821926" timestamp="2022-06-25T00:15:08Z" user="Clarke22" uid="703694" lat="40.4318166" lon="-86.9147836"/>
 <node id="8677107220" visible="true" version="4" changeset="122821926" timestamp="2022-06-25T00:15:08Z" user="Clarke22" uid="703694" lat="40.4316492" lon="-86.9146204"/>
 <node id="8677107243" visible="true" version="2" changeset="119977826" timestamp="2022-04-21T02:05:59Z" user="Clarke22" uid="703694" lat="40.4321832" lon="-86.9150823"/>
 <node id="8677107244" visible="true" version="2" changeset="119977826" timestamp="2022-04-21T02:05:59Z" user="Clarke22" uid="703694" lat="40.4324045" lon="-86.9152235"/>
 <node id="8679178488" visible="true" version="2" changeset="112758258" timestamp="2021-10-20T18:45:51Z" user="riiga" uid="83501" lat="40.4057220" lon="-86.9234177"/>
 <node id="8679178489" visible="true" version="1" changeset="103835097" timestamp="2021-04-29T10:11:48Z" user="bnilima" uid="10192122" lat="40.4057817" lon="-86.9234504"/>
 <node id="8679178490" visible="true" version="1" changeset="103835097" timestamp="2021-04-29T10:11:48Z" user="bnilima" uid="10192122" lat="40.4058108" lon="-86.9234987"/>
 <node id="8679178491" visible="true" version="1" changeset="103835097" timestamp="2021-04-29T10:11:48Z" user="bnilima" uid="10192122" lat="40.4058077" lon="-86.9235572"/>
 <node id="8679178492" visible="true" version="1" changeset="103835097" timestamp="2021-04-29T10:11:48Z" user="bnilima" uid="10192122" lat="40.4057832" lon="-86.9236701"/>
 <node id="8679178493" visible="true" version="1" changeset="103835097" timestamp="2021-04-29T10:11:48Z" user="bnilima" uid="10192122" lat="40.4057295" lon="-86.9238676"/>
 <node id="8679178494" visible="true" version="1" changeset="103835097" timestamp="2021-04-29T10:11:48Z" user="bnilima" uid="10192122" lat="40.4057141" lon="-86.9239643"/>
 <node id="8679178495" visible="true" version="1" changeset="103835097" timestamp="2021-04-29T10:11:48Z" user="bnilima" uid="10192122" lat="40.4057111" lon="-86.9240611"/>
 <node id="8679178496" visible="true" version="1" changeset="103835097" timestamp="2021-04-29T10:11:48Z" user="bnilima" uid="10192122" lat="40.4057249" lon="-86.9241578"/>
 <node id="8679178497" visible="true" version="1" changeset="103835097" timestamp="2021-04-29T10:11:48Z" user="bnilima" uid="10192122" lat="40.4057556" lon="-86.9242465"/>
 <node id="8679178498" visible="true" version="1" changeset="103835097" timestamp="2021-04-29T10:11:48Z" user="bnilima" uid="10192122" lat="40.4058507" lon="-86.9243957"/>
 <node id="8679178499" visible="true" version="1" changeset="103835097" timestamp="2021-04-29T10:11:48Z" user="bnilima" uid="10192122" lat="40.4060288" lon="-86.9245327"/>
 <node id="8679178500" visible="true" version="1" changeset="103835097" timestamp="2021-04-29T10:11:48Z" user="bnilima" uid="10192122" lat="40.4060671" lon="-86.9245872"/>
 <node id="8679178501" visible="true" version="1" changeset="103835097" timestamp="2021-04-29T10:11:48Z" user="bnilima" uid="10192122" lat="40.4060779" lon="-86.9246617"/>
 <node id="8679178502" visible="true" version="1" changeset="103835097" timestamp="2021-04-29T10:11:48Z" user="bnilima" uid="10192122" lat="40.4060595" lon="-86.9247323"/>
 <node id="8679178503" visible="true" version="1" changeset="103835097" timestamp="2021-04-29T10:11:48Z" user="bnilima" uid="10192122" lat="40.4060103" lon="-86.9247585"/>
 <node id="8679178504" visible="true" version="1" changeset="103835097" timestamp="2021-04-29T10:11:48Z" user="bnilima" uid="10192122" lat="40.4059505" lon="-86.9247444"/>
 <node id="8679178505" visible="true" version="1" changeset="103835097" timestamp="2021-04-29T10:11:48Z" user="bnilima" uid="10192122" lat="40.4059090" lon="-86.9246920"/>
 <node id="8679178506" visible="true" version="1" changeset="103835097" timestamp="2021-04-29T10:11:48Z" user="bnilima" uid="10192122" lat="40.4058891" lon="-86.9245972"/>
 <node id="8679178507" visible="true" version="1" changeset="103835097" timestamp="2021-04-29T10:11:48Z" user="bnilima" uid="10192122" lat="40.4058830" lon="-86.9245005"/>
 <node id="8720326356" visible="true" version="1" changeset="104481329" timestamp="2021-05-11T03:42:45Z" user="AwwJeez" uid="9625789" lat="40.4202508" lon="-86.9197169"/>
 <node id="8751705396" visible="true" version="1" changeset="105060611" timestamp="2021-05-21T04:39:57Z" user="pravdama" uid="11676209" lat="40.4198891" lon="-86.9303894"/>
 <node id="8751705397" visible="true" version="3" changeset="138961947" timestamp="2023-07-24T23:20:54Z" user="Clarke22" uid="703694" lat="40.4198933" lon="-86.9291145">
  <tag k="crossing" v="unmarked"/>
  <tag k="crossing:markings" v="no"/>
  <tag k="highway" v="crossing"/>
 </node>
 <node id="8751705398" visible="true" version="3" changeset="138961947" timestamp="2023-07-24T23:20:54Z" user="Clarke22" uid="703694" lat="40.4199056" lon="-86.9283816">
  <tag k="crossing" v="unmarked"/>
  <tag k="crossing:markings" v="no"/>
  <tag k="highway" v="crossing"/>
 </node>
 <node id="8751705408" visible="true" version="3" changeset="117658475" timestamp="2022-02-21T00:01:00Z" user="AwwJeez" uid="9625789" lat="40.4192882" lon="-86.9277002">
  <tag k="crossing" v="marked"/>
  <tag k="highway" v="crossing"/>
 </node>
 <node id="8751708530" visible="true" version="3" changeset="138961947" timestamp="2023-07-24T23:20:54Z" user="Clarke22" uid="703694" lat="40.4200352" lon="-86.9279336">
  <tag k="crossing" v="marked"/>
  <tag k="crossing:markings" v="yes"/>
  <tag k="highway" v="crossing"/>
 </node>
 <node id="8751928976" visible="true" version="2" changeset="117914136" timestamp="2022-02-27T16:12:14Z" user="AwwJeez" uid="9625789" lat="40.4190224" lon="-86.9265417"/>
 <node id="8751928986" visible="true" version="2" changeset="117914136" timestamp="2022-02-27T16:12:14Z" user="AwwJeez" uid="9625789" lat="40.4194696" lon="-86.9247155"/>
 <node id="8751928989" visible="true" version="1" changeset="105065886" timestamp="2021-05-21T06:12:37Z" user="pravdama" uid="11676209" lat="40.4190224" lon="-86.9260043"/>
 <node id="8751928994" visible="true" version="2" changeset="117914136" timestamp="2022-02-27T16:12:14Z" user="AwwJeez" uid="9625789" lat="40.4199845" lon="-86.9247064"/>
 <node id="8751929005" visible="true" version="2" changeset="117658475" timestamp="2022-02-21T00:01:00Z" user="AwwJeez" uid="9625789" lat="40.4189603" lon="-86.9270284"/>
 <node id="8751929011" visible="true" version="2" changeset="117914136" timestamp="2022-02-27T16:12:14Z" user="AwwJeez" uid="9625789" lat="40.4189617" lon="-86.9262592"/>
 <node id="8751929014" visible="true" version="1" changeset="105065886" timestamp="2021-05-21T06:12:37Z" user="pravdama" uid="11676209" lat="40.4189626" lon="-86.9259844"/>
 <node id="8751953917" visible="true" version="1" changeset="105065886" timestamp="2021-05-21T06:12:37Z" user="pravdama" uid="11676209" lat="40.4189626" lon="-86.9254867"/>
 <node id="8751953920" visible="true" version="2" changeset="117914136" timestamp="2022-02-27T16:12:14Z" user="AwwJeez" uid="9625789" lat="40.4191638" lon="-86.9248285">
  <tag k="crossing" v="marked"/>
  <tag k="highway" v="crossing"/>
 </node>
 <node id="8751953950" visible="true" version="1" changeset="105065886" timestamp="2021-05-21T06:12:37Z" user="pravdama" uid="11676209" lat="40.4192890" lon="-86.9276304"/>
 <node id="9181296090" visible="true" version="1" changeset="112671985" timestamp="2021-10-18T22:03:22Z" user="riiga" uid="83501" lat="40.4172825" lon="-86.9243253">
  <tag k="highway" v="traffic_signals"/>
 </node>
 <node id="9181296092" visible="true" version="1" changeset="112671985" timestamp="2021-10-18T22:03:22Z" user="riiga" uid="83501" lat="40.4171305" lon="-86.9239597"/>
 <node id="9181296093" visible="true" version="2" changeset="138961947" timestamp="2023-07-24T23:20:54Z" user="Clarke22" uid="703694" lat="40.4179101" lon="-86.9306904">
  <tag k="highway" v="traffic_signals"/>
  <tag k="traffic_signals:direction" v="forward"/>
 </node>
 <node id="9181296094" visible="true" version="2" changeset="138961947" timestamp="2023-07-24T23:20:54Z" user="Clarke22" uid="703694" lat="40.4180236" lon="-86.9302622">
  <tag k="highway" v="traffic_signals"/>
  <tag k="traffic_signals:direction" v="forward"/>
 </node>
 <node id="9181296095" visible="true" version="1" changeset="112671985" timestamp="2021-10-18T22:03:22Z" user="riiga" uid="83501" lat="40.4181638" lon="-86.9304946">
  <tag k="highway" v="traffic_signals"/>
  <tag k="traffic_signals:direction" v="forward"/>
 </node>
 <node id="9181296096" visible="true" version="1" changeset="112671985" timestamp="2021-10-18T22:03:22Z" user="riiga" uid="83501" lat="40.4177652" lon="-86.9304873">
  <tag k="highway" v="traffic_signals"/>
  <tag k="traffic_signals:direction" v="backward"/>
 </node>
 <node id="9181296097" visible="true" version="1" changeset="112671985" timestamp="2021-10-18T22:03:22Z" user="riiga" uid="83501" lat="40.4178968" lon="-86.9329177"/>
 <node id="9181296098" visible="true" version="1" changeset="112671985" timestamp="2021-10-18T22:03:22Z" user="riiga" uid="83501" lat="40.4178983" lon="-86.9326687"/>
 <node id="9181296099" visible="true" version="1" changeset="112671985" timestamp="2021-10-18T22:03:22Z" user="riiga" uid="83501" lat="40.4180273" lon="-86.9284465"/>
 <node id="9181296100" visible="true" version="1" changeset="112671985" timestamp="2021-10-18T22:03:22Z" user="riiga" uid="83501" lat="40.4180172" lon="-86.9281399"/>
 <node id="9181296101" visible="true" version="1" changeset="112671985" timestamp="2021-10-18T22:03:22Z" user="riiga" uid="83501" lat="40.4179540" lon="-86.9274092"/>
 <node id="9181296102" visible="true" version="1" changeset="112671985" timestamp="2021-10-18T22:03:22Z" user="riiga" uid="83501" lat="40.4179143" lon="-86.9270915"/>
 <node id="9181296103" visible="true" version="1" changeset="112671985" timestamp="2021-10-18T22:03:22Z" user="riiga" uid="83501" lat="40.4177846" lon="-86.9263841"/>
 <node id="9181296104" visible="true" version="1" changeset="112671985" timestamp="2021-10-18T22:03:22Z" user="riiga" uid="83501" lat="40.4176244" lon="-86.9257243"/>
 <node id="9181296105" visible="true" version="1" changeset="112671985" timestamp="2021-10-18T22:03:22Z" user="riiga" uid="83501" lat="40.4174786" lon="-86.9252505"/>
 <node id="9181296106" visible="true" version="1" changeset="112671985" timestamp="2021-10-18T22:03:22Z" user="riiga" uid="83501" lat="40.4172342" lon="-86.9246012"/>
 <node id="9181296107" visible="true" version="1" changeset="112671985" timestamp="2021-10-18T22:03:22Z" user="riiga" uid="83501" lat="40.4170766" lon="-86.9242442">
  <tag k="highway" v="traffic_signals"/>
 </node>
 <node id="9181296108" visible="true" version="1" changeset="112671985" timestamp="2021-10-18T22:03:22Z" user="riiga" uid="83501" lat="40.4168684" lon="-86.9238247"/>
 <node id="9181296109" visible="true" version="1" changeset="112671985" timestamp="2021-10-18T22:03:22Z" user="riiga" uid="83501" lat="40.4160045" lon="-86.9224929"/>
 <node id="9181296110" visible="true" version="1" changeset="112671985" timestamp="2021-10-18T22:03:22Z" user="riiga" uid="83501" lat="40.4164773" lon="-86.9233785"/>
 <node id="9181296111" visible="true" version="1" changeset="112671985" timestamp="2021-10-18T22:03:22Z" user="riiga" uid="83501" lat="40.4167757" lon="-86.9238977"/>
 <node id="9181296112" visible="true" version="1" changeset="112671985" timestamp="2021-10-18T22:03:22Z" user="riiga" uid="83501" lat="40.4169148" lon="-86.9241778"/>
 <node id="9181296113" visible="true" version="1" changeset="112671985" timestamp="2021-10-18T22:03:22Z" user="riiga" uid="83501" lat="40.4171356" lon="-86.9246671">
  <tag k="highway" v="traffic_signals"/>
 </node>
 <node id="9181296114" visible="true" version="1" changeset="112671985" timestamp="2021-10-18T22:03:22Z" user="riiga" uid="83501" lat="40.4173825" lon="-86.9253258"/>
 <node id="9181296115" visible="true" version="1" changeset="112671985" timestamp="2021-10-18T22:03:22Z" user="riiga" uid="83501" lat="40.4176101" lon="-86.9261151"/>
 <node id="9181296116" visible="true" version="1" changeset="112671985" timestamp="2021-10-18T22:03:22Z" user="riiga" uid="83501" lat="40.4176851" lon="-86.9264461"/>
 <node id="9181364217" visible="true" version="1" changeset="112671985" timestamp="2021-10-18T22:03:22Z" user="riiga" uid="83501" lat="40.4178056" lon="-86.9271302"/>
 <node id="9181364218" visible="true" version="1" changeset="112671985" timestamp="2021-10-18T22:03:22Z" user="riiga" uid="83501" lat="40.4178461" lon="-86.9274314"/>
 <node id="9181364219" visible="true" version="1" changeset="112671985" timestamp="2021-10-18T22:03:22Z" user="riiga" uid="83501" lat="40.4179025" lon="-86.9281443"/>
 <node id="9181364220" visible="true" version="1" changeset="112671985" timestamp="2021-10-18T22:03:22Z" user="riiga" uid="83501" lat="40.4179152" lon="-86.9285063"/>
 <node id="9181364222" visible="true" version="2" changeset="138961947" timestamp="2023-07-24T23:20:54Z" user="Clarke22" uid="703694" lat="40.4177078" lon="-86.9303714"/>
 <node id="9181364223" visible="true" version="2" changeset="138961947" timestamp="2023-07-24T23:20:54Z" user="Clarke22" uid="703694" lat="40.4172827" lon="-86.9284546"/>
 <node id="9181364224" visible="true" version="1" changeset="112671985" timestamp="2021-10-18T22:03:22Z" user="riiga" uid="83501" lat="40.4204090" lon="-86.9385514"/>
 <node id="9181364225" visible="true" version="1" changeset="112671985" timestamp="2021-10-18T22:03:22Z" user="riiga" uid="83501" lat="40.4199143" lon="-86.9382104"/>
 <node id="9181364226" visible="true" version="1" changeset="112671985" timestamp="2021-10-18T22:03:22Z" user="riiga" uid="83501" lat="40.4191600" lon="-86.9374178"/>
 <node id="9181364227" visible="true" version="1" changeset="112671985" timestamp="2021-10-18T22:03:22Z" user="riiga" uid="83501" lat="40.4187529" lon="-86.9367802"/>
 <node id="9181364228" visible="true" version="1" changeset="112671985" timestamp="2021-10-18T22:03:22Z" user="riiga" uid="83501" lat="40.4184369" lon="-86.9360883"/>
 <node id="9181364229" visible="true" version="1" changeset="112671985" timestamp="2021-10-18T22:03:22Z" user="riiga" uid="83501" lat="40.4181824" lon="-86.9352591"/>
 <node id="9181364230" visible="true" version="1" changeset="112671985" timestamp="2021-10-18T22:03:22Z" user="riiga" uid="83501" lat="40.4180517" lon="-86.9345130"/>
 <node id="9181364231" visible="true" version="1" changeset="112671985" timestamp="2021-10-18T22:03:22Z" user="riiga" uid="83501" lat="40.4180239" lon="-86.9341842"/>
 <node id="9181364232" visible="true" version="1" changeset="112671985" timestamp="2021-10-18T22:03:22Z" user="riiga" uid="83501" lat="40.4180062" lon="-86.9335466"/>
 <node id="9181364233" visible="true" version="1" changeset="112671985" timestamp="2021-10-18T22:03:22Z" user="riiga" uid="83501" lat="40.4178941" lon="-86.9335410"/>
 <node id="9181364234" visible="true" version="1" changeset="112671985" timestamp="2021-10-18T22:03:22Z" user="riiga" uid="83501" lat="40.4178975" lon="-86.9338543"/>
 <node id="9181364235" visible="true" version="1" changeset="112671985" timestamp="2021-10-18T22:03:22Z" user="riiga" uid="83501" lat="40.4179110" lon="-86.9341953"/>
 <node id="9181364236" visible="true" version="1" changeset="112671985" timestamp="2021-10-18T22:03:22Z" user="riiga" uid="83501" lat="40.4179388" lon="-86.9345285"/>
 <node id="9181364237" visible="true" version="1" changeset="112671985" timestamp="2021-10-18T22:03:22Z" user="riiga" uid="83501" lat="40.4180745" lon="-86.9352934"/>
 <node id="9181364238" visible="true" version="1" changeset="112671985" timestamp="2021-10-18T22:03:22Z" user="riiga" uid="83501" lat="40.4183332" lon="-86.9361470"/>
 <node id="9181364239" visible="true" version="1" changeset="112671985" timestamp="2021-10-18T22:03:22Z" user="riiga" uid="83501" lat="40.4186720" lon="-86.9368787"/>
 <node id="9181364240" visible="true" version="1" changeset="112671985" timestamp="2021-10-18T22:03:22Z" user="riiga" uid="83501" lat="40.4191044" lon="-86.9375473"/>
 <node id="9181364241" visible="true" version="1" changeset="112671985" timestamp="2021-10-18T22:03:22Z" user="riiga" uid="83501" lat="40.4198680" lon="-86.9383378"/>
 <node id="9181364242" visible="true" version="1" changeset="112671985" timestamp="2021-10-18T22:03:22Z" user="riiga" uid="83501" lat="40.4203677" lon="-86.9386865"/>
 <node id="9181364243" visible="true" version="1" changeset="112671985" timestamp="2021-10-18T22:03:22Z" user="riiga" uid="83501" lat="40.4180812" lon="-86.9374599"/>
 <node id="9181364244" visible="true" version="1" changeset="112671985" timestamp="2021-10-18T22:03:22Z" user="riiga" uid="83501" lat="40.4176758" lon="-86.9364126"/>
 <node id="9181364245" visible="true" version="1" changeset="112671985" timestamp="2021-10-18T22:03:22Z" user="riiga" uid="83501" lat="40.4174095" lon="-86.9355016"/>
 <node id="9181364246" visible="true" version="1" changeset="112671985" timestamp="2021-10-18T22:03:22Z" user="riiga" uid="83501" lat="40.4171878" lon="-86.9343901"/>
 <node id="9181364247" visible="true" version="1" changeset="112671985" timestamp="2021-10-18T22:03:22Z" user="riiga" uid="83501" lat="40.4171128" lon="-86.9338443"/>
 <node id="9181364248" visible="true" version="1" changeset="112671985" timestamp="2021-10-18T22:03:22Z" user="riiga" uid="83501" lat="40.4170353" lon="-86.9328812"/>
 <node id="9181364256" visible="true" version="1" changeset="112671985" timestamp="2021-10-18T22:03:22Z" user="riiga" uid="83501" lat="40.4211869" lon="-86.9390330"/>
 <node id="9181364257" visible="true" version="1" changeset="112671985" timestamp="2021-10-18T22:03:22Z" user="riiga" uid="83501" lat="40.4213496" lon="-86.9390750"/>
 <node id="9181364258" visible="true" version="1" changeset="112671985" timestamp="2021-10-18T22:03:22Z" user="riiga" uid="83501" lat="40.4215080" lon="-86.9391027"/>
 <node id="9181364259" visible="true" version="1" changeset="112671985" timestamp="2021-10-18T22:03:22Z" user="riiga" uid="83501" lat="40.4218839" lon="-86.9391470"/>
 <node id="9181364265" visible="true" version="1" changeset="112671985" timestamp="2021-10-18T22:03:22Z" user="riiga" uid="83501" lat="40.4211979" lon="-86.9388868"/>
 <node id="9181364281" visible="true" version="2" changeset="125128704" timestamp="2022-08-19T22:32:24Z" user="Clarke22" uid="703694" lat="40.4240644" lon="-86.9360092"/>
 <node id="9181364282" visible="true" version="2" changeset="125128704" timestamp="2022-08-19T22:32:24Z" user="Clarke22" uid="703694" lat="40.4240815" lon="-86.9385921"/>
 <node id="9181364283" visible="true" version="3" changeset="136546951" timestamp="2023-05-25T14:29:36Z" user="Andros66" uid="8929524" lat="40.4241283" lon="-86.9404966"/>
 <node id="9181364284" visible="true" version="3" changeset="136546951" timestamp="2023-05-25T14:29:36Z" user="Andros66" uid="8929524" lat="40.4241375" lon="-86.9402262"/>
 <node id="9181364294" visible="true" version="1" changeset="112671985" timestamp="2021-10-18T22:03:22Z" user="riiga" uid="83501" lat="40.4158430" lon="-86.9284059"/>
 <node id="9181364295" visible="true" version="1" changeset="112671985" timestamp="2021-10-18T22:03:22Z" user="riiga" uid="83501" lat="40.4158261" lon="-86.9283828"/>
 <node id="9181364296" visible="true" version="1" changeset="112671985" timestamp="2021-10-18T22:03:22Z" user="riiga" uid="83501" lat="40.4160498" lon="-86.9279289"/>
 <node id="9181364297" visible="true" version="1" changeset="112671985" timestamp="2021-10-18T22:03:22Z" user="riiga" uid="83501" lat="40.4161914" lon="-86.9277485"/>
 <node id="9181364298" visible="true" version="1" changeset="112671985" timestamp="2021-10-18T22:03:22Z" user="riiga" uid="83501" lat="40.4162622" lon="-86.9276911"/>
 <node id="9181364299" visible="true" version="1" changeset="112671985" timestamp="2021-10-18T22:03:22Z" user="riiga" uid="83501" lat="40.4163246" lon="-86.9276706"/>
 <node id="9181364300" visible="true" version="1" changeset="112671985" timestamp="2021-10-18T22:03:22Z" user="riiga" uid="83501" lat="40.4164724" lon="-86.9275872"/>
 <node id="9181364301" visible="true" version="1" changeset="112671985" timestamp="2021-10-18T22:03:22Z" user="riiga" uid="83501" lat="40.4166025" lon="-86.9274983"/>
 <node id="9181364302" visible="true" version="1" changeset="112671985" timestamp="2021-10-18T22:03:22Z" user="riiga" uid="83501" lat="40.4166368" lon="-86.9273958"/>
 <node id="9181364303" visible="true" version="1" changeset="112671985" timestamp="2021-10-18T22:03:22Z" user="riiga" uid="83501" lat="40.4166368" lon="-86.9267547"/>
 <node id="9181364304" visible="true" version="1" changeset="112671985" timestamp="2021-10-18T22:03:22Z" user="riiga" uid="83501" lat="40.4166150" lon="-86.9265510"/>
 <node id="9181364305" visible="true" version="1" changeset="112671985" timestamp="2021-10-18T22:03:22Z" user="riiga" uid="83501" lat="40.4165733" lon="-86.9264717"/>
 <node id="9181364306" visible="true" version="1" changeset="112671985" timestamp="2021-10-18T22:03:22Z" user="riiga" uid="83501" lat="40.4165140" lon="-86.9264417"/>
 <node id="9181364307" visible="true" version="1" changeset="112671985" timestamp="2021-10-18T22:03:22Z" user="riiga" uid="83501" lat="40.4134031" lon="-86.9264075"/>
 <node id="9181364308" visible="true" version="1" changeset="112671985" timestamp="2021-10-18T22:03:22Z" user="riiga" uid="83501" lat="40.4131638" lon="-86.9263651"/>
 <node id="9181364309" visible="true" version="1" changeset="112671985" timestamp="2021-10-18T22:03:22Z" user="riiga" uid="83501" lat="40.4128120" lon="-86.9263419"/>
 <node id="9181364310" visible="true" version="1" changeset="112671985" timestamp="2021-10-18T22:03:22Z" user="riiga" uid="83501" lat="40.4124092" lon="-86.9263583"/>
 <node id="9181364311" visible="true" version="1" changeset="112671985" timestamp="2021-10-18T22:03:22Z" user="riiga" uid="83501" lat="40.4122687" lon="-86.9263637"/>
 <node id="9181364312" visible="true" version="1" changeset="112671985" timestamp="2021-10-18T22:03:22Z" user="riiga" uid="83501" lat="40.4121792" lon="-86.9263473"/>
 <node id="9181364313" visible="true" version="1" changeset="112671985" timestamp="2021-10-18T22:03:22Z" user="riiga" uid="83501" lat="40.4121386" lon="-86.9263309"/>
 <node id="9181364314" visible="true" version="1" changeset="112671985" timestamp="2021-10-18T22:03:22Z" user="riiga" uid="83501" lat="40.4120761" lon="-86.9262680"/>
 <node id="9181364315" visible="true" version="1" changeset="112671985" timestamp="2021-10-18T22:03:22Z" user="riiga" uid="83501" lat="40.4120605" lon="-86.9262448"/>
 <node id="9181364316" visible="true" version="1" changeset="112671985" timestamp="2021-10-18T22:03:22Z" user="riiga" uid="83501" lat="40.4120251" lon="-86.9261614"/>
 <node id="9181364317" visible="true" version="1" changeset="112671985" timestamp="2021-10-18T22:03:22Z" user="riiga" uid="83501" lat="40.4117969" lon="-86.9232400"/>
 <node id="9181364318" visible="true" version="1" changeset="112671985" timestamp="2021-10-18T22:03:22Z" user="riiga" uid="83501" lat="40.4117784" lon="-86.9233277"/>
 <node id="9181364319" visible="true" version="1" changeset="112671985" timestamp="2021-10-18T22:03:22Z" user="riiga" uid="83501" lat="40.4117587" lon="-86.9233673"/>
 <node id="9181364320" visible="true" version="1" changeset="112671985" timestamp="2021-10-18T22:03:22Z" user="riiga" uid="83501" lat="40.4117220" lon="-86.9234010">
  <tag k="barrier" v="gate"/>
 </node>
 <node id="9181364321" visible="true" version="1" changeset="112671985" timestamp="2021-10-18T22:03:22Z" user="riiga" uid="83501" lat="40.4117535" lon="-86.9239332"/>
 <node id="9181364322" visible="true" version="1" changeset="112671985" timestamp="2021-10-18T22:03:22Z" user="riiga" uid="83501" lat="40.4117056" lon="-86.9236052"/>
 <node id="9181364323" visible="true" version="1" changeset="112671985" timestamp="2021-10-18T22:03:22Z" user="riiga" uid="83501" lat="40.4116796" lon="-86.9235013"/>
 <node id="9181364324" visible="true" version="1" changeset="112671985" timestamp="2021-10-18T22:03:22Z" user="riiga" uid="83501" lat="40.4116494" lon="-86.9234452"/>
 <node id="9181364325" visible="true" version="1" changeset="112671985" timestamp="2021-10-18T22:03:22Z" user="riiga" uid="83501" lat="40.4116223" lon="-86.9234247"/>
 <node id="9181364326" visible="true" version="1" changeset="112671985" timestamp="2021-10-18T22:03:22Z" user="riiga" uid="83501" lat="40.4115723" lon="-86.9234097"/>
 <node id="9181364327" visible="true" version="1" changeset="112671985" timestamp="2021-10-18T22:03:22Z" user="riiga" uid="83501" lat="40.4106783" lon="-86.9235942"/>
 <node id="9181364328" visible="true" version="1" changeset="112671985" timestamp="2021-10-18T22:03:22Z" user="riiga" uid="83501" lat="40.4096510" lon="-86.9237965"/>
 <node id="9181364329" visible="true" version="1" changeset="112671985" timestamp="2021-10-18T22:03:22Z" user="riiga" uid="83501" lat="40.4095864" lon="-86.9238376"/>
 <node id="9181364330" visible="true" version="1" changeset="112671985" timestamp="2021-10-18T22:03:22Z" user="riiga" uid="83501" lat="40.4095500" lon="-86.9238881"/>
 <node id="9181364331" visible="true" version="1" changeset="112671985" timestamp="2021-10-18T22:03:22Z" user="riiga" uid="83501" lat="40.4095333" lon="-86.9239565"/>
 <node id="9181364332" visible="true" version="1" changeset="112671985" timestamp="2021-10-18T22:03:22Z" user="riiga" uid="83501" lat="40.4095333" lon="-86.9240194"/>
 <node id="9181364333" visible="true" version="1" changeset="112671985" timestamp="2021-10-18T22:03:22Z" user="riiga" uid="83501" lat="40.4096395" lon="-86.9245156"/>
 <node id="9181364334" visible="true" version="1" changeset="112671985" timestamp="2021-10-18T22:03:22Z" user="riiga" uid="83501" lat="40.4096520" lon="-86.9270062"/>
 <node id="9181364335" visible="true" version="1" changeset="112671985" timestamp="2021-10-18T22:03:22Z" user="riiga" uid="83501" lat="40.4097228" lon="-86.9281982"/>
 <node id="9181364336" visible="true" version="1" changeset="112671985" timestamp="2021-10-18T22:03:22Z" user="riiga" uid="83501" lat="40.4096915" lon="-86.9335636"/>
 <node id="9181364337" visible="true" version="1" changeset="112671985" timestamp="2021-10-18T22:03:22Z" user="riiga" uid="83501" lat="40.4096791" lon="-86.9335923"/>
 <node id="9181364338" visible="true" version="1" changeset="112671985" timestamp="2021-10-18T22:03:22Z" user="riiga" uid="83501" lat="40.4096499" lon="-86.9336087"/>
 <node id="9181364339" visible="true" version="1" changeset="112671985" timestamp="2021-10-18T22:03:22Z" user="riiga" uid="83501" lat="40.4085549" lon="-86.9335691"/>
 <node id="9181364340" visible="true" version="1" changeset="112671985" timestamp="2021-10-18T22:03:22Z" user="riiga" uid="83501" lat="40.4084779" lon="-86.9335882"/>
 <node id="9181364341" visible="true" version="1" changeset="112671985" timestamp="2021-10-18T22:03:22Z" user="riiga" uid="83501" lat="40.4084321" lon="-86.9336087"/>
 <node id="9181364342" visible="true" version="1" changeset="112671985" timestamp="2021-10-18T22:03:22Z" user="riiga" uid="83501" lat="40.4084071" lon="-86.9336402"/>
 <node id="9181364343" visible="true" version="1" changeset="112671985" timestamp="2021-10-18T22:03:22Z" user="riiga" uid="83501" lat="40.4083946" lon="-86.9336812"/>
 <node id="9181364344" visible="true" version="1" changeset="112671985" timestamp="2021-10-18T22:03:22Z" user="riiga" uid="83501" lat="40.4084123" lon="-86.9376851"/>
 <node id="9181364345" visible="true" version="1" changeset="112671985" timestamp="2021-10-18T22:03:22Z" user="riiga" uid="83501" lat="40.4084040" lon="-86.9377370"/>
 <node id="9181364346" visible="true" version="1" changeset="112671985" timestamp="2021-10-18T22:03:22Z" user="riiga" uid="83501" lat="40.4083946" lon="-86.9377657"/>
 <node id="9181364347" visible="true" version="1" changeset="112671985" timestamp="2021-10-18T22:03:22Z" user="riiga" uid="83501" lat="40.4074943" lon="-86.9388087"/>
 <node id="9181364348" visible="true" version="1" changeset="112671985" timestamp="2021-10-18T22:03:22Z" user="riiga" uid="83501" lat="40.4074807" lon="-86.9387910"/>
 <node id="9181364349" visible="true" version="1" changeset="112671985" timestamp="2021-10-18T22:03:22Z" user="riiga" uid="83501" lat="40.4068957" lon="-86.9396248"/>
 <node id="9181364350" visible="true" version="1" changeset="112671985" timestamp="2021-10-18T22:03:22Z" user="riiga" uid="83501" lat="40.4068770" lon="-86.9396836"/>
 <node id="9181364351" visible="true" version="1" changeset="112671985" timestamp="2021-10-18T22:03:22Z" user="riiga" uid="83501" lat="40.4068687" lon="-86.9397437"/>
 <node id="9181364352" visible="true" version="1" changeset="112671985" timestamp="2021-10-18T22:03:22Z" user="riiga" uid="83501" lat="40.4068843" lon="-86.9398066"/>
 <node id="9181364353" visible="true" version="1" changeset="112671985" timestamp="2021-10-18T22:03:22Z" user="riiga" uid="83501" lat="40.4069988" lon="-86.9400253"/>
 <node id="9181364354" visible="true" version="1" changeset="112671985" timestamp="2021-10-18T22:03:22Z" user="riiga" uid="83501" lat="40.4082062" lon="-86.9413322"/>
 <node id="9181364355" visible="true" version="1" changeset="112671985" timestamp="2021-10-18T22:03:22Z" user="riiga" uid="83501" lat="40.4082572" lon="-86.9413705"/>
 <node id="9181364356" visible="true" version="1" changeset="112671985" timestamp="2021-10-18T22:03:22Z" user="riiga" uid="83501" lat="40.4083176" lon="-86.9413923"/>
 <node id="9181364357" visible="true" version="1" changeset="112671985" timestamp="2021-10-18T22:03:22Z" user="riiga" uid="83501" lat="40.4083540" lon="-86.9413910"/>
 <node id="9181364358" visible="true" version="1" changeset="112671985" timestamp="2021-10-18T22:03:22Z" user="riiga" uid="83501" lat="40.4084217" lon="-86.9413691"/>
 <node id="9181364359" visible="true" version="1" changeset="112671985" timestamp="2021-10-18T22:03:22Z" user="riiga" uid="83501" lat="40.4084571" lon="-86.9413253"/>
 <node id="9181364360" visible="true" version="1" changeset="112671985" timestamp="2021-10-18T22:03:22Z" user="riiga" uid="83501" lat="40.4102890" lon="-86.9385080"/>
 <node id="9181364361" visible="true" version="1" changeset="112671985" timestamp="2021-10-18T22:03:22Z" user="riiga" uid="83501" lat="40.4103265" lon="-86.9384848"/>
 <node id="9181364362" visible="true" version="1" changeset="112671985" timestamp="2021-10-18T22:03:22Z" user="riiga" uid="83501" lat="40.4103504" lon="-86.9384820"/>
 <node id="9181364363" visible="true" version="1" changeset="112671985" timestamp="2021-10-18T22:03:22Z" user="riiga" uid="83501" lat="40.4103785" lon="-86.9384984"/>
 <node id="9181364364" visible="true" version="1" changeset="112671985" timestamp="2021-10-18T22:03:22Z" user="riiga" uid="83501" lat="40.4103900" lon="-86.9385422"/>
 <node id="9181364365" visible="true" version="1" changeset="112671985" timestamp="2021-10-18T22:03:22Z" user="riiga" uid="83501" lat="40.4103993" lon="-86.9386242"/>
 <node id="9181364366" visible="true" version="1" changeset="112671985" timestamp="2021-10-18T22:03:22Z" user="riiga" uid="83501" lat="40.4103983" lon="-86.9387390"/>
 <node id="9181364367" visible="true" version="1" changeset="112671985" timestamp="2021-10-18T22:03:22Z" user="riiga" uid="83501" lat="40.4104118" lon="-86.9389318"/>
 <node id="9181364368" visible="true" version="1" changeset="112671985" timestamp="2021-10-18T22:03:22Z" user="riiga" uid="83501" lat="40.4108396" lon="-86.9426240"/>
 <node id="9181364369" visible="true" version="1" changeset="112671985" timestamp="2021-10-18T22:03:22Z" user="riiga" uid="83501" lat="40.4108802" lon="-86.9428687"/>
 <node id="9181364370" visible="true" version="1" changeset="112671985" timestamp="2021-10-18T22:03:22Z" user="riiga" uid="83501" lat="40.4109114" lon="-86.9429507"/>
 <node id="9181364371" visible="true" version="1" changeset="112671985" timestamp="2021-10-18T22:03:22Z" user="riiga" uid="83501" lat="40.4109593" lon="-86.9430095"/>
 <node id="9181364372" visible="true" version="1" changeset="112671985" timestamp="2021-10-18T22:03:22Z" user="riiga" uid="83501" lat="40.4124071" lon="-86.9474235">
  <tag k="highway" v="turning_circle"/>
 </node>
 <node id="9181364373" visible="true" version="1" changeset="112671985" timestamp="2021-10-18T22:03:22Z" user="riiga" uid="83501" lat="40.4134021" lon="-86.9263637"/>
 <node id="9181364374" visible="true" version="1" changeset="112671985" timestamp="2021-10-18T22:03:22Z" user="riiga" uid="83501" lat="40.4133979" lon="-86.9262899"/>
 <node id="9181364375" visible="true" version="1" changeset="112671985" timestamp="2021-10-18T22:03:22Z" user="riiga" uid="83501" lat="40.4124123" lon="-86.9262817"/>
 <node id="9181364376" visible="true" version="1" changeset="112671985" timestamp="2021-10-18T22:03:22Z" user="riiga" uid="83501" lat="40.4124050" lon="-86.9261368"/>
 <node id="9181364377" visible="true" version="1" changeset="112671985" timestamp="2021-10-18T22:03:22Z" user="riiga" uid="83501" lat="40.4096178" lon="-86.9262220"/>
 <node id="9181364378" visible="true" version="1" changeset="112671985" timestamp="2021-10-18T22:03:22Z" user="riiga" uid="83501" lat="40.4069786" lon="-86.9400394"/>
 <node id="9181364379" visible="true" version="1" changeset="112671985" timestamp="2021-10-18T22:03:22Z" user="riiga" uid="83501" lat="40.4068565" lon="-86.9398121"/>
 <node id="9181364380" visible="true" version="1" changeset="112671985" timestamp="2021-10-18T22:03:22Z" user="riiga" uid="83501" lat="40.4114252" lon="-86.9471620"/>
 <node id="9181364381" visible="true" version="1" changeset="112671985" timestamp="2021-10-18T22:03:22Z" user="riiga" uid="83501" lat="40.4111802" lon="-86.9431300"/>
 <node id="9181364382" visible="true" version="1" changeset="112671985" timestamp="2021-10-18T22:03:22Z" user="riiga" uid="83501" lat="40.4112123" lon="-86.9431695"/>
 <node id="9181364383" visible="true" version="1" changeset="112671985" timestamp="2021-10-18T22:03:22Z" user="riiga" uid="83501" lat="40.4112287" lon="-86.9432352"/>
 <node id="9181364384" visible="true" version="1" changeset="112671985" timestamp="2021-10-18T22:03:22Z" user="riiga" uid="83501" lat="40.4112404" lon="-86.9433385"/>
 <node id="9181364385" visible="true" version="1" changeset="112671985" timestamp="2021-10-18T22:03:22Z" user="riiga" uid="83501" lat="40.4113558" lon="-86.9443108"/>
 <node id="9181364386" visible="true" version="1" changeset="112671985" timestamp="2021-10-18T22:03:22Z" user="riiga" uid="83501" lat="40.4115136" lon="-86.9454440"/>
 <node id="9181364387" visible="true" version="1" changeset="112671985" timestamp="2021-10-18T22:03:22Z" user="riiga" uid="83501" lat="40.4115212" lon="-86.9455245"/>
 <node id="9181364388" visible="true" version="1" changeset="112671985" timestamp="2021-10-18T22:03:22Z" user="riiga" uid="83501" lat="40.4115141" lon="-86.9456197"/>
 <node id="9181364389" visible="true" version="1" changeset="112671985" timestamp="2021-10-18T22:03:22Z" user="riiga" uid="83501" lat="40.4115008" lon="-86.9456653"/>
 <node id="9181364390" visible="true" version="1" changeset="112671985" timestamp="2021-10-18T22:03:22Z" user="riiga" uid="83501" lat="40.4114666" lon="-86.9457411"/>
 <node id="9181364391" visible="true" version="1" changeset="112671985" timestamp="2021-10-18T22:03:22Z" user="riiga" uid="83501" lat="40.4114268" lon="-86.9458129"/>
 <node id="9181364392" visible="true" version="1" changeset="112671985" timestamp="2021-10-18T22:03:22Z" user="riiga" uid="83501" lat="40.4113920" lon="-86.9459376"/>
 <node id="9181364393" visible="true" version="1" changeset="112671985" timestamp="2021-10-18T22:03:22Z" user="riiga" uid="83501" lat="40.4113859" lon="-86.9459919"/>
 <node id="9181364394" visible="true" version="1" changeset="112671985" timestamp="2021-10-18T22:03:22Z" user="riiga" uid="83501" lat="40.4113869" lon="-86.9460630"/>
 <node id="9181364395" visible="true" version="1" changeset="112671985" timestamp="2021-10-18T22:03:22Z" user="riiga" uid="83501" lat="40.4114160" lon="-86.9466698"/>
 <node id="9181364396" visible="true" version="1" changeset="112671985" timestamp="2021-10-18T22:03:22Z" user="riiga" uid="83501" lat="40.4114446" lon="-86.9470909"/>
 <node id="9181364397" visible="true" version="1" changeset="112671985" timestamp="2021-10-18T22:03:22Z" user="riiga" uid="83501" lat="40.4115038" lon="-86.9475866"/>
 <node id="9181364398" visible="true" version="1" changeset="112671985" timestamp="2021-10-18T22:03:22Z" user="riiga" uid="83501" lat="40.4120471" lon="-86.9520476"/>
 <node id="9181364399" visible="true" version="1" changeset="112671985" timestamp="2021-10-18T22:03:22Z" user="riiga" uid="83501" lat="40.4120685" lon="-86.9521751"/>
 <node id="9181364400" visible="true" version="1" changeset="112671985" timestamp="2021-10-18T22:03:22Z" user="riiga" uid="83501" lat="40.4120920" lon="-86.9522609"/>
 <node id="9181364401" visible="true" version="1" changeset="112671985" timestamp="2021-10-18T22:03:22Z" user="riiga" uid="83501" lat="40.4121380" lon="-86.9523521"/>
 <node id="9181364402" visible="true" version="1" changeset="112671985" timestamp="2021-10-18T22:03:22Z" user="riiga" uid="83501" lat="40.4121901" lon="-86.9523937"/>
 <node id="9181364403" visible="true" version="1" changeset="112671985" timestamp="2021-10-18T22:03:22Z" user="riiga" uid="83501" lat="40.4122523" lon="-86.9524124"/>
 <node id="9181364404" visible="true" version="1" changeset="112671985" timestamp="2021-10-18T22:03:22Z" user="riiga" uid="83501" lat="40.4133745" lon="-86.9524017"/>
 <node id="9181364405" visible="true" version="1" changeset="112671985" timestamp="2021-10-18T22:03:22Z" user="riiga" uid="83501" lat="40.4134225" lon="-86.9524205"/>
 <node id="9181364406" visible="true" version="1" changeset="112671985" timestamp="2021-10-18T22:03:22Z" user="riiga" uid="83501" lat="40.4134787" lon="-86.9524540"/>
 <node id="9181364407" visible="true" version="1" changeset="112671985" timestamp="2021-10-18T22:03:22Z" user="riiga" uid="83501" lat="40.4135083" lon="-86.9525157"/>
 <node id="9181364408" visible="true" version="1" changeset="112671985" timestamp="2021-10-18T22:03:22Z" user="riiga" uid="83501" lat="40.4135267" lon="-86.9526391"/>
 <node id="9181364409" visible="true" version="1" changeset="112671985" timestamp="2021-10-18T22:03:22Z" user="riiga" uid="83501" lat="40.4135379" lon="-86.9528604"/>
 <node id="9181364410" visible="true" version="1" changeset="112671985" timestamp="2021-10-18T22:03:22Z" user="riiga" uid="83501" lat="40.4136982" lon="-86.9541264"/>
 <node id="9181364411" visible="true" version="1" changeset="112671985" timestamp="2021-10-18T22:03:22Z" user="riiga" uid="83501" lat="40.4137503" lon="-86.9543235"/>
 <node id="9181364412" visible="true" version="1" changeset="112671985" timestamp="2021-10-18T22:03:22Z" user="riiga" uid="83501" lat="40.4137963" lon="-86.9544321"/>
 <node id="9181364413" visible="true" version="1" changeset="112671985" timestamp="2021-10-18T22:03:22Z" user="riiga" uid="83501" lat="40.4138647" lon="-86.9545542"/>
 <node id="9181364414" visible="true" version="1" changeset="112671985" timestamp="2021-10-18T22:03:22Z" user="riiga" uid="83501" lat="40.4139035" lon="-86.9546896"/>
 <node id="9181364415" visible="true" version="1" changeset="112671985" timestamp="2021-10-18T22:03:22Z" user="riiga" uid="83501" lat="40.4141465" lon="-86.9567388"/>
 <node id="9181364416" visible="true" version="1" changeset="112671985" timestamp="2021-10-18T22:03:22Z" user="riiga" uid="83501" lat="40.4141638" lon="-86.9569011"/>
 <node id="9181364417" visible="true" version="1" changeset="112671985" timestamp="2021-10-18T22:03:22Z" user="riiga" uid="83501" lat="40.4141832" lon="-86.9569708"/>
 <node id="9181364418" visible="true" version="1" changeset="112671985" timestamp="2021-10-18T22:03:22Z" user="riiga" uid="83501" lat="40.4142169" lon="-86.9569896"/>
 <node id="9181364419" visible="true" version="1" changeset="112671985" timestamp="2021-10-18T22:03:22Z" user="riiga" uid="83501" lat="40.4166195" lon="-86.9570111"/>
 <node id="9181364420" visible="true" version="1" changeset="112671985" timestamp="2021-10-18T22:03:22Z" user="riiga" uid="83501" lat="40.4167053" lon="-86.9570044"/>
 <node id="9181364421" visible="true" version="1" changeset="112671985" timestamp="2021-10-18T22:03:22Z" user="riiga" uid="83501" lat="40.4167645" lon="-86.9569923"/>
 <node id="9181364422" visible="true" version="1" changeset="112671985" timestamp="2021-10-18T22:03:22Z" user="riiga" uid="83501" lat="40.4168002" lon="-86.9569668"/>
 <node id="9181364423" visible="true" version="1" changeset="112671985" timestamp="2021-10-18T22:03:22Z" user="riiga" uid="83501" lat="40.4168380" lon="-86.9568931"/>
 <node id="9181364424" visible="true" version="1" changeset="112671985" timestamp="2021-10-18T22:03:22Z" user="riiga" uid="83501" lat="40.4168584" lon="-86.9567978"/>
 <node id="9181364425" visible="true" version="1" changeset="112671985" timestamp="2021-10-18T22:03:22Z" user="riiga" uid="83501" lat="40.4168707" lon="-86.9530173"/>
 <node id="9181364426" visible="true" version="1" changeset="112671985" timestamp="2021-10-18T22:03:22Z" user="riiga" uid="83501" lat="40.4168646" lon="-86.9526833"/>
 <node id="9181364427" visible="true" version="1" changeset="112671985" timestamp="2021-10-18T22:03:22Z" user="riiga" uid="83501" lat="40.4168482" lon="-86.9524875"/>
 <node id="9181364428" visible="true" version="1" changeset="112671985" timestamp="2021-10-18T22:03:22Z" user="riiga" uid="83501" lat="40.4169104" lon="-86.9383174">
  <tag k="barrier" v="gate"/>
 </node>
 <node id="9181364429" visible="true" version="1" changeset="112671985" timestamp="2021-10-18T22:03:22Z" user="riiga" uid="83501" lat="40.4145049" lon="-86.9383389"/>
 <node id="9181364430" visible="true" version="1" changeset="112671985" timestamp="2021-10-18T22:03:22Z" user="riiga" uid="83501" lat="40.4144855" lon="-86.9383818"/>
 <node id="9181364431" visible="true" version="1" changeset="112671985" timestamp="2021-10-18T22:03:22Z" user="riiga" uid="83501" lat="40.4145274" lon="-86.9400220"/>
 <node id="9181364432" visible="true" version="1" changeset="112671985" timestamp="2021-10-18T22:03:22Z" user="riiga" uid="83501" lat="40.4148878" lon="-86.9402567"/>
 <node id="9181364433" visible="true" version="1" changeset="112671985" timestamp="2021-10-18T22:03:22Z" user="riiga" uid="83501" lat="40.4169166" lon="-86.9364828"/>
 <node id="9181364434" visible="true" version="1" changeset="112671985" timestamp="2021-10-18T22:03:22Z" user="riiga" uid="83501" lat="40.4169101" lon="-86.9384035"/>
 <node id="9181364435" visible="true" version="2" changeset="122525177" timestamp="2022-06-17T21:30:08Z" user="Clarke22" uid="703694" lat="40.4157067" lon="-86.9430483"/>
 <node id="9181364436" visible="true" version="1" changeset="112671985" timestamp="2021-10-18T22:03:22Z" user="riiga" uid="83501" lat="40.4157103" lon="-86.9432399"/>
 <node id="9181364437" visible="true" version="1" changeset="112671985" timestamp="2021-10-18T22:03:22Z" user="riiga" uid="83501" lat="40.4157812" lon="-86.9436926"/>
 <node id="9181364438" visible="true" version="1" changeset="112671985" timestamp="2021-10-18T22:03:22Z" user="riiga" uid="83501" lat="40.4157986" lon="-86.9438146"/>
 <node id="9181364439" visible="true" version="1" changeset="112671985" timestamp="2021-10-18T22:03:22Z" user="riiga" uid="83501" lat="40.4157904" lon="-86.9452576"/>
 <node id="9181364440" visible="true" version="1" changeset="112671985" timestamp="2021-10-18T22:03:22Z" user="riiga" uid="83501" lat="40.4157720" lon="-86.9458383"/>
 <node id="9181364441" visible="true" version="1" changeset="112671985" timestamp="2021-10-18T22:03:22Z" user="riiga" uid="83501" lat="40.4157884" lon="-86.9462273"/>
 <node id="9181364442" visible="true" version="1" changeset="112671985" timestamp="2021-10-18T22:03:22Z" user="riiga" uid="83501" lat="40.4157996" lon="-86.9467033"/>
 <node id="9181364443" visible="true" version="1" changeset="112671985" timestamp="2021-10-18T22:03:22Z" user="riiga" uid="83501" lat="40.4157914" lon="-86.9472089"/>
 <node id="9181364444" visible="true" version="1" changeset="112671985" timestamp="2021-10-18T22:03:22Z" user="riiga" uid="83501" lat="40.4157751" lon="-86.9473752"/>
 <node id="9181364445" visible="true" version="1" changeset="112671985" timestamp="2021-10-18T22:03:22Z" user="riiga" uid="83501" lat="40.4157720" lon="-86.9476864"/>
 <node id="9181364446" visible="true" version="1" changeset="112671985" timestamp="2021-10-18T22:03:22Z" user="riiga" uid="83501" lat="40.4157976" lon="-86.9477561"/>
 <node id="9181364447" visible="true" version="1" changeset="112671985" timestamp="2021-10-18T22:03:22Z" user="riiga" uid="83501" lat="40.4159773" lon="-86.9478111"/>
 <node id="9181364448" visible="true" version="1" changeset="112671985" timestamp="2021-10-18T22:03:22Z" user="riiga" uid="83501" lat="40.4160773" lon="-86.9478004"/>
 <node id="9181364449" visible="true" version="1" changeset="112671985" timestamp="2021-10-18T22:03:22Z" user="riiga" uid="83501" lat="40.4166644" lon="-86.9477749"/>
 <node id="9181364450" visible="true" version="1" changeset="112671985" timestamp="2021-10-18T22:03:22Z" user="riiga" uid="83501" lat="40.4168156" lon="-86.9478245"/>
 <node id="9181364451" visible="true" version="1" changeset="112671985" timestamp="2021-10-18T22:03:22Z" user="riiga" uid="83501" lat="40.4168942" lon="-86.9479412"/>
 <node id="9181364452" visible="true" version="1" changeset="112671985" timestamp="2021-10-18T22:03:22Z" user="riiga" uid="83501" lat="40.4168911" lon="-86.9517493"/>
 <node id="9181364453" visible="true" version="1" changeset="112671985" timestamp="2021-10-18T22:03:22Z" user="riiga" uid="83501" lat="40.4168799" lon="-86.9518867"/>
 <node id="9181364454" visible="true" version="1" changeset="112671985" timestamp="2021-10-18T22:03:22Z" user="riiga" uid="83501" lat="40.4168671" lon="-86.9519437"/>
 <node id="9181364455" visible="true" version="1" changeset="112671985" timestamp="2021-10-18T22:03:22Z" user="riiga" uid="83501" lat="40.4168431" lon="-86.9519672"/>
 <node id="9181364456" visible="true" version="1" changeset="112671985" timestamp="2021-10-18T22:03:22Z" user="riiga" uid="83501" lat="40.4167956" lon="-86.9520939"/>
 <node id="9181364457" visible="true" version="1" changeset="112671985" timestamp="2021-10-18T22:03:22Z" user="riiga" uid="83501" lat="40.4167967" lon="-86.9522046"/>
 <node id="9181364458" visible="true" version="2" changeset="141185128" timestamp="2023-09-13T00:37:08Z" user="Clarke22" uid="703694" lat="40.4168732" lon="-86.9477114"/>
 <node id="9181364459" visible="true" version="1" changeset="112671985" timestamp="2021-10-18T22:03:22Z" user="riiga" uid="83501" lat="40.4161988" lon="-86.9402070"/>
 <node id="9181364460" visible="true" version="2" changeset="136745823" timestamp="2023-05-30T13:02:50Z" user="mpatsevich_lyft" uid="12896788" lat="40.4162145" lon="-86.9399846"/>
 <node id="9181364461" visible="true" version="2" changeset="136745823" timestamp="2023-05-30T13:02:50Z" user="mpatsevich_lyft" uid="12896788" lat="40.4167889" lon="-86.9393470"/>
 <node id="9181364465" visible="true" version="2" changeset="136745823" timestamp="2023-05-30T13:02:50Z" user="mpatsevich_lyft" uid="12896788" lat="40.4168649" lon="-86.9386244"/>
 <node id="9181364467" visible="true" version="2" changeset="141185128" timestamp="2023-09-13T00:37:08Z" user="Clarke22" uid="703694" lat="40.4174045" lon="-86.9363675">
  <tag k="barrier" v="gate"/>
 </node>
 <node id="9181364468" visible="true" version="1" changeset="112671985" timestamp="2021-10-18T22:03:22Z" user="riiga" uid="83501" lat="40.4174435" lon="-86.9365257"/>
 <node id="9181364469" visible="true" version="1" changeset="112671985" timestamp="2021-10-18T22:03:22Z" user="riiga" uid="83501" lat="40.4174905" lon="-86.9367322"/>
 <node id="9181364470" visible="true" version="1" changeset="112671985" timestamp="2021-10-18T22:03:22Z" user="riiga" uid="83501" lat="40.4175579" lon="-86.9372351"/>
 <node id="9181364471" visible="true" version="1" changeset="112671985" timestamp="2021-10-18T22:03:22Z" user="riiga" uid="83501" lat="40.4175487" lon="-86.9373988"/>
 <node id="9181364472" visible="true" version="1" changeset="112671985" timestamp="2021-10-18T22:03:22Z" user="riiga" uid="83501" lat="40.4174792" lon="-86.9377635"/>
 <node id="9181364473" visible="true" version="1" changeset="112671985" timestamp="2021-10-18T22:03:22Z" user="riiga" uid="83501" lat="40.4174180" lon="-86.9379272"/>
 <node id="9181364474" visible="true" version="1" changeset="112671985" timestamp="2021-10-18T22:03:22Z" user="riiga" uid="83501" lat="40.4167962" lon="-86.9435182"/>
 <node id="9181364475" visible="true" version="1" changeset="112671985" timestamp="2021-10-18T22:03:22Z" user="riiga" uid="83501" lat="40.4167063" lon="-86.9437288"/>
 <node id="9181364476" visible="true" version="1" changeset="112671985" timestamp="2021-10-18T22:03:22Z" user="riiga" uid="83501" lat="40.4167962" lon="-86.9433117"/>
 <node id="9181364477" visible="true" version="1" changeset="112671985" timestamp="2021-10-18T22:03:22Z" user="riiga" uid="83501" lat="40.4164551" lon="-86.9433117"/>
 <node id="9181364478" visible="true" version="1" changeset="112671985" timestamp="2021-10-18T22:03:22Z" user="riiga" uid="83501" lat="40.4164551" lon="-86.9437288"/>
 <node id="9181364479" visible="true" version="1" changeset="112671985" timestamp="2021-10-18T22:03:22Z" user="riiga" uid="83501" lat="40.4168768" lon="-86.9435182"/>
 <node id="9181364480" visible="true" version="1" changeset="112671985" timestamp="2021-10-18T22:03:22Z" user="riiga" uid="83501" lat="40.4168768" lon="-86.9445804"/>
 <node id="9181364481" visible="true" version="1" changeset="112671985" timestamp="2021-10-18T22:03:22Z" user="riiga" uid="83501" lat="40.4167063" lon="-86.9445804"/>
 <node id="9181364483" visible="true" version="2" changeset="141185128" timestamp="2023-09-13T00:37:08Z" user="Clarke22" uid="703694" lat="40.4168910" lon="-86.9434679"/>
 <node id="9181364484" visible="true" version="1" changeset="112671985" timestamp="2021-10-18T22:03:22Z" user="riiga" uid="83501" lat="40.4165900" lon="-86.9448979"/>
 <node id="9181364485" visible="true" version="1" changeset="112671985" timestamp="2021-10-18T22:03:22Z" user="riiga" uid="83501" lat="40.4165906" lon="-86.9446444"/>
 <node id="9181364486" visible="true" version="1" changeset="112671985" timestamp="2021-10-18T22:03:22Z" user="riiga" uid="83501" lat="40.4164165" lon="-86.9452951"/>
 <node id="9181364487" visible="true" version="1" changeset="112671985" timestamp="2021-10-18T22:03:22Z" user="riiga" uid="83501" lat="40.4164232" lon="-86.9437783"/>
 <node id="9181364492" visible="true" version="1" changeset="112671985" timestamp="2021-10-18T22:03:22Z" user="riiga" uid="83501" lat="40.4198454" lon="-86.9434766"/>
 <node id="9181364493" visible="true" version="1" changeset="112671985" timestamp="2021-10-18T22:03:22Z" user="riiga" uid="83501" lat="40.4196367" lon="-86.9433117"/>
 <node id="9181364494" visible="true" version="1" changeset="112671985" timestamp="2021-10-18T22:03:22Z" user="riiga" uid="83501" lat="40.4193845" lon="-86.9431943"/>
 <node id="9181364495" visible="true" version="1" changeset="112671985" timestamp="2021-10-18T22:03:22Z" user="riiga" uid="83501" lat="40.4192584" lon="-86.9431588"/>
 <node id="9181364496" visible="true" version="1" changeset="112671985" timestamp="2021-10-18T22:03:22Z" user="riiga" uid="83501" lat="40.4191353" lon="-86.9431380"/>
 <node id="9181364497" visible="true" version="1" changeset="112671985" timestamp="2021-10-18T22:03:22Z" user="riiga" uid="83501" lat="40.4167760" lon="-86.9436456"/>
 <node id="9181364498" visible="true" version="1" changeset="112671985" timestamp="2021-10-18T22:03:22Z" user="riiga" uid="83501" lat="40.4165092" lon="-86.9436483"/>
 <node id="9181364499" visible="true" version="1" changeset="112671985" timestamp="2021-10-18T22:03:22Z" user="riiga" uid="83501" lat="40.4165082" lon="-86.9433908"/>
 <node id="9181364500" visible="true" version="1" changeset="112671985" timestamp="2021-10-18T22:03:22Z" user="riiga" uid="83501" lat="40.4166614" lon="-86.9446454"/>
 <node id="9181364501" visible="true" version="1" changeset="112671985" timestamp="2021-10-18T22:03:22Z" user="riiga" uid="83501" lat="40.4166593" lon="-86.9448989"/>
 <node id="9181364502" visible="true" version="1" changeset="112671985" timestamp="2021-10-18T22:03:22Z" user="riiga" uid="83501" lat="40.4165930" lon="-86.9437791"/>
 <node id="9181364503" visible="true" version="1" changeset="112671985" timestamp="2021-10-18T22:03:22Z" user="riiga" uid="83501" lat="40.4165889" lon="-86.9452959"/>
 <node id="9181364504" visible="true" version="1" changeset="112671985" timestamp="2021-10-18T22:03:22Z" user="riiga" uid="83501" lat="40.4164164" lon="-86.9453152"/>
 <node id="9181364505" visible="true" version="1" changeset="112671985" timestamp="2021-10-18T22:03:22Z" user="riiga" uid="83501" lat="40.4164236" lon="-86.9436938"/>
 <node id="9181364506" visible="true" version="1" changeset="112671985" timestamp="2021-10-18T22:03:22Z" user="riiga" uid="83501" lat="40.4159038" lon="-86.9436899"/>
 <node id="9181364507" visible="true" version="1" changeset="112671985" timestamp="2021-10-18T22:03:22Z" user="riiga" uid="83501" lat="40.4158966" lon="-86.9453113"/>
 <node id="9181364508" visible="true" version="1" changeset="112671985" timestamp="2021-10-18T22:03:22Z" user="riiga" uid="83501" lat="40.4164291" lon="-86.9466109"/>
 <node id="9181364509" visible="true" version="1" changeset="112671985" timestamp="2021-10-18T22:03:22Z" user="riiga" uid="83501" lat="40.4166723" lon="-86.9462405"/>
 <node id="9181364510" visible="true" version="1" changeset="112671985" timestamp="2021-10-18T22:03:22Z" user="riiga" uid="83501" lat="40.4167096" lon="-86.9454687"/>
 <node id="9181364511" visible="true" version="1" changeset="112671985" timestamp="2021-10-18T22:03:22Z" user="riiga" uid="83501" lat="40.4167099" lon="-86.9450895"/>
 <node id="9181364512" visible="true" version="1" changeset="112671985" timestamp="2021-10-18T22:03:22Z" user="riiga" uid="83501" lat="40.4168780" lon="-86.9450897"/>
 <node id="9181364513" visible="true" version="1" changeset="112671985" timestamp="2021-10-18T22:03:22Z" user="riiga" uid="83501" lat="40.4166719" lon="-86.9466874"/>
 <node id="9181364514" visible="true" version="1" changeset="112671985" timestamp="2021-10-18T22:03:22Z" user="riiga" uid="83501" lat="40.4164291" lon="-86.9466871"/>
 <node id="9181364515" visible="true" version="1" changeset="112671985" timestamp="2021-10-18T22:03:22Z" user="riiga" uid="83501" lat="40.4168769" lon="-86.9462408"/>
 <node id="9181364516" visible="true" version="1" changeset="112671985" timestamp="2021-10-18T22:03:22Z" user="riiga" uid="83501" lat="40.4163806" lon="-86.9454682"/>
 <node id="9181364517" visible="true" version="1" changeset="112671985" timestamp="2021-10-18T22:03:22Z" user="riiga" uid="83501" lat="40.4163796" lon="-86.9466108"/>
 <node id="9181364518" visible="true" version="1" changeset="112671985" timestamp="2021-10-18T22:03:22Z" user="riiga" uid="83501" lat="40.4164609" lon="-86.9463749"/>
 <node id="9181364519" visible="true" version="1" changeset="112671985" timestamp="2021-10-18T22:03:22Z" user="riiga" uid="83501" lat="40.4166253" lon="-86.9463747"/>
 <node id="9181364520" visible="true" version="1" changeset="112671985" timestamp="2021-10-18T22:03:22Z" user="riiga" uid="83501" lat="40.4166251" lon="-86.9460033"/>
 <node id="9181364521" visible="true" version="1" changeset="112671985" timestamp="2021-10-18T22:03:22Z" user="riiga" uid="83501" lat="40.4166249" lon="-86.9457947"/>
 <node id="9181364522" visible="true" version="1" changeset="112671985" timestamp="2021-10-18T22:03:22Z" user="riiga" uid="83501" lat="40.4167890" lon="-86.9457945"/>
 <node id="9181364523" visible="true" version="1" changeset="112671985" timestamp="2021-10-18T22:03:22Z" user="riiga" uid="83501" lat="40.4164605" lon="-86.9457949"/>
 <node id="9181364524" visible="true" version="1" changeset="112671985" timestamp="2021-10-18T22:03:22Z" user="riiga" uid="83501" lat="40.4167891" lon="-86.9460031"/>
 <node id="9181364525" visible="true" version="1" changeset="112671985" timestamp="2021-10-18T22:03:22Z" user="riiga" uid="83501" lat="40.4164607" lon="-86.9460034"/>
 <node id="9181364526" visible="true" version="1" changeset="112671985" timestamp="2021-10-18T22:03:22Z" user="riiga" uid="83501" lat="40.4166252" lon="-86.9461933"/>
 <node id="9181364527" visible="true" version="1" changeset="112671985" timestamp="2021-10-18T22:03:22Z" user="riiga" uid="83501" lat="40.4167889" lon="-86.9455706"/>
 <node id="9181364528" visible="true" version="1" changeset="112671985" timestamp="2021-10-18T22:03:22Z" user="riiga" uid="83501" lat="40.4164604" lon="-86.9455710"/>
 <node id="9181364529" visible="true" version="1" changeset="112671985" timestamp="2021-10-18T22:03:22Z" user="riiga" uid="83501" lat="40.4164611" lon="-86.9466364"/>
 <node id="9181364530" visible="true" version="1" changeset="112671985" timestamp="2021-10-18T22:03:22Z" user="riiga" uid="83501" lat="40.4170317" lon="-86.9447729"/>
 <node id="9181364531" visible="true" version="1" changeset="112671985" timestamp="2021-10-18T22:03:22Z" user="riiga" uid="83501" lat="40.4170951" lon="-86.9447728"/>
 <node id="9181364532" visible="true" version="1" changeset="112671985" timestamp="2021-10-18T22:03:22Z" user="riiga" uid="83501" lat="40.4167883" lon="-86.9447732"/>
 <node id="9181364533" visible="true" version="1" changeset="112671985" timestamp="2021-10-18T22:03:22Z" user="riiga" uid="83501" lat="40.4167732" lon="-86.9433881"/>
 <node id="9181364534" visible="true" version="1" changeset="112671985" timestamp="2021-10-18T22:03:22Z" user="riiga" uid="83501" lat="40.4167893" lon="-86.9461931"/>
 <node id="9181364535" visible="true" version="1" changeset="112671985" timestamp="2021-10-18T22:03:22Z" user="riiga" uid="83501" lat="40.4166248" lon="-86.9455708"/>
 <node id="9181364536" visible="true" version="1" changeset="112671985" timestamp="2021-10-18T22:03:22Z" user="riiga" uid="83501" lat="40.4166255" lon="-86.9466362"/>
 <node id="9181364538" visible="true" version="1" changeset="112671985" timestamp="2021-10-18T22:03:22Z" user="riiga" uid="83501" lat="40.4164608" lon="-86.9461935"/>
 <node id="9181364539" visible="true" version="2" changeset="122525177" timestamp="2022-06-17T21:30:08Z" user="Clarke22" uid="703694" lat="40.4172572" lon="-86.9466269">
  <tag k="highway" v="turning_circle"/>
 </node>
 <node id="9181364540" visible="true" version="2" changeset="122525177" timestamp="2022-06-17T21:30:08Z" user="Clarke22" uid="703694" lat="40.4171922" lon="-86.9465711"/>
 <node id="9181364541" visible="true" version="2" changeset="122525177" timestamp="2022-06-17T21:30:08Z" user="Clarke22" uid="703694" lat="40.4171135" lon="-86.9464061"/>
 <node id="9188154134" visible="true" version="1" changeset="112758258" timestamp="2021-10-20T18:45:51Z" user="riiga" uid="83501" lat="40.4080371" lon="-86.9202355">
  <tag k="highway" v="traffic_signals"/>
  <tag k="traffic_signals:direction" v="backward"/>
 </node>
 <node id="9188154136" visible="true" version="1" changeset="112758258" timestamp="2021-10-20T18:45:51Z" user="riiga" uid="83501" lat="40.4071139" lon="-86.9219989"/>
 <node id="9188154145" visible="true" version="1" changeset="112758258" timestamp="2021-10-20T18:45:51Z" user="riiga" uid="83501" lat="40.4128046" lon="-86.9200125">
  <tag k="direction" v="forward"/>
  <tag k="highway" v="stop"/>
 </node>
 <node id="9188154147" visible="true" version="1" changeset="112758258" timestamp="2021-10-20T18:45:51Z" user="riiga" uid="83501" lat="40.4064527" lon="-86.9224582"/>
 <node id="9188154148" visible="true" version="1" changeset="112758258" timestamp="2021-10-20T18:45:51Z" user="riiga" uid="83501" lat="40.4063276" lon="-86.9225648"/>
 <node id="9188154149" visible="true" version="1" changeset="112758258" timestamp="2021-10-20T18:45:51Z" user="riiga" uid="83501" lat="40.4061131" lon="-86.9227780"/>
 <node id="9188154150" visible="true" version="1" changeset="112758258" timestamp="2021-10-20T18:45:51Z" user="riiga" uid="83501" lat="40.4060273" lon="-86.9228920"/>
 <node id="9188154151" visible="true" version="1" changeset="112758258" timestamp="2021-10-20T18:45:51Z" user="riiga" uid="83501" lat="40.4058966" lon="-86.9230717"/>
 <node id="9188154161" visible="true" version="1" changeset="112758258" timestamp="2021-10-20T18:45:51Z" user="riiga" uid="83501" lat="40.4069964" lon="-86.9220867"/>
 <node id="9188154162" visible="true" version="1" changeset="112758258" timestamp="2021-10-20T18:45:51Z" user="riiga" uid="83501" lat="40.4072175" lon="-86.9219224"/>
 <node id="9188154163" visible="true" version="1" changeset="112758258" timestamp="2021-10-20T18:45:51Z" user="riiga" uid="83501" lat="40.4073886" lon="-86.9217984"/>
 <node id="9188154164" visible="true" version="1" changeset="112758258" timestamp="2021-10-20T18:45:51Z" user="riiga" uid="83501" lat="40.4075367" lon="-86.9216757"/>
 <node id="9188154165" visible="true" version="1" changeset="112758258" timestamp="2021-10-20T18:45:51Z" user="riiga" uid="83501" lat="40.4077404" lon="-86.9213954"/>
 <node id="9188154166" visible="true" version="1" changeset="112758258" timestamp="2021-10-20T18:45:51Z" user="riiga" uid="83501" lat="40.4078640" lon="-86.9211392"/>
 <node id="9188154167" visible="true" version="1" changeset="112758258" timestamp="2021-10-20T18:45:51Z" user="riiga" uid="83501" lat="40.4079099" lon="-86.9210051"/>
 <node id="9188154168" visible="true" version="1" changeset="112758258" timestamp="2021-10-20T18:45:51Z" user="riiga" uid="83501" lat="40.4079533" lon="-86.9208355"/>
 <node id="9188154182" visible="true" version="1" changeset="112758258" timestamp="2021-10-20T18:45:51Z" user="riiga" uid="83501" lat="40.4143497" lon="-86.9207355"/>
 <node id="9188154183" visible="true" version="1" changeset="112758258" timestamp="2021-10-20T18:45:51Z" user="riiga" uid="83501" lat="40.4144370" lon="-86.9210058"/>
 <node id="9522981301" visible="true" version="1" changeset="117658475" timestamp="2022-02-21T00:01:00Z" user="AwwJeez" uid="9625789" lat="40.4199041" lon="-86.9303896"/>
 <node id="9522981312" visible="true" version="1" changeset="117658475" timestamp="2022-02-21T00:01:00Z" user="AwwJeez" uid="9625789" lat="40.4197171" lon="-86.9277593"/>
 <node id="9522981313" visible="true" version="1" changeset="117658475" timestamp="2022-02-21T00:01:00Z" user="AwwJeez" uid="9625789" lat="40.4194645" lon="-86.9277475"/>
 <node id="9522981314" visible="true" version="1" changeset="117658475" timestamp="2022-02-21T00:01:00Z" user="AwwJeez" uid="9625789" lat="40.4194608" lon="-86.9276780"/>
 <node id="9522981315" visible="true" version="1" changeset="117658475" timestamp="2022-02-21T00:01:00Z" user="AwwJeez" uid="9625789" lat="40.4192876" lon="-86.9277585"/>
 <node id="9522981316" visible="true" version="1" changeset="117658475" timestamp="2022-02-21T00:01:00Z" user="AwwJeez" uid="9625789" lat="40.4192887" lon="-86.9276488"/>
 <node id="9522984317" visible="true" version="1" changeset="117658475" timestamp="2022-02-21T00:01:00Z" user="AwwJeez" uid="9625789" lat="40.4193532" lon="-86.9277264"/>
 <node id="9522984318" visible="true" version="1" changeset="117658475" timestamp="2022-02-21T00:01:00Z" user="AwwJeez" uid="9625789" lat="40.4190983" lon="-86.9276403"/>
 <node id="9522984319" visible="true" version="1" changeset="117658475" timestamp="2022-02-21T00:01:00Z" user="AwwJeez" uid="9625789" lat="40.4190808" lon="-86.9276935"/>
 <node id="9522984327" visible="true" version="2" changeset="122812377" timestamp="2022-06-24T17:30:53Z" user="Clarke22" uid="703694" lat="40.4195633" lon="-86.9239279"/>
 <node id="9522984328" visible="true" version="2" changeset="122812377" timestamp="2022-06-24T17:30:53Z" user="Clarke22" uid="703694" lat="40.4193975" lon="-86.9240563"/>
 <node id="9522984329" visible="true" version="2" changeset="122812377" timestamp="2022-06-24T17:30:53Z" user="Clarke22" uid="703694" lat="40.4192564" lon="-86.9240785"/>
 <node id="9522984330" visible="true" version="2" changeset="122812377" timestamp="2022-06-24T17:30:53Z" user="Clarke22" uid="703694" lat="40.4190824" lon="-86.9241260"/>
 <node id="9522984335" visible="true" version="1" changeset="117658475" timestamp="2022-02-21T00:01:00Z" user="AwwJeez" uid="9625789" lat="40.4202614" lon="-86.9232093"/>
 <node id="9522984337" visible="true" version="2" changeset="122812377" timestamp="2022-06-24T17:30:53Z" user="Clarke22" uid="703694" lat="40.4191814" lon="-86.9223839"/>
 <node id="9522984338" visible="true" version="1" changeset="117658475" timestamp="2022-02-21T00:01:00Z" user="AwwJeez" uid="9625789" lat="40.4201488" lon="-86.9232294"/>
 <node id="9522984339" visible="true" version="1" changeset="117658475" timestamp="2022-02-21T00:01:00Z" user="AwwJeez" uid="9625789" lat="40.4202048" lon="-86.9232105"/>
 <node id="9522984340" visible="true" version="1" changeset="117658475" timestamp="2022-02-21T00:01:00Z" user="AwwJeez" uid="9625789" lat="40.4203320" lon="-86.9224729"/>
 <node id="9522984349" visible="true" version="1" changeset="117658475" timestamp="2022-02-21T00:01:00Z" user="AwwJeez" uid="9625789" lat="40.4205850" lon="-86.9231305">
  <tag k="crossing" v="unmarked"/>
  <tag k="highway" v="crossing"/>
 </node>
 <node id="9522984350" visible="true" version="1" changeset="117658475" timestamp="2022-02-21T00:01:00Z" user="AwwJeez" uid="9625789" lat="40.4204276" lon="-86.9232294"/>
 <node id="9522984351" visible="true" version="1" changeset="117658475" timestamp="2022-02-21T00:01:00Z" user="AwwJeez" uid="9625789" lat="40.4204062" lon="-86.9225050"/>
 <node id="9522984352" visible="true" version="3" changeset="122812377" timestamp="2022-06-24T17:30:53Z" user="Clarke22" uid="703694" lat="40.4181754" lon="-86.9241642"/>
 <node id="9522984353" visible="true" version="1" changeset="117658475" timestamp="2022-02-21T00:01:00Z" user="AwwJeez" uid="9625789" lat="40.4190059" lon="-86.9241799"/>
 <node id="9522984354" visible="true" version="1" changeset="117658475" timestamp="2022-02-21T00:01:00Z" user="AwwJeez" uid="9625789" lat="40.4189721" lon="-86.9225135"/>
 <node id="9522984355" visible="true" version="1" changeset="117658475" timestamp="2022-02-21T00:01:00Z" user="AwwJeez" uid="9625789" lat="40.4188487" lon="-86.9241783"/>
 <node id="9522984356" visible="true" version="1" changeset="117658475" timestamp="2022-02-21T00:01:00Z" user="AwwJeez" uid="9625789" lat="40.4186796" lon="-86.9241765"/>
 <node id="9522984358" visible="true" version="1" changeset="117658475" timestamp="2022-02-21T00:01:00Z" user="AwwJeez" uid="9625789" lat="40.4185081" lon="-86.9241747"/>
 <node id="9522984359" visible="true" version="1" changeset="117658475" timestamp="2022-02-21T00:01:00Z" user="AwwJeez" uid="9625789" lat="40.4184946" lon="-86.9230993"/>
 <node id="9522984360" visible="true" version="1" changeset="117658475" timestamp="2022-02-21T00:01:00Z" user="AwwJeez" uid="9625789" lat="40.4183509" lon="-86.9241731"/>
 <node id="9522984362" visible="true" version="1" changeset="117658475" timestamp="2022-02-21T00:01:00Z" user="AwwJeez" uid="9625789" lat="40.4193469" lon="-86.9241410"/>
 <node id="9522984363" visible="true" version="1" changeset="117658475" timestamp="2022-02-21T00:01:00Z" user="AwwJeez" uid="9625789" lat="40.4193022" lon="-86.9224419"/>
 <node id="9522984364" visible="true" version="1" changeset="117658475" timestamp="2022-02-21T00:01:00Z" user="AwwJeez" uid="9625789" lat="40.4195304" lon="-86.9240381"/>
 <node id="9522984365" visible="true" version="1" changeset="117658475" timestamp="2022-02-21T00:01:00Z" user="AwwJeez" uid="9625789" lat="40.4194747" lon="-86.9224214"/>
 <node id="9522984366" visible="true" version="2" changeset="122733657" timestamp="2022-06-23T01:37:52Z" user="Clarke22" uid="703694" lat="40.4196397" lon="-86.9223947"/>
 <node id="9522984368" visible="true" version="2" changeset="122812377" timestamp="2022-06-24T17:30:53Z" user="Clarke22" uid="703694" lat="40.4199969" lon="-86.9234075"/>
 <node id="9522984390" visible="true" version="1" changeset="117658475" timestamp="2022-02-21T00:01:00Z" user="AwwJeez" uid="9625789" lat="40.4196496" lon="-86.9216530"/>
 <node id="9542996420" visible="true" version="1" changeset="117914136" timestamp="2022-02-27T16:12:14Z" user="AwwJeez" uid="9625789" lat="40.4190701" lon="-86.9279546"/>
 <node id="9542996598" visible="true" version="1" changeset="117914136" timestamp="2022-02-27T16:12:14Z" user="AwwJeez" uid="9625789" lat="40.4195883" lon="-86.9303888"/>
 <node id="9542996599" visible="true" version="1" changeset="117914136" timestamp="2022-02-27T16:12:14Z" user="AwwJeez" uid="9625789" lat="40.4195420" lon="-86.9303882"/>
 <node id="9542996600" visible="true" version="1" changeset="117914136" timestamp="2022-02-27T16:12:14Z" user="AwwJeez" uid="9625789" lat="40.4192072" lon="-86.9305446"/>
 <node id="9542996601" visible="true" version="1" changeset="117914136" timestamp="2022-02-27T16:12:14Z" user="AwwJeez" uid="9625789" lat="40.4190442" lon="-86.9303842"/>
 <node id="9542996602" visible="true" version="1" changeset="117914136" timestamp="2022-02-27T16:12:14Z" user="AwwJeez" uid="9625789" lat="40.4189803" lon="-86.9303798"/>
 <node id="9542996603" visible="true" version="1" changeset="117914136" timestamp="2022-02-27T16:12:14Z" user="AwwJeez" uid="9625789" lat="40.4191581" lon="-86.9284213"/>
 <node id="9542996604" visible="true" version="1" changeset="117914136" timestamp="2022-02-27T16:12:14Z" user="AwwJeez" uid="9625789" lat="40.4191599" lon="-86.9277795"/>
 <node id="9542996605" visible="true" version="1" changeset="117914136" timestamp="2022-02-27T16:12:14Z" user="AwwJeez" uid="9625789" lat="40.4189848" lon="-86.9277787"/>
 <node id="9542996606" visible="true" version="1" changeset="117914136" timestamp="2022-02-27T16:12:14Z" user="AwwJeez" uid="9625789" lat="40.4189831" lon="-86.9284205"/>
 <node id="9542996611" visible="true" version="1" changeset="117914136" timestamp="2022-02-27T16:12:14Z" user="AwwJeez" uid="9625789" lat="40.4198286" lon="-86.9291429"/>
 <node id="9542996612" visible="true" version="1" changeset="117914136" timestamp="2022-02-27T16:12:14Z" user="AwwJeez" uid="9625789" lat="40.4198324" lon="-86.9283564"/>
 <node id="9542996613" visible="true" version="1" changeset="117914136" timestamp="2022-02-27T16:12:14Z" user="AwwJeez" uid="9625789" lat="40.4195352" lon="-86.9283539"/>
 <node id="9542996614" visible="true" version="1" changeset="117914136" timestamp="2022-02-27T16:12:14Z" user="AwwJeez" uid="9625789" lat="40.4195313" lon="-86.9291403"/>
 <node id="9542996713" visible="true" version="1" changeset="117914136" timestamp="2022-02-27T16:12:14Z" user="AwwJeez" uid="9625789" lat="40.4191341" lon="-86.9247876"/>
 <node id="9542996714" visible="true" version="1" changeset="117914136" timestamp="2022-02-27T16:12:14Z" user="AwwJeez" uid="9625789" lat="40.4194321" lon="-86.9246488"/>
 <node id="9542996723" visible="true" version="1" changeset="117914136" timestamp="2022-02-27T16:12:14Z" user="AwwJeez" uid="9625789" lat="40.4197116" lon="-86.9247036"/>
 <node id="9542996724" visible="true" version="1" changeset="117914136" timestamp="2022-02-27T16:12:14Z" user="AwwJeez" uid="9625789" lat="40.4197726" lon="-86.9247044"/>
 <node id="9542996728" visible="true" version="1" changeset="117914136" timestamp="2022-02-27T16:12:14Z" user="AwwJeez" uid="9625789" lat="40.4190227" lon="-86.9261101"/>
 <node id="9542996729" visible="true" version="1" changeset="117914136" timestamp="2022-02-27T16:12:14Z" user="AwwJeez" uid="9625789" lat="40.4190228" lon="-86.9261860"/>
 <node id="9542996730" visible="true" version="1" changeset="117914136" timestamp="2022-02-27T16:12:14Z" user="AwwJeez" uid="9625789" lat="40.4190226" lon="-86.9263490"/>
 <node id="9542996731" visible="true" version="1" changeset="117914136" timestamp="2022-02-27T16:12:14Z" user="AwwJeez" uid="9625789" lat="40.4190225" lon="-86.9264219"/>
 <node id="9542996732" visible="true" version="1" changeset="117914136" timestamp="2022-02-27T16:12:14Z" user="AwwJeez" uid="9625789" lat="40.4191914" lon="-86.9248665"/>
 <node id="9542996733" visible="true" version="1" changeset="117914136" timestamp="2022-02-27T16:12:14Z" user="AwwJeez" uid="9625789" lat="40.4191546" lon="-86.9244851"/>
 <node id="9542996734" visible="true" version="1" changeset="117914136" timestamp="2022-02-27T16:12:14Z" user="AwwJeez" uid="9625789" lat="40.4184048" lon="-86.9259590"/>
 <node id="9542996735" visible="true" version="1" changeset="117914136" timestamp="2022-02-27T16:12:14Z" user="AwwJeez" uid="9625789" lat="40.4184071" lon="-86.9255188"/>
 <node id="9542996736" visible="true" version="1" changeset="117914136" timestamp="2022-02-27T16:12:14Z" user="AwwJeez" uid="9625789" lat="40.4188753" lon="-86.9255230"/>
 <node id="9542996737" visible="true" version="1" changeset="117914136" timestamp="2022-02-27T16:12:14Z" user="AwwJeez" uid="9625789" lat="40.4188731" lon="-86.9259631"/>
 <node id="9542996793" visible="true" version="1" changeset="117914136" timestamp="2022-02-27T16:12:14Z" user="AwwJeez" uid="9625789" lat="40.4186693" lon="-86.9305019"/>
 <node id="9542996794" visible="true" version="1" changeset="117914136" timestamp="2022-02-27T16:12:14Z" user="AwwJeez" uid="9625789" lat="40.4182905" lon="-86.9308958"/>
 <node id="9542996795" visible="true" version="1" changeset="117914136" timestamp="2022-02-27T16:12:14Z" user="AwwJeez" uid="9625789" lat="40.4184023" lon="-86.9308123"/>
 <node id="9542996796" visible="true" version="1" changeset="117914136" timestamp="2022-02-27T16:12:14Z" user="AwwJeez" uid="9625789" lat="40.4194623" lon="-86.9307634"/>
 <node id="9573487867" visible="true" version="4" changeset="122526532" timestamp="2022-06-17T22:48:38Z" user="Clarke22" uid="703694" lat="40.4221828" lon="-86.9092811"/>
 <node id="9581926668" visible="true" version="4" changeset="128320025" timestamp="2022-10-31T23:34:55Z" user="Clarke22" uid="703694" lat="40.4222189" lon="-86.9104440"/>
 <node id="9624782529" visible="true" version="2" changeset="141185128" timestamp="2023-09-13T00:37:08Z" user="Clarke22" uid="703694" lat="40.4174707" lon="-86.9366390"/>
 <node id="9624782530" visible="true" version="2" changeset="141185128" timestamp="2023-09-13T00:37:08Z" user="Clarke22" uid="703694" lat="40.4175335" lon="-86.9366465"/>
 <node id="9624782531" visible="true" version="2" changeset="141185128" timestamp="2023-09-13T00:37:08Z" user="Clarke22" uid="703694" lat="40.4175558" lon="-86.9366722"/>
 <node id="9624782532" visible="true" version="1" changeset="119131394" timestamp="2022-03-30T20:10:09Z" user="Weirdo Waffle" uid="10299813" lat="40.4179273" lon="-86.9375595"/>
 <node id="9624782533" visible="true" version="1" changeset="119131394" timestamp="2022-03-30T20:10:09Z" user="Weirdo Waffle" uid="10299813" lat="40.4181460" lon="-86.9380335"/>
 <node id="9624782534" visible="true" version="1" changeset="119131394" timestamp="2022-03-30T20:10:09Z" user="Weirdo Waffle" uid="10299813" lat="40.4182935" lon="-86.9383324"/>
 <node id="9624782535" visible="true" version="1" changeset="119131394" timestamp="2022-03-30T20:10:09Z" user="Weirdo Waffle" uid="10299813" lat="40.4183593" lon="-86.9384678"/>
 <node id="9624782536" visible="true" version="2" changeset="141185128" timestamp="2023-09-13T00:37:08Z" user="Clarke22" uid="703694" lat="40.4183593" lon="-86.9385295"/>
 <node id="9681501415" visible="true" version="1" changeset="119977826" timestamp="2022-04-21T02:05:59Z" user="Clarke22" uid="703694" lat="40.4222028" lon="-86.9102206"/>
 <node id="9681501416" visible="true" version="2" changeset="122526532" timestamp="2022-06-17T22:48:38Z" user="Clarke22" uid="703694" lat="40.4222136" lon="-86.9102348"/>
 <node id="9681506217" visible="true" version="4" changeset="146234278" timestamp="2024-01-14T05:56:49Z" user="Clarke22" uid="703694" lat="40.4257353" lon="-86.9101015"/>
 <node id="9681506218" visible="true" version="3" changeset="128320025" timestamp="2022-10-31T23:34:55Z" user="Clarke22" uid="703694" lat="40.4257048" lon="-86.9102505"/>
 <node id="9681506219" visible="true" version="1" changeset="119977826" timestamp="2022-04-21T02:05:59Z" user="Clarke22" uid="703694" lat="40.4302429" lon="-86.9117047"/>
 <node id="9681506220" visible="true" version="2" changeset="122397620" timestamp="2022-06-15T05:20:14Z" user="Clarke22" uid="703694" lat="40.4387222" lon="-86.9174411"/>
 <node id="9681506221" visible="true" version="3" changeset="122821926" timestamp="2022-06-25T00:15:08Z" user="Clarke22" uid="703694" lat="40.4386549" lon="-86.9179262"/>
 <node id="9681506223" visible="true" version="2" changeset="122397620" timestamp="2022-06-15T05:20:14Z" user="Clarke22" uid="703694" lat="40.4386261" lon="-86.9187148"/>
 <node id="9683375533" visible="true" version="1" changeset="120012399" timestamp="2022-04-21T17:38:23Z" user="Clarke22" uid="703694" lat="40.4311891" lon="-86.9140604"/>
 <node id="9683375534" visible="true" version="2" changeset="122821926" timestamp="2022-06-25T00:15:08Z" user="Clarke22" uid="703694" lat="40.4312887" lon="-86.9142143"/>
 <node id="9683375535" visible="true" version="2" changeset="122821926" timestamp="2022-06-25T00:15:08Z" user="Clarke22" uid="703694" lat="40.4312945" lon="-86.9146360"/>
 <node id="9684279243" visible="true" version="2" changeset="122821926" timestamp="2022-06-25T00:15:08Z" user="Clarke22" uid="703694" lat="40.4311927" lon="-86.9142145"/>
 <node id="9684279253" visible="true" version="1" changeset="120025601" timestamp="2022-04-22T02:34:20Z" user="Clarke22" uid="703694" lat="40.4321477" lon="-86.9150535"/>
 <node id="9719856065" visible="true" version="1" changeset="120616519" timestamp="2022-05-06T07:14:12Z" user="Clarke22" uid="703694" lat="40.4257084" lon="-86.8986142"/>
 <node id="9719856066" visible="true" version="1" changeset="120616519" timestamp="2022-05-06T07:14:12Z" user="Clarke22" uid="703694" lat="40.4257963" lon="-86.8986068"/>
 <node id="9719856067" visible="true" version="1" changeset="120616519" timestamp="2022-05-06T07:14:12Z" user="Clarke22" uid="703694" lat="40.4265667" lon="-86.9008388"/>
 <node id="9719856068" visible="true" version="1" changeset="120616519" timestamp="2022-05-06T07:14:12Z" user="Clarke22" uid="703694" lat="40.4271907" lon="-86.9007082"/>
 <node id="9719856069" visible="true" version="1" changeset="120616519" timestamp="2022-05-06T07:14:12Z" user="Clarke22" uid="703694" lat="40.4249844" lon="-86.9000349"/>
 <node id="9763466892" visible="true" version="1" changeset="121349163" timestamp="2022-05-23T06:39:39Z" user="Clarke22" uid="703694" lat="40.4220866" lon="-86.8970763"/>
 <node id="9810796078" visible="true" version="1" changeset="122247959" timestamp="2022-06-11T12:47:13Z" user="the_edge01" uid="14100502" lat="40.4003347" lon="-86.9334702">
  <tag k="power" v="tower"/>
 </node>
 <node id="9810796079" visible="true" version="1" changeset="122247959" timestamp="2022-06-11T12:47:13Z" user="the_edge01" uid="14100502" lat="40.4007080" lon="-86.9318652">
  <tag k="power" v="tower"/>
 </node>
 <node id="9810796080" visible="true" version="1" changeset="122247959" timestamp="2022-06-11T12:47:13Z" user="the_edge01" uid="14100502" lat="40.4015395" lon="-86.9301788">
  <tag k="power" v="tower"/>
 </node>
 <node id="9810796081" visible="true" version="1" changeset="122247959" timestamp="2022-06-11T12:47:13Z" user="the_edge01" uid="14100502" lat="40.4025096" lon="-86.9282120">
  <tag k="power" v="tower"/>
 </node>
 <node id="9810796082" visible="true" version="1" changeset="122247959" timestamp="2022-06-11T12:47:13Z" user="the_edge01" uid="14100502" lat="40.4035390" lon="-86.9261065">
  <tag k="power" v="tower"/>
 </node>
 <node id="9810796083" visible="true" version="1" changeset="122247959" timestamp="2022-06-11T12:47:13Z" user="the_edge01" uid="14100502" lat="40.4045748" lon="-86.9239886">
  <tag k="power" v="tower"/>
 </node>
 <node id="9810796084" visible="true" version="1" changeset="122247959" timestamp="2022-06-11T12:47:13Z" user="the_edge01" uid="14100502" lat="40.4056665" lon="-86.9217563">
  <tag k="power" v="tower"/>
 </node>
 <node id="9810796085" visible="true" version="1" changeset="122247959" timestamp="2022-06-11T12:47:13Z" user="the_edge01" uid="14100502" lat="40.4061075" lon="-86.9207896">
  <tag k="power" v="tower"/>
 </node>
 <node id="9810796086" visible="true" version="1" changeset="122247959" timestamp="2022-06-11T12:47:13Z" user="the_edge01" uid="14100502" lat="40.4068720" lon="-86.9191271">
  <tag k="power" v="tower"/>
 </node>
 <node id="9810796087" visible="true" version="1" changeset="122247959" timestamp="2022-06-11T12:47:13Z" user="the_edge01" uid="14100502" lat="40.4077824" lon="-86.9171937">
  <tag k="power" v="tower"/>
 </node>
 <node id="9810796088" visible="true" version="1" changeset="122247959" timestamp="2022-06-11T12:47:13Z" user="the_edge01" uid="14100502" lat="40.4088705" lon="-86.9149101">
  <tag k="power" v="tower"/>
 </node>
 <node id="9810796089" visible="true" version="1" changeset="122247959" timestamp="2022-06-11T12:47:13Z" user="the_edge01" uid="14100502" lat="40.4100439" lon="-86.9131168">
  <tag k="power" v="tower"/>
 </node>
 <node id="9810796090" visible="true" version="1" changeset="122247959" timestamp="2022-06-11T12:47:13Z" user="the_edge01" uid="14100502" lat="40.4112102" lon="-86.9113375">
  <tag k="power" v="tower"/>
 </node>
 <node id="9810796091" visible="true" version="1" changeset="122247959" timestamp="2022-06-11T12:47:13Z" user="the_edge01" uid="14100502" lat="40.4123730" lon="-86.9095676">
  <tag k="power" v="tower"/>
 </node>
 <node id="9810796092" visible="true" version="1" changeset="122247959" timestamp="2022-06-11T12:47:13Z" user="the_edge01" uid="14100502" lat="40.4134361" lon="-86.9079238">
  <tag k="power" v="tower"/>
 </node>
 <node id="9819003612" visible="true" version="1" changeset="122397620" timestamp="2022-06-15T05:20:14Z" user="Clarke22" uid="703694" lat="40.4371738" lon="-86.9159262"/>
 <node id="9819003613" visible="true" version="2" changeset="122821926" timestamp="2022-06-25T00:15:08Z" user="Clarke22" uid="703694" lat="40.4373532" lon="-86.9160648"/>
 <node id="9819003616" visible="true" version="1" changeset="122397620" timestamp="2022-06-15T05:20:14Z" user="Clarke22" uid="703694" lat="40.4380638" lon="-86.9167446"/>
 <node id="9819003617" visible="true" version="2" changeset="122821926" timestamp="2022-06-25T00:15:08Z" user="Clarke22" uid="703694" lat="40.4385767" lon="-86.9172232"/>
 <node id="9819003618" visible="true" version="2" changeset="122526532" timestamp="2022-06-17T22:48:38Z" user="Clarke22" uid="703694" lat="40.4387326" lon="-86.9174114"/>
 <node id="9819003619" visible="true" version="2" changeset="122821926" timestamp="2022-06-25T00:15:08Z" user="Clarke22" uid="703694" lat="40.4387249" lon="-86.9174700"/>
 <node id="9819003620" visible="true" version="2" changeset="122821926" timestamp="2022-06-25T00:15:08Z" user="Clarke22" uid="703694" lat="40.4386257" lon="-86.9184154"/>
 <node id="9819003666" visible="true" version="1" changeset="122397620" timestamp="2022-06-15T05:20:14Z" user="Clarke22" uid="703694" lat="40.4385462" lon="-86.9414795"/>
 <node id="9819003668" visible="true" version="1" changeset="122397620" timestamp="2022-06-15T05:20:14Z" user="Clarke22" uid="703694" lat="40.4386919" lon="-86.9432278"/>
 <node id="9819003669" visible="true" version="1" changeset="122397620" timestamp="2022-06-15T05:20:14Z" user="Clarke22" uid="703694" lat="40.4385671" lon="-86.9418556"/>
 <node id="9819003670" visible="true" version="1" changeset="122397620" timestamp="2022-06-15T05:20:14Z" user="Clarke22" uid="703694" lat="40.4386380" lon="-86.9447804"/>
 <node id="9819003671" visible="true" version="1" changeset="122397620" timestamp="2022-06-15T05:20:14Z" user="Clarke22" uid="703694" lat="40.4386942" lon="-86.9441221"/>
 <node id="9819003681" visible="true" version="1" changeset="122397620" timestamp="2022-06-15T05:20:14Z" user="Clarke22" uid="703694" lat="40.4383600" lon="-86.9460441"/>
 <node id="9819003793" visible="true" version="2" changeset="122822005" timestamp="2022-06-25T00:23:26Z" user="Clarke22" uid="703694" lat="40.4462127" lon="-86.9221840"/>
 <node id="9819003794" visible="true" version="1" changeset="122397620" timestamp="2022-06-15T05:20:14Z" user="Clarke22" uid="703694" lat="40.4466739" lon="-86.9225585"/>
 <node id="9819003795" visible="true" version="2" changeset="122822005" timestamp="2022-06-25T00:23:26Z" user="Clarke22" uid="703694" lat="40.4465716" lon="-86.9225342"/>
 <node id="9819003796" visible="true" version="2" changeset="122822005" timestamp="2022-06-25T00:23:26Z" user="Clarke22" uid="703694" lat="40.4467702" lon="-86.9225895"/>
 <node id="9819003797" visible="true" version="2" changeset="122822005" timestamp="2022-06-25T00:23:26Z" user="Clarke22" uid="703694" lat="40.4468806" lon="-86.9226748"/>
 <node id="9819003798" visible="true" version="2" changeset="122821057" timestamp="2022-06-24T22:53:42Z" user="Clarke22" uid="703694" lat="40.4469942" lon="-86.9228375"/>
 <node id="9819003799" visible="true" version="3" changeset="122822005" timestamp="2022-06-25T00:23:26Z" user="Clarke22" uid="703694" lat="40.4472610" lon="-86.9229334"/>
 <node id="9819003801" visible="true" version="3" changeset="122822005" timestamp="2022-06-25T00:23:26Z" user="Clarke22" uid="703694" lat="40.4473893" lon="-86.9230089"/>
 <node id="9819003802" visible="true" version="3" changeset="122822005" timestamp="2022-06-25T00:23:26Z" user="Clarke22" uid="703694" lat="40.4470628" lon="-86.9228708"/>
 <node id="9819003806" visible="true" version="2" changeset="122822005" timestamp="2022-06-25T00:23:26Z" user="Clarke22" uid="703694" lat="40.4468348" lon="-86.9226267"/>
 <node id="9819003818" visible="true" version="1" changeset="122397620" timestamp="2022-06-15T05:20:14Z" user="Clarke22" uid="703694" lat="40.4459867" lon="-86.9338149"/>
 <node id="9819003819" visible="true" version="2" changeset="122822023" timestamp="2022-06-25T00:26:11Z" user="Clarke22" uid="703694" lat="40.4460307" lon="-86.9245591"/>
 <node id="9819003823" visible="true" version="1" changeset="122397620" timestamp="2022-06-15T05:20:14Z" user="Clarke22" uid="703694" lat="40.4462974" lon="-86.9244234"/>
 <node id="9819003826" visible="true" version="2" changeset="122822005" timestamp="2022-06-25T00:23:26Z" user="Clarke22" uid="703694" lat="40.4388922" lon="-86.9245577"/>
 <node id="9819003827" visible="true" version="2" changeset="122526532" timestamp="2022-06-17T22:48:38Z" user="Clarke22" uid="703694" lat="40.4387624" lon="-86.9237522"/>
 <node id="9826413615" visible="true" version="1" changeset="122525177" timestamp="2022-06-17T21:30:08Z" user="Clarke22" uid="703694" lat="40.4243782" lon="-86.9360235"/>
 <node id="9826421276" visible="true" version="1" changeset="122525177" timestamp="2022-06-17T21:30:08Z" user="Clarke22" uid="703694" lat="40.4328460" lon="-86.9525139"/>
 <node id="9826421317" visible="true" version="2" changeset="125633791" timestamp="2022-09-01T02:07:52Z" user="Clarke22" uid="703694" lat="40.4221096" lon="-86.9476641"/>
 <node id="9826421318" visible="true" version="2" changeset="125633791" timestamp="2022-09-01T02:07:52Z" user="Clarke22" uid="703694" lat="40.4221218" lon="-86.9474256"/>
 <node id="9826421319" visible="true" version="2" changeset="125633791" timestamp="2022-09-01T02:07:52Z" user="Clarke22" uid="703694" lat="40.4223338" lon="-86.9495013"/>
 <node id="9826421320" visible="true" version="2" changeset="125633791" timestamp="2022-09-01T02:07:52Z" user="Clarke22" uid="703694" lat="40.4172179" lon="-86.9523470"/>
 <node id="9826421321" visible="true" version="2" changeset="125633791" timestamp="2022-09-01T02:07:52Z" user="Clarke22" uid="703694" lat="40.4170916" lon="-86.9523269"/>
 <node id="9826421322" visible="true" version="2" changeset="125633791" timestamp="2022-09-01T02:07:52Z" user="Clarke22" uid="703694" lat="40.4225702" lon="-86.9447736"/>
 <node id="9826421323" visible="true" version="2" changeset="125633791" timestamp="2022-09-01T02:07:52Z" user="Clarke22" uid="703694" lat="40.4228184" lon="-86.9438502"/>
 <node id="9826421330" visible="true" version="2" changeset="141185128" timestamp="2023-09-13T00:37:08Z" user="Clarke22" uid="703694" lat="40.4192085" lon="-86.9430019"/>
 <node id="9826421331" visible="true" version="2" changeset="136546951" timestamp="2023-05-25T14:29:36Z" user="Andros66" uid="8929524" lat="40.4194569" lon="-86.9431155"/>
 <node id="9826421332" visible="true" version="1" changeset="122525177" timestamp="2022-06-17T21:30:08Z" user="Clarke22" uid="703694" lat="40.4190995" lon="-86.9430381"/>
 <node id="9826421333" visible="true" version="2" changeset="141185128" timestamp="2023-09-13T00:37:08Z" user="Clarke22" uid="703694" lat="40.4170370" lon="-86.9430549"/>
 <node id="9826421334" visible="true" version="2" changeset="141185128" timestamp="2023-09-13T00:37:08Z" user="Clarke22" uid="703694" lat="40.4170504" lon="-86.9430225"/>
 <node id="9826421335" visible="true" version="2" changeset="141185128" timestamp="2023-09-13T00:37:08Z" user="Clarke22" uid="703694" lat="40.4170354" lon="-86.9429664"/>
 <node id="9826421336" visible="true" version="1" changeset="122525177" timestamp="2022-06-17T21:30:08Z" user="Clarke22" uid="703694" lat="40.4158974" lon="-86.9430122"/>
 <node id="9826421339" visible="true" version="2" changeset="134473739" timestamp="2023-04-03T23:36:47Z" user="Clarke22" uid="703694" lat="40.4241293" lon="-86.9308138"/>
 <node id="9826572657" visible="true" version="1" changeset="122526532" timestamp="2022-06-17T22:48:38Z" user="Clarke22" uid="703694" lat="40.4367573" lon="-86.9156870"/>
 <node id="9826572660" visible="true" version="2" changeset="122821926" timestamp="2022-06-25T00:15:08Z" user="Clarke22" uid="703694" lat="40.4348365" lon="-86.9154470"/>
 <node id="9826572661" visible="true" version="2" changeset="122821926" timestamp="2022-06-25T00:15:08Z" user="Clarke22" uid="703694" lat="40.4348003" lon="-86.9154740"/>
 <node id="9826572662" visible="true" version="2" changeset="140202363" timestamp="2023-08-21T22:12:46Z" user="Clarke22" uid="703694" lat="40.4278893" lon="-86.9105517"/>
 <node id="9826572663" visible="true" version="1" changeset="122526532" timestamp="2022-06-17T22:48:38Z" user="Clarke22" uid="703694" lat="40.4282424" lon="-86.9105340"/>
 <node id="9826572664" visible="true" version="2" changeset="141185296" timestamp="2023-09-13T00:48:34Z" user="Clarke22" uid="703694" lat="40.4240786" lon="-86.9092867"/>
 <node id="9826572665" visible="true" version="1" changeset="122526532" timestamp="2022-06-17T22:48:38Z" user="Clarke22" uid="703694" lat="40.4238851" lon="-86.9093138"/>
 <node id="9826572671" visible="true" version="1" changeset="122526532" timestamp="2022-06-17T22:48:38Z" user="Clarke22" uid="703694" lat="40.4170239" lon="-86.9103235"/>
 <node id="9826572672" visible="true" version="1" changeset="122526532" timestamp="2022-06-17T22:48:38Z" user="Clarke22" uid="703694" lat="40.4183546" lon="-86.9103818"/>
 <node id="9826572673" visible="true" version="1" changeset="122526532" timestamp="2022-06-17T22:48:38Z" user="Clarke22" uid="703694" lat="40.4183976" lon="-86.9104382"/>
 <node id="9826572674" visible="true" version="1" changeset="122526532" timestamp="2022-06-17T22:48:38Z" user="Clarke22" uid="703694" lat="40.4186073" lon="-86.9104384"/>
 <node id="9826572675" visible="true" version="1" changeset="122526532" timestamp="2022-06-17T22:48:38Z" user="Clarke22" uid="703694" lat="40.4186477" lon="-86.9103864"/>
 <node id="9826572676" visible="true" version="1" changeset="122526532" timestamp="2022-06-17T22:48:38Z" user="Clarke22" uid="703694" lat="40.4240688" lon="-86.9093030"/>
 <node id="9826614225" visible="true" version="1" changeset="122526911" timestamp="2022-06-17T23:14:16Z" user="Clarke22" uid="703694" lat="40.4342644" lon="-86.9442589"/>
 <node id="9826614226" visible="true" version="1" changeset="122526911" timestamp="2022-06-17T23:14:16Z" user="Clarke22" uid="703694" lat="40.4352006" lon="-86.9447874"/>
 <node id="9840088010" visible="true" version="1" changeset="122733657" timestamp="2022-06-23T01:37:52Z" user="Clarke22" uid="703694" lat="40.4195236" lon="-86.9218629"/>
 <node id="9840088011" visible="true" version="2" changeset="122734940" timestamp="2022-06-23T03:26:16Z" user="Clarke22" uid="703694" lat="40.4200075" lon="-86.9220350"/>
 <node id="9840179650" visible="true" version="2" changeset="122816361" timestamp="2022-06-24T19:39:55Z" user="Clarke22" uid="703694" lat="40.4197452" lon="-86.9218730"/>
 <node id="9840179651" visible="true" version="1" changeset="122734940" timestamp="2022-06-23T03:26:16Z" user="Clarke22" uid="703694" lat="40.4200304" lon="-86.9218749"/>
 <node id="9840179655" visible="true" version="1" changeset="122734940" timestamp="2022-06-23T03:26:16Z" user="Clarke22" uid="703694" lat="40.4190413" lon="-86.9221665"/>
 <node id="9840179656" visible="true" version="1" changeset="122734940" timestamp="2022-06-23T03:26:16Z" user="Clarke22" uid="703694" lat="40.4196525" lon="-86.9217828"/>
 <node id="9844662867" visible="true" version="1" changeset="122812377" timestamp="2022-06-24T17:30:53Z" user="Clarke22" uid="703694" lat="40.4203020" lon="-86.9212853"/>
 <node id="9844662868" visible="true" version="1" changeset="122812377" timestamp="2022-06-24T17:30:53Z" user="Clarke22" uid="703694" lat="40.4202183" lon="-86.9216124"/>
 <node id="9844662871" visible="true" version="1" changeset="122812377" timestamp="2022-06-24T17:30:53Z" user="Clarke22" uid="703694" lat="40.4181609" lon="-86.9241415"/>
 <node id="9844662872" visible="true" version="1" changeset="122812377" timestamp="2022-06-24T17:30:53Z" user="Clarke22" uid="703694" lat="40.4181571" lon="-86.9239447"/>
 <node id="9844662873" visible="true" version="1" changeset="122812377" timestamp="2022-06-24T17:30:53Z" user="Clarke22" uid="703694" lat="40.4183948" lon="-86.9231906"/>
 <node id="9844662874" visible="true" version="1" changeset="122812377" timestamp="2022-06-24T17:30:53Z" user="Clarke22" uid="703694" lat="40.4197276" lon="-86.9223777"/>
 <node id="9844662875" visible="true" version="1" changeset="122812377" timestamp="2022-06-24T17:30:53Z" user="Clarke22" uid="703694" lat="40.4198903" lon="-86.9223273"/>
 <node id="9844662876" visible="true" version="1" changeset="122812377" timestamp="2022-06-24T17:30:53Z" user="Clarke22" uid="703694" lat="40.4201072" lon="-86.9223262"/>
 <node id="9844662877" visible="true" version="1" changeset="122812377" timestamp="2022-06-24T17:30:53Z" user="Clarke22" uid="703694" lat="40.4205781" lon="-86.9228631"/>
 <node id="9844746409" visible="true" version="1" changeset="122813731" timestamp="2022-06-24T18:21:01Z" user="Clarke22" uid="703694" lat="40.4200613" lon="-86.9232434"/>
 <node id="9844749718" visible="true" version="1" changeset="122813731" timestamp="2022-06-24T18:21:01Z" user="Clarke22" uid="703694" lat="40.4200387" lon="-86.9223607"/>
 <node id="9844937943" visible="true" version="1" changeset="122816361" timestamp="2022-06-24T19:39:55Z" user="Clarke22" uid="703694" lat="40.4197478" lon="-86.9220286"/>
 <node id="9845460103" visible="true" version="1" changeset="122822005" timestamp="2022-06-25T00:23:26Z" user="Clarke22" uid="703694" lat="40.4504744" lon="-86.9254560"/>
 <node id="9845472654" visible="true" version="2" changeset="122822005" timestamp="2022-06-25T00:23:26Z" user="Clarke22" uid="703694" lat="40.4501672" lon="-86.9252347"/>
 <node id="9845472655" visible="true" version="1" changeset="122821057" timestamp="2022-06-24T22:53:42Z" user="Clarke22" uid="703694" lat="40.4469617" lon="-86.9228037"/>
 <node id="9845530421" visible="true" version="1" changeset="122821926" timestamp="2022-06-25T00:15:08Z" user="Clarke22" uid="703694" lat="40.4382812" lon="-86.9169566"/>
 <node id="9845530422" visible="true" version="1" changeset="122821926" timestamp="2022-06-25T00:15:08Z" user="Clarke22" uid="703694" lat="40.4387213" lon="-86.9174545"/>
 <node id="9845530423" visible="true" version="1" changeset="122821926" timestamp="2022-06-25T00:15:08Z" user="Clarke22" uid="703694" lat="40.4387328" lon="-86.9174214"/>
 <node id="9845530424" visible="true" version="1" changeset="122821926" timestamp="2022-06-25T00:15:08Z" user="Clarke22" uid="703694" lat="40.4387308" lon="-86.9173902"/>
 <node id="9845530425" visible="true" version="1" changeset="122821926" timestamp="2022-06-25T00:15:08Z" user="Clarke22" uid="703694" lat="40.4336251" lon="-86.9154296"/>
 <node id="9845530426" visible="true" version="1" changeset="122821926" timestamp="2022-06-25T00:15:08Z" user="Clarke22" uid="703694" lat="40.4335092" lon="-86.9153591"/>
 <node id="9845530430" visible="true" version="1" changeset="122821926" timestamp="2022-06-25T00:15:08Z" user="Clarke22" uid="703694" lat="40.4333125" lon="-86.9153235"/>
 <node id="9845530516" visible="true" version="1" changeset="122821926" timestamp="2022-06-25T00:15:08Z" user="Clarke22" uid="703694" lat="40.4329723" lon="-86.9153239"/>
 <node id="9943849853" visible="true" version="2" changeset="138961947" timestamp="2023-07-24T23:20:54Z" user="Clarke22" uid="703694" lat="40.4229380" lon="-86.9392542"/>
 <node id="9943849854" visible="true" version="1" changeset="124707288" timestamp="2022-08-10T00:28:31Z" user="Clarke22" uid="703694" lat="40.4219959" lon="-86.9417218"/>
 <node id="9943849855" visible="true" version="2" changeset="125633123" timestamp="2022-09-01T00:54:29Z" user="Clarke22" uid="703694" lat="40.4214232" lon="-86.9429792"/>
 <node id="9943849856" visible="true" version="1" changeset="124707288" timestamp="2022-08-10T00:28:31Z" user="Clarke22" uid="703694" lat="40.4213722" lon="-86.9430248"/>
 <node id="9943849857" visible="true" version="1" changeset="124707288" timestamp="2022-08-10T00:28:31Z" user="Clarke22" uid="703694" lat="40.4212971" lon="-86.9430517"/>
 <node id="9943849858" visible="true" version="1" changeset="124707288" timestamp="2022-08-10T00:28:31Z" user="Clarke22" uid="703694" lat="40.4208756" lon="-86.9430388"/>
 <node id="9943849859" visible="true" version="1" changeset="124707288" timestamp="2022-08-10T00:28:31Z" user="Clarke22" uid="703694" lat="40.4207903" lon="-86.9430710"/>
 <node id="9943849860" visible="true" version="1" changeset="124707288" timestamp="2022-08-10T00:28:31Z" user="Clarke22" uid="703694" lat="40.4207364" lon="-86.9431048"/>
 <node id="9943849861" visible="true" version="1" changeset="124707288" timestamp="2022-08-10T00:28:31Z" user="Clarke22" uid="703694" lat="40.4206580" lon="-86.9432121"/>
 <node id="9943849862" visible="true" version="1" changeset="124707288" timestamp="2022-08-10T00:28:31Z" user="Clarke22" uid="703694" lat="40.4203812" lon="-86.9436318"/>
 <node id="9943849863" visible="true" version="1" changeset="124707288" timestamp="2022-08-10T00:28:31Z" user="Clarke22" uid="703694" lat="40.4201011" lon="-86.9441424"/>
 <node id="9943849864" visible="true" version="1" changeset="124707288" timestamp="2022-08-10T00:28:31Z" user="Clarke22" uid="703694" lat="40.4195310" lon="-86.9451984"/>
 <node id="9943849865" visible="true" version="2" changeset="125633123" timestamp="2022-09-01T00:54:29Z" user="Clarke22" uid="703694" lat="40.4193244" lon="-86.9455609"/>
 <node id="9943849866" visible="true" version="2" changeset="125633123" timestamp="2022-09-01T00:54:29Z" user="Clarke22" uid="703694" lat="40.4191715" lon="-86.9458919"/>
 <node id="9943849867" visible="true" version="2" changeset="125633123" timestamp="2022-09-01T00:54:29Z" user="Clarke22" uid="703694" lat="40.4190813" lon="-86.9463544"/>
 <node id="9943849868" visible="true" version="2" changeset="125633123" timestamp="2022-09-01T00:54:29Z" user="Clarke22" uid="703694" lat="40.4189636" lon="-86.9474948"/>
 <node id="9943849869" visible="true" version="2" changeset="125633123" timestamp="2022-09-01T00:54:29Z" user="Clarke22" uid="703694" lat="40.4188085" lon="-86.9480972"/>
 <node id="9943849870" visible="true" version="2" changeset="125633123" timestamp="2022-09-01T00:54:29Z" user="Clarke22" uid="703694" lat="40.4184111" lon="-86.9495162"/>
 <node id="9943849871" visible="true" version="1" changeset="124707288" timestamp="2022-08-10T00:28:31Z" user="Clarke22" uid="703694" lat="40.4175434" lon="-86.9539018"/>
 <node id="9943849872" visible="true" version="2" changeset="125633123" timestamp="2022-09-01T00:54:29Z" user="Clarke22" uid="703694" lat="40.4171008" lon="-86.9567603"/>
 <node id="9964484198" visible="true" version="2" changeset="125129069" timestamp="2022-08-19T22:51:38Z" user="Clarke22" uid="703694" lat="40.4316633" lon="-86.9426386"/>
 <node id="9964849952" visible="true" version="1" changeset="125128704" timestamp="2022-08-19T22:32:24Z" user="Clarke22" uid="703694" lat="40.4218880" lon="-86.9385343"/>
 <node id="9964849953" visible="true" version="1" changeset="125128704" timestamp="2022-08-19T22:32:24Z" user="Clarke22" uid="703694" lat="40.4211189" lon="-86.9383211"/>
 <node id="9964849954" visible="true" version="1" changeset="125128704" timestamp="2022-08-19T22:32:24Z" user="Clarke22" uid="703694" lat="40.4182459" lon="-86.9329961"/>
 <node id="9964849956" visible="true" version="1" changeset="125128704" timestamp="2022-08-19T22:32:24Z" user="Clarke22" uid="703694" lat="40.4240613" lon="-86.9370150"/>
 <node id="9964849957" visible="true" version="2" changeset="138961947" timestamp="2023-07-24T23:20:54Z" user="Clarke22" uid="703694" lat="40.4240809" lon="-86.9366326"/>
 <node id="9964849958" visible="true" version="2" changeset="138961947" timestamp="2023-07-24T23:20:54Z" user="Clarke22" uid="703694" lat="40.4240784" lon="-86.9370992"/>
 <node id="9964849959" visible="true" version="2" changeset="136546951" timestamp="2023-05-25T14:29:36Z" user="Andros66" uid="8929524" lat="40.4240457" lon="-86.9386842"/>
 <node id="9964849960" visible="true" version="2" changeset="136546951" timestamp="2023-05-25T14:29:36Z" user="Andros66" uid="8929524" lat="40.4240316" lon="-86.9388037"/>
 <node id="9964849961" visible="true" version="1" changeset="125128704" timestamp="2022-08-19T22:32:24Z" user="Clarke22" uid="703694" lat="40.4240250" lon="-86.9393294"/>
 <node id="9964849962" visible="true" version="2" changeset="136546951" timestamp="2023-05-25T14:29:36Z" user="Andros66" uid="8929524" lat="40.4240827" lon="-86.9394368"/>
 <node id="9964849963" visible="true" version="1" changeset="125128704" timestamp="2022-08-19T22:32:24Z" user="Clarke22" uid="703694" lat="40.4240882" lon="-86.9384664"/>
 <node id="9964849964" visible="true" version="1" changeset="125128704" timestamp="2022-08-19T22:32:24Z" user="Clarke22" uid="703694" lat="40.4240969" lon="-86.9379144"/>
 <node id="9964849965" visible="true" version="1" changeset="125128704" timestamp="2022-08-19T22:32:24Z" user="Clarke22" uid="703694" lat="40.4240728" lon="-86.9374403"/>
 <node id="9964903040" visible="true" version="1" changeset="125129069" timestamp="2022-08-19T22:51:38Z" user="Clarke22" uid="703694" lat="40.4276243" lon="-86.9392117"/>
 <node id="9964903041" visible="true" version="1" changeset="125129069" timestamp="2022-08-19T22:51:38Z" user="Clarke22" uid="703694" lat="40.4335055" lon="-86.9438428"/>
 <node id="9964903042" visible="true" version="1" changeset="125129069" timestamp="2022-08-19T22:51:38Z" user="Clarke22" uid="703694" lat="40.4361761" lon="-86.9452121"/>
 <node id="9991779858" visible="true" version="1" changeset="125633123" timestamp="2022-09-01T00:54:29Z" user="Clarke22" uid="703694" lat="40.4168740" lon="-86.9574019"/>
 <node id="9991779859" visible="true" version="1" changeset="125633123" timestamp="2022-09-01T00:54:29Z" user="Clarke22" uid="703694" lat="40.4171958" lon="-86.9553781"/>
 <node id="9991779860" visible="true" version="1" changeset="125633123" timestamp="2022-09-01T00:54:29Z" user="Clarke22" uid="703694" lat="40.4178935" lon="-86.9525200"/>
 <node id="9991779861" visible="true" version="1" changeset="125633123" timestamp="2022-09-01T00:54:29Z" user="Clarke22" uid="703694" lat="40.4179841" lon="-86.9516900"/>
 <node id="9991779862" visible="true" version="1" changeset="125633123" timestamp="2022-09-01T00:54:29Z" user="Clarke22" uid="703694" lat="40.4218234" lon="-86.9421361"/>
 <node id="9991779863" visible="true" version="1" changeset="125633123" timestamp="2022-09-01T00:54:29Z" user="Clarke22" uid="703694" lat="40.4216499" lon="-86.9425123"/>
 <node id="9991779864" visible="true" version="1" changeset="125633123" timestamp="2022-09-01T00:54:29Z" user="Clarke22" uid="703694" lat="40.4215574" lon="-86.9426885"/>
 <node id="9991779865" visible="true" version="1" changeset="125633123" timestamp="2022-09-01T00:54:29Z" user="Clarke22" uid="703694" lat="40.4224274" lon="-86.9407049"/>
 <node id="9991808421" visible="true" version="1" changeset="125633791" timestamp="2022-09-01T02:07:52Z" user="Clarke22" uid="703694" lat="40.4232908" lon="-86.9429293"/>
 <node id="9991808422" visible="true" version="1" changeset="125633791" timestamp="2022-09-01T02:07:52Z" user="Clarke22" uid="703694" lat="40.4221647" lon="-86.9471118"/>
 <node id="9991808423" visible="true" version="1" changeset="125633791" timestamp="2022-09-01T02:07:52Z" user="Clarke22" uid="703694" lat="40.4224349" lon="-86.9456682"/>
 <node id="9991808424" visible="true" version="1" changeset="125633791" timestamp="2022-09-01T02:07:52Z" user="Clarke22" uid="703694" lat="40.4223710" lon="-86.9456675"/>
 <node id="9996240408" visible="true" version="1" changeset="125720791" timestamp="2022-09-03T02:29:23Z" user="lectrician1" uid="8900953" lat="40.4306465" lon="-86.9134899"/>
 <node id="10035284488" visible="true" version="1" changeset="126349021" timestamp="2022-09-19T00:37:48Z" user="Magick93" uid="7601836" lat="40.4168027" lon="-86.9616180"/>
 <node id="10083004950" visible="true" version="2" changeset="138961947" timestamp="2023-07-24T23:20:54Z" user="Clarke22" uid="703694" lat="40.4240825" lon="-86.9365293">
  <tag k="highway" v="crossing"/>
 </node>
 <node id="10083004951" visible="true" version="2" changeset="138961947" timestamp="2023-07-24T23:20:54Z" user="Clarke22" uid="703694" lat="40.4240820" lon="-86.9364429"/>
 <node id="10083004996" visible="true" version="2" changeset="138961947" timestamp="2023-07-24T23:20:54Z" user="Clarke22" uid="703694" lat="40.4240997" lon="-86.9337016"/>
 <node id="10083005004" visible="true" version="2" changeset="134473739" timestamp="2023-04-03T23:36:47Z" user="Clarke22" uid="703694" lat="40.4240997" lon="-86.9333603"/>
 <node id="10083014320" visible="true" version="1" changeset="127179694" timestamp="2022-10-08T02:46:45Z" user="lectrician1" uid="8900953" lat="40.4216928" lon="-86.9305618"/>
 <node id="10083014321" visible="true" version="1" changeset="127179694" timestamp="2022-10-08T02:46:45Z" user="lectrician1" uid="8900953" lat="40.4215922" lon="-86.9305607"/>
 <node id="10083014326" visible="true" version="1" changeset="127179694" timestamp="2022-10-08T02:46:45Z" user="lectrician1" uid="8900953" lat="40.4230312" lon="-86.9305618"/>
 <node id="10096356788" visible="true" version="1" changeset="127437738" timestamp="2022-10-12T21:42:50Z" user="Clarke22" uid="703694" lat="40.4301055" lon="-86.9116951"/>
 <node id="10695031848" visible="true" version="3" changeset="140232582" timestamp="2023-08-22T14:31:58Z" user="Yzzyx" uid="20028085" lat="40.4241099" lon="-86.9324926">
  <tag k="crossing" v="uncontrolled"/>
  <tag k="highway" v="crossing"/>
 </node>
 <node id="10695031859" visible="true" version="1" changeset="133047782" timestamp="2023-02-26T15:35:49Z" user="lectrician1" uid="8900953" lat="40.4192749" lon="-86.9365592"/>
 <node id="10695031860" visible="true" version="1" changeset="133047782" timestamp="2023-02-26T15:35:49Z" user="lectrician1" uid="8900953" lat="40.4217753" lon="-86.9369643"/>
 <node id="10695031861" visible="true" version="1" changeset="133047782" timestamp="2023-02-26T15:35:49Z" user="lectrician1" uid="8900953" lat="40.4206756" lon="-86.9380232"/>
 <node id="10695031862" visible="true" version="2" changeset="141184841" timestamp="2023-09-13T00:14:17Z" user="Clarke22" uid="703694" lat="40.4200193" lon="-86.9375760"/>
 <node id="10695031865" visible="true" version="1" changeset="133047782" timestamp="2023-02-26T15:35:49Z" user="lectrician1" uid="8900953" lat="40.4193567" lon="-86.9370472"/>
 <node id="10695031866" visible="true" version="1" changeset="133047782" timestamp="2023-02-26T15:35:49Z" user="lectrician1" uid="8900953" lat="40.4192385" lon="-86.9387220"/>
 <node id="10695031867" visible="true" version="1" changeset="133047782" timestamp="2023-02-26T15:35:49Z" user="lectrician1" uid="8900953" lat="40.4189678" lon="-86.9384494"/>
 <node id="10695031868" visible="true" version="1" changeset="133047782" timestamp="2023-02-26T15:35:49Z" user="lectrician1" uid="8900953" lat="40.4187385" lon="-86.9381106"/>
 <node id="10695031869" visible="true" version="1" changeset="133047782" timestamp="2023-02-26T15:35:49Z" user="lectrician1" uid="8900953" lat="40.4185788" lon="-86.9377287"/>
 <node id="10695031870" visible="true" version="1" changeset="133047782" timestamp="2023-02-26T15:35:49Z" user="lectrician1" uid="8900953" lat="40.4182799" lon="-86.9372178"/>
 <node id="10695031871" visible="true" version="1" changeset="133047782" timestamp="2023-02-26T15:35:49Z" user="lectrician1" uid="8900953" lat="40.4179687" lon="-86.9365562"/>
 <node id="10695031872" visible="true" version="1" changeset="133047782" timestamp="2023-02-26T15:35:49Z" user="lectrician1" uid="8900953" lat="40.4177490" lon="-86.9359567"/>
 <node id="10695031873" visible="true" version="1" changeset="133047782" timestamp="2023-02-26T15:35:49Z" user="lectrician1" uid="8900953" lat="40.4175909" lon="-86.9353336"/>
 <node id="10695031874" visible="true" version="1" changeset="133047782" timestamp="2023-02-26T15:35:49Z" user="lectrician1" uid="8900953" lat="40.4174892" lon="-86.9347649"/>
 <node id="10695031875" visible="true" version="1" changeset="133047782" timestamp="2023-02-26T15:35:49Z" user="lectrician1" uid="8900953" lat="40.4174252" lon="-86.9340824"/>
 <node id="10695031876" visible="true" version="1" changeset="133047782" timestamp="2023-02-26T15:35:49Z" user="lectrician1" uid="8900953" lat="40.4174177" lon="-86.9337511"/>
 <node id="10695031877" visible="true" version="1" changeset="133047782" timestamp="2023-02-26T15:35:49Z" user="lectrician1" uid="8900953" lat="40.4173650" lon="-86.9333456"/>
 <node id="10695031878" visible="true" version="1" changeset="133047782" timestamp="2023-02-26T15:35:49Z" user="lectrician1" uid="8900953" lat="40.4173273" lon="-86.9328313"/>
 <node id="10695031879" visible="true" version="1" changeset="133047782" timestamp="2023-02-26T15:35:49Z" user="lectrician1" uid="8900953" lat="40.4150231" lon="-86.9374785"/>
 <node id="10695031880" visible="true" version="1" changeset="133047782" timestamp="2023-02-26T15:35:49Z" user="lectrician1" uid="8900953" lat="40.4154239" lon="-86.9373962"/>
 <node id="10695031881" visible="true" version="1" changeset="133047782" timestamp="2023-02-26T15:35:49Z" user="lectrician1" uid="8900953" lat="40.4155863" lon="-86.9375865"/>
 <node id="10695031882" visible="true" version="1" changeset="133047782" timestamp="2023-02-26T15:35:49Z" user="lectrician1" uid="8900953" lat="40.4155863" lon="-86.9376777"/>
 <node id="10695031883" visible="true" version="1" changeset="133047782" timestamp="2023-02-26T15:35:49Z" user="lectrician1" uid="8900953" lat="40.4155495" lon="-86.9377796"/>
 <node id="10695031884" visible="true" version="1" changeset="133047782" timestamp="2023-02-26T15:35:49Z" user="lectrician1" uid="8900953" lat="40.4154638" lon="-86.9378493"/>
 <node id="10695031885" visible="true" version="1" changeset="133047782" timestamp="2023-02-26T15:35:49Z" user="lectrician1" uid="8900953" lat="40.4153046" lon="-86.9378922"/>
 <node id="10695031886" visible="true" version="1" changeset="133047782" timestamp="2023-02-26T15:35:49Z" user="lectrician1" uid="8900953" lat="40.4151658" lon="-86.9378975"/>
 <node id="10695031887" visible="true" version="1" changeset="133047782" timestamp="2023-02-26T15:35:49Z" user="lectrician1" uid="8900953" lat="40.4150433" lon="-86.9377688"/>
 <node id="10695031888" visible="true" version="1" changeset="133047782" timestamp="2023-02-26T15:35:49Z" user="lectrician1" uid="8900953" lat="40.4150065" lon="-86.9374310"/>
 <node id="10695031889" visible="true" version="1" changeset="133047782" timestamp="2023-02-26T15:35:49Z" user="lectrician1" uid="8900953" lat="40.4155310" lon="-86.9374483"/>
 <node id="10695031890" visible="true" version="1" changeset="133047782" timestamp="2023-02-26T15:35:49Z" user="lectrician1" uid="8900953" lat="40.4198336" lon="-86.9393554"/>
 <node id="10695031891" visible="true" version="1" changeset="133047782" timestamp="2023-02-26T15:35:49Z" user="lectrician1" uid="8900953" lat="40.4201223" lon="-86.9217328"/>
 <node id="10783310480" visible="true" version="1" changeset="134473739" timestamp="2023-04-03T23:36:47Z" user="Clarke22" uid="703694" lat="40.4214329" lon="-86.9339002"/>
 <node id="10783310481" visible="true" version="1" changeset="134473739" timestamp="2023-04-03T23:36:47Z" user="Clarke22" uid="703694" lat="40.4207890" lon="-86.9346988"/>
 <node id="10783310482" visible="true" version="1" changeset="134473739" timestamp="2023-04-03T23:36:47Z" user="Clarke22" uid="703694" lat="40.4205879" lon="-86.9339179"/>
 <node id="10783310483" visible="true" version="1" changeset="134473739" timestamp="2023-04-03T23:36:47Z" user="Clarke22" uid="703694" lat="40.4211595" lon="-86.9339612"/>
 <node id="10783310484" visible="true" version="1" changeset="134473739" timestamp="2023-04-03T23:36:47Z" user="Clarke22" uid="703694" lat="40.4215121" lon="-86.9349677"/>
 <node id="10926417028" visible="true" version="1" changeset="136546951" timestamp="2023-05-25T14:29:36Z" user="Andros66" uid="8929524" lat="40.4238480" lon="-86.9411585"/>
 <node id="10926417029" visible="true" version="1" changeset="136546951" timestamp="2023-05-25T14:29:36Z" user="Andros66" uid="8929524" lat="40.4240865" lon="-86.9407628"/>
 <node id="10926417039" visible="true" version="1" changeset="136546951" timestamp="2023-05-25T14:29:36Z" user="Andros66" uid="8929524" lat="40.4192735" lon="-86.9430568"/>
 <node id="10926417042" visible="true" version="1" changeset="136546951" timestamp="2023-05-25T14:29:36Z" user="Andros66" uid="8929524" lat="40.4202541" lon="-86.9437725"/>
 <node id="10926417043" visible="true" version="1" changeset="136546951" timestamp="2023-05-25T14:29:36Z" user="Andros66" uid="8929524" lat="40.4202118" lon="-86.9438497"/>
 <node id="10939880634" visible="true" version="1" changeset="136745823" timestamp="2023-05-30T13:02:50Z" user="mpatsevich_lyft" uid="12896788" lat="40.4167027" lon="-86.9393481"/>
 <node id="10939880635" visible="true" version="1" changeset="136745823" timestamp="2023-05-30T13:02:50Z" user="mpatsevich_lyft" uid="12896788" lat="40.4167043" lon="-86.9398382"/>
 <node id="10939880636" visible="true" version="1" changeset="136745823" timestamp="2023-05-30T13:02:50Z" user="mpatsevich_lyft" uid="12896788" lat="40.4162136" lon="-86.9398428"/>
 <node id="10939880637" visible="true" version="1" changeset="136745823" timestamp="2023-05-30T13:02:50Z" user="mpatsevich_lyft" uid="12896788" lat="40.4167035" lon="-86.9395971"/>
 <node id="10939880638" visible="true" version="1" changeset="136745823" timestamp="2023-05-30T13:02:50Z" user="mpatsevich_lyft" uid="12896788" lat="40.4162121" lon="-86.9395960"/>
 <node id="10997130374" visible="true" version="1" changeset="137643422" timestamp="2023-06-22T11:21:36Z" user="Emey_lyft" uid="10907417" lat="40.4145084" lon="-86.9343951"/>
 <node id="10997130375" visible="true" version="1" changeset="137643422" timestamp="2023-06-22T11:21:36Z" user="Emey_lyft" uid="10907417" lat="40.4143868" lon="-86.9343223"/>
 <node id="10997130376" visible="true" version="1" changeset="137643422" timestamp="2023-06-22T11:21:36Z" user="Emey_lyft" uid="10907417" lat="40.4141438" lon="-86.9343877"/>
 <node id="11065923531" visible="true" version="1" changeset="138961947" timestamp="2023-07-24T23:20:54Z" user="Clarke22" uid="703694" lat="40.4240877" lon="-86.9374327"/>
 <node id="11065923548" visible="true" version="2" changeset="141185128" timestamp="2023-09-13T00:37:08Z" user="Clarke22" uid="703694" lat="40.4170675" lon="-86.9304747"/>
 <node id="11065923594" visible="true" version="1" changeset="138961947" timestamp="2023-07-24T23:20:54Z" user="Clarke22" uid="703694" lat="40.4181535" lon="-86.9302938"/>
 <node id="11065923596" visible="true" version="1" changeset="138961947" timestamp="2023-07-24T23:20:54Z" user="Clarke22" uid="703694" lat="40.4210564" lon="-86.9412883"/>
 <node id="11065923597" visible="true" version="1" changeset="138961947" timestamp="2023-07-24T23:20:54Z" user="Clarke22" uid="703694" lat="40.4202577" lon="-86.9406262"/>
 <node id="11079943887" visible="true" version="1" changeset="139281478" timestamp="2023-08-01T05:56:11Z" user="Clarke22" uid="703694" lat="40.4171822" lon="-86.9242245"/>
 <node id="11135117867" visible="true" version="1" changeset="140202363" timestamp="2023-08-21T22:12:46Z" user="Clarke22" uid="703694" lat="40.4281074" lon="-86.9107363"/>
 <node id="11135117878" visible="true" version="1" changeset="140202363" timestamp="2023-08-21T22:12:46Z" user="Clarke22" uid="703694" lat="40.4279289" lon="-86.9105827"/>
 <node id="11186876854" visible="true" version="1" changeset="141184659" timestamp="2023-09-13T00:01:17Z" user="Clarke22" uid="703694" lat="40.4216456" lon="-86.9305613"/>
 <node id="11186899753" visible="true" version="1" changeset="141184902" timestamp="2023-09-13T00:19:07Z" user="Clarke22" uid="703694" lat="40.4192331" lon="-86.9274615">
  <tag k="natural" v="tree"/>
 </node>
 <node id="11186899754" visible="true" version="1" changeset="141184902" timestamp="2023-09-13T00:19:07Z" user="Clarke22" uid="703694" lat="40.4189000" lon="-86.9275601">
  <tag k="natural" v="tree"/>
 </node>
 <node id="11186899755" visible="true" version="1" changeset="141184902" timestamp="2023-09-13T00:19:07Z" user="Clarke22" uid="703694" lat="40.4191252" lon="-86.9255575">
  <tag k="natural" v="tree"/>
 </node>
 <node id="11186899759" visible="true" version="1" changeset="141184902" timestamp="2023-09-13T00:19:07Z" user="Clarke22" uid="703694" lat="40.4186343" lon="-86.9267218">
  <tag k="natural" v="tree"/>
 </node>
 <node id="11186907347" visible="true" version="1" changeset="141185128" timestamp="2023-09-13T00:37:08Z" user="Clarke22" uid="703694" lat="40.4163249" lon="-86.9220890"/>
 <node id="11186907348" visible="true" version="1" changeset="141185128" timestamp="2023-09-13T00:37:08Z" user="Clarke22" uid="703694" lat="40.4164787" lon="-86.9215319">
  <tag k="barrier" v="gate"/>
 </node>
 <node id="11186907349" visible="true" version="1" changeset="141185128" timestamp="2023-09-13T00:37:08Z" user="Clarke22" uid="703694" lat="40.4164420" lon="-86.9218263"/>
 <node id="11186907350" visible="true" version="1" changeset="141185128" timestamp="2023-09-13T00:37:08Z" user="Clarke22" uid="703694" lat="40.4167758" lon="-86.9305600"/>
 <node id="11186907351" visible="true" version="1" changeset="141185128" timestamp="2023-09-13T00:37:08Z" user="Clarke22" uid="703694" lat="40.4168310" lon="-86.9319336"/>
 <node id="11186907352" visible="true" version="1" changeset="141185128" timestamp="2023-09-13T00:37:08Z" user="Clarke22" uid="703694" lat="40.4181837" lon="-86.9384498"/>
 <node id="11186907353" visible="true" version="1" changeset="141185128" timestamp="2023-09-13T00:37:08Z" user="Clarke22" uid="703694" lat="40.4182742" lon="-86.9384845"/>
 <node id="11186907354" visible="true" version="1" changeset="141185128" timestamp="2023-09-13T00:37:08Z" user="Clarke22" uid="703694" lat="40.4179878" lon="-86.9384280"/>
 <node id="11186907355" visible="true" version="1" changeset="141185128" timestamp="2023-09-13T00:37:08Z" user="Clarke22" uid="703694" lat="40.4158470" lon="-86.9431641"/>
 <node id="11186907356" visible="true" version="1" changeset="141185128" timestamp="2023-09-13T00:37:08Z" user="Clarke22" uid="703694" lat="40.4169718" lon="-86.9432028"/>
 <node id="11186907357" visible="true" version="1" changeset="141185128" timestamp="2023-09-13T00:37:08Z" user="Clarke22" uid="703694" lat="40.4169694" lon="-86.9434674"/>
 <node id="11186907358" visible="true" version="1" changeset="141185128" timestamp="2023-09-13T00:37:08Z" user="Clarke22" uid="703694" lat="40.4168688" lon="-86.9472479"/>
 <node id="11186907359" visible="true" version="1" changeset="141185128" timestamp="2023-09-13T00:37:08Z" user="Clarke22" uid="703694" lat="40.4158363" lon="-86.9477166"/>
 <node id="11186907360" visible="true" version="1" changeset="141185128" timestamp="2023-09-13T00:37:08Z" user="Clarke22" uid="703694" lat="40.4170081" lon="-86.9468973"/>
 <node id="11186907361" visible="true" version="1" changeset="141185128" timestamp="2023-09-13T00:37:08Z" user="Clarke22" uid="703694" lat="40.4170349" lon="-86.9432488"/>
 <node id="11186907362" visible="true" version="1" changeset="141185128" timestamp="2023-09-13T00:37:08Z" user="Clarke22" uid="703694" lat="40.4169572" lon="-86.9429980"/>
 <way id="5327185" visible="true" version="10" changeset="112758258" timestamp="2021-10-20T18:45:51Z" user="riiga" uid="83501">
  <nd ref="37969773"/>
  <nd ref="2182935336"/>
  <nd ref="5889476999"/>
  <nd ref="5889476998"/>
  <nd ref="5889476997"/>
  <nd ref="37969774"/>
  <nd ref="5889476996"/>
  <nd ref="5889476323"/>
  <nd ref="5889476324"/>
  <nd ref="5889476326"/>
  <nd ref="5889476325"/>
  <nd ref="2182935335"/>
  <nd ref="5889476322"/>
  <nd ref="37969786"/>
  <nd ref="5889476321"/>
  <nd ref="9188154145"/>
  <nd ref="2458102299"/>
  <tag k="highway" v="residential"/>
  <tag k="tiger:cfcc" v="A41"/>
  <tag k="tiger:county" v="Tippecanoe, IN"/>
  <tag k="tiger:reviewed" v="no"/>
 </way>
 <way id="5327951" visible="true" version="13" changeset="122247959" timestamp="2022-06-11T12:47:13Z" user="the_edge01" uid="14100502">
  <nd ref="5886015041"/>
  <nd ref="37977680"/>
  <nd ref="5886015042"/>
  <nd ref="5886015043"/>
  <nd ref="5886015044"/>
  <nd ref="37977681"/>
  <nd ref="5886015045"/>
  <nd ref="5886015046"/>
  <nd ref="5886015050"/>
  <nd ref="5886015048"/>
  <nd ref="5886015049"/>
  <nd ref="5886015047"/>
  <nd ref="5886015052"/>
  <nd ref="5886015051"/>
  <nd ref="5886015053"/>
  <nd ref="37977689"/>
  <nd ref="5886027057"/>
  <nd ref="5886027058"/>
  <nd ref="5886027059"/>
  <nd ref="37977696"/>
  <nd ref="5886027060"/>
  <nd ref="5886027061"/>
  <nd ref="5886027062"/>
  <nd ref="37977699"/>
  <nd ref="5886027063"/>
  <nd ref="5886027064"/>
  <tag k="operator" v="Duke Energy"/>
  <tag k="operator:wikidata" v="Q1264404"/>
  <tag k="power" v="line"/>
  <tag k="tiger:reviewed" v="no"/>
  <tag k="voltage" v="138000"/>
 </way>
 <way id="5328019" visible="true" version="4" changeset="112671985" timestamp="2021-10-18T22:03:23Z" user="riiga" uid="83501">
  <nd ref="37978637"/>
  <nd ref="3060788298"/>
  <nd ref="9181364457"/>
  <nd ref="9181364456"/>
  <nd ref="3060788299"/>
  <nd ref="9181364455"/>
  <nd ref="9181364454"/>
  <nd ref="9181364453"/>
  <nd ref="9181364452"/>
  <nd ref="3060788300"/>
  <nd ref="37978640"/>
  <nd ref="9181364451"/>
  <nd ref="37978641"/>
  <nd ref="9181364450"/>
  <nd ref="37978644"/>
  <nd ref="9181364449"/>
  <nd ref="9181364448"/>
  <nd ref="9181364447"/>
  <nd ref="37978646"/>
  <nd ref="37978649"/>
  <nd ref="9181364446"/>
  <nd ref="9181364445"/>
  <nd ref="37978651"/>
  <nd ref="9181364444"/>
  <nd ref="9181364443"/>
  <nd ref="9181364442"/>
  <nd ref="9181364441"/>
  <nd ref="9181364440"/>
  <nd ref="9181364439"/>
  <nd ref="3060788301"/>
  <nd ref="9181364438"/>
  <nd ref="9181364437"/>
  <nd ref="3060788296"/>
  <nd ref="8060713018"/>
  <nd ref="8060713019"/>
  <nd ref="8060713020"/>
  <nd ref="8060713021"/>
  <nd ref="8060713022"/>
  <nd ref="8060713023"/>
  <nd ref="8060713024"/>
  <nd ref="8060713025"/>
  <nd ref="8060713026"/>
  <nd ref="8060713027"/>
  <nd ref="9181364432"/>
  <nd ref="8060713028"/>
  <nd ref="8060713029"/>
  <nd ref="8060713030"/>
  <nd ref="8060713031"/>
  <nd ref="9181364431"/>
  <nd ref="8060713032"/>
  <nd ref="8060713033"/>
  <nd ref="8060713034"/>
  <nd ref="9181364430"/>
  <nd ref="9181364429"/>
  <nd ref="8060713035"/>
  <nd ref="8060713036"/>
  <nd ref="8060713037"/>
  <nd ref="9181364428"/>
  <nd ref="8060713038"/>
  <tag k="highway" v="service"/>
  <tag k="surface" v="unpaved"/>
  <tag k="tiger:cfcc" v="A41"/>
  <tag k="tiger:county" v="Tippecanoe, IN"/>
  <tag k="tiger:reviewed" v="no"/>
 </way>
 <way id="5328965" visible="true" version="10" changeset="93205576" timestamp="2020-10-29T00:55:53Z" user="indianajoe" uid="507149">
  <nd ref="37986896"/>
  <nd ref="37986898"/>
  <nd ref="5889302072"/>
  <nd ref="37986901"/>
  <nd ref="5889302078"/>
  <nd ref="5889302079"/>
  <nd ref="5889302077"/>
  <nd ref="5889302076"/>
  <nd ref="5889302075"/>
  <nd ref="5889302074"/>
  <nd ref="5889302073"/>
  <nd ref="37986917"/>
  <nd ref="660557784"/>
  <nd ref="5889280355"/>
  <nd ref="5889280356"/>
  <nd ref="37986919"/>
  <nd ref="5889280359"/>
  <nd ref="5889280361"/>
  <nd ref="5889280362"/>
  <nd ref="5889280360"/>
  <nd ref="5889280351"/>
  <nd ref="5889280358"/>
  <nd ref="5889280352"/>
  <nd ref="5889280354"/>
  <nd ref="5889280353"/>
  <nd ref="660557785"/>
  <nd ref="5889280350"/>
  <nd ref="37986921"/>
  <tag k="highway" v="residential"/>
  <tag k="name" v="South Aviation Drive"/>
  <tag k="surface" v="unpaved"/>
  <tag k="tiger:cfcc" v="A41"/>
  <tag k="tiger:county" v="Tippecanoe, IN"/>
  <tag k="tiger:reviewed" v="no"/>
 </way>
 <way id="5328978" visible="true" version="4" changeset="93205417" timestamp="2020-10-29T00:42:43Z" user="indianajoe" uid="507149">
  <nd ref="37986919"/>
  <nd ref="5889280357"/>
  <nd ref="5889280369"/>
  <nd ref="5889280370"/>
  <nd ref="5889280368"/>
  <nd ref="37987036"/>
  <nd ref="5889280371"/>
  <nd ref="5889280372"/>
  <nd ref="5889280365"/>
  <nd ref="5889280366"/>
  <nd ref="5889280367"/>
  <nd ref="5889280364"/>
  <nd ref="5889280363"/>
  <nd ref="5889280373"/>
  <nd ref="5889280374"/>
  <nd ref="5889280375"/>
  <nd ref="660557781"/>
  <nd ref="5889280377"/>
  <nd ref="5889280376"/>
  <nd ref="5889280378"/>
  <nd ref="5889280381"/>
  <nd ref="5889280380"/>
  <nd ref="5889280379"/>
  <nd ref="5889280383"/>
  <nd ref="5889280382"/>
  <nd ref="37987039"/>
  <nd ref="37987041"/>
  <nd ref="37987045"/>
  <nd ref="37987046"/>
  <nd ref="37987048"/>
  <nd ref="37987049"/>
  <nd ref="37987052"/>
  <nd ref="5889280600"/>
  <nd ref="37987055"/>
  <nd ref="37987059"/>
  <nd ref="5889280592"/>
  <nd ref="5889280591"/>
  <nd ref="5889280593"/>
  <nd ref="5889280595"/>
  <nd ref="5889280594"/>
  <nd ref="5889280596"/>
  <nd ref="5889280597"/>
  <nd ref="5889280598"/>
  <nd ref="37987062"/>
  <nd ref="5889280599"/>
  <nd ref="37987065"/>
  <nd ref="5889280588"/>
  <nd ref="8060708933"/>
  <nd ref="8060708934"/>
  <nd ref="8060708935"/>
  <tag k="highway" v="track"/>
  <tag k="tiger:cfcc" v="A41"/>
  <tag k="tiger:county" v="Tippecanoe, IN"/>
  <tag k="tiger:reviewed" v="no"/>
 </way>
 <way id="5329199" visible="true" version="7" changeset="100166734" timestamp="2021-03-01T04:16:29Z" user="inagans" uid="10192109">
  <nd ref="37978734"/>
  <nd ref="8474293586"/>
  <nd ref="8474293598"/>
  <nd ref="37989144"/>
  <nd ref="660557783"/>
  <nd ref="8011527515"/>
  <nd ref="37989147"/>
  <nd ref="8011527542"/>
  <nd ref="37989167"/>
  <nd ref="37989170"/>
  <nd ref="5889307700"/>
  <nd ref="37989175"/>
  <nd ref="5889307699"/>
  <nd ref="5889307702"/>
  <nd ref="5889307701"/>
  <nd ref="37989185"/>
  <nd ref="5889307698"/>
  <nd ref="5889307697"/>
  <nd ref="5889307696"/>
  <nd ref="37989197"/>
  <nd ref="5889307689"/>
  <nd ref="5889307692"/>
  <nd ref="5889307691"/>
  <nd ref="5889307690"/>
  <nd ref="5889307688"/>
  <nd ref="5889307687"/>
  <nd ref="5889307693"/>
  <nd ref="5889307695"/>
  <nd ref="5889307694"/>
  <nd ref="37989200"/>
  <nd ref="5889307685"/>
  <nd ref="5889307686"/>
  <nd ref="5889302084"/>
  <nd ref="5889302083"/>
  <nd ref="5889302080"/>
  <nd ref="5889302081"/>
  <nd ref="5889302082"/>
  <nd ref="37986896"/>
  <tag k="highway" v="residential"/>
  <tag k="surface" v="unpaved"/>
  <tag k="tiger:cfcc" v="A41"/>
  <tag k="tiger:county" v="Tippecanoe, IN"/>
  <tag k="tiger:reviewed" v="no"/>
 </way>
 <way id="5329221" visible="true" version="3" changeset="93205417" timestamp="2020-10-29T00:42:43Z" user="indianajoe" uid="507149">
  <nd ref="37989495"/>
  <nd ref="660557782"/>
  <nd ref="37978734"/>
  <tag k="highway" v="track"/>
  <tag k="tiger:cfcc" v="A41"/>
  <tag k="tiger:county" v="Tippecanoe, IN"/>
  <tag k="tiger:reviewed" v="no"/>
 </way>
 <way id="5329275" visible="true" version="7" changeset="93205576" timestamp="2020-10-29T00:55:53Z" user="indianajoe" uid="507149">
  <nd ref="37969838"/>
  <nd ref="5889280328"/>
  <nd ref="5889280327"/>
  <nd ref="5889280329"/>
  <nd ref="3733719816"/>
  <nd ref="5889280332"/>
  <nd ref="5889280331"/>
  <nd ref="5889280330"/>
  <nd ref="5889280333"/>
  <nd ref="5889280334"/>
  <nd ref="37990038"/>
  <nd ref="5889280335"/>
  <nd ref="660557797"/>
  <nd ref="5889280337"/>
  <nd ref="5889280338"/>
  <nd ref="5889280336"/>
  <nd ref="5889280339"/>
  <nd ref="5889280340"/>
  <nd ref="5889280341"/>
  <nd ref="660557795"/>
  <nd ref="5889280343"/>
  <nd ref="5889280344"/>
  <nd ref="5889280342"/>
  <nd ref="660557794"/>
  <nd ref="5889280349"/>
  <nd ref="5889280347"/>
  <nd ref="5889280348"/>
  <nd ref="5889280346"/>
  <nd ref="660557793"/>
  <nd ref="5889280345"/>
  <nd ref="37986921"/>
  <tag k="highway" v="residential"/>
  <tag k="name" v="South Aviation Drive"/>
  <tag k="surface" v="unpaved"/>
  <tag k="tiger:cfcc" v="A41"/>
  <tag k="tiger:county" v="Tippecanoe, IN"/>
  <tag k="tiger:reviewed" v="no"/>
 </way>
 <way id="5331868" visible="true" version="8" changeset="142265808" timestamp="2023-10-07T13:10:22Z" user="Luke46060" uid="20186467">
  <nd ref="3613555169"/>
  <nd ref="3613555170"/>
  <nd ref="3613555171"/>
  <nd ref="38018080"/>
  <nd ref="8064706121"/>
  <nd ref="8601304757"/>
  <nd ref="8060708936"/>
  <tag k="highway" v="residential"/>
  <tag k="name" v="South Sharon Chapel Road"/>
  <tag k="surface" v="asphalt"/>
  <tag k="tiger:cfcc" v="A41"/>
  <tag k="tiger:county" v="Tippecanoe, IN"/>
  <tag k="tiger:name_base" v="Sharon Chapel"/>
  <tag k="tiger:name_direction_prefix" v="S"/>
  <tag k="tiger:name_type" v="Rd"/>
  <tag k="tiger:reviewed" v="no"/>
  <tag k="tiger:zip_left" v="47906"/>
  <tag k="tiger:zip_right" v="47906"/>
 </way>
 <way id="5332303" visible="true" version="24" changeset="141271019" timestamp="2023-09-14T18:19:33Z" user="Clarke22" uid="703694">
  <nd ref="38008442"/>
  <nd ref="7518516124"/>
  <nd ref="10083014326"/>
  <nd ref="38021323"/>
  <nd ref="6660551653"/>
  <nd ref="10083014320"/>
  <nd ref="11186876854"/>
  <nd ref="10083014321"/>
  <nd ref="6665373138"/>
  <nd ref="37970669"/>
  <nd ref="38021346"/>
  <nd ref="6660662188"/>
  <nd ref="9542996600"/>
  <nd ref="6660662191"/>
  <nd ref="9542996793"/>
  <nd ref="8223417636"/>
  <nd ref="9181296095"/>
  <nd ref="3262580842"/>
  <nd ref="3262580841"/>
  <tag k="highway" v="tertiary"/>
  <tag k="maxspeed" v="30 mph"/>
  <tag k="name" v="Airport Road"/>
  <tag k="old_ref" v="SR 526"/>
  <tag k="tiger:cfcc" v="A31"/>
  <tag k="tiger:name_base" v="Airport"/>
  <tag k="tiger:name_type" v="Rd"/>
  <tag k="tiger:reviewed" v="yes"/>
 </way>
 <way id="5332974" visible="true" version="5" changeset="122525177" timestamp="2022-06-17T21:30:08Z" user="Clarke22" uid="703694">
  <nd ref="37978637"/>
  <nd ref="9826421321"/>
  <nd ref="9826421320"/>
  <nd ref="38001751"/>
  <nd ref="38026763"/>
  <nd ref="38004762"/>
  <nd ref="8603044486"/>
  <nd ref="9826421276"/>
  <nd ref="38014556"/>
  <tag k="highway" v="residential"/>
  <tag k="name" v="North Sharon Chapel Road"/>
  <tag k="tiger:cfcc" v="A41"/>
  <tag k="tiger:county" v="Tippecanoe, IN"/>
  <tag k="tiger:name_base" v="Sharon Chapel"/>
  <tag k="tiger:name_direction_prefix" v="N"/>
  <tag k="tiger:name_type" v="Rd"/>
  <tag k="tiger:reviewed" v="no"/>
  <tag k="tiger:zip_left" v="47906"/>
  <tag k="tiger:zip_right" v="47906"/>
 </way>
 <way id="5333697" visible="true" version="16" changeset="122691812" timestamp="2022-06-22T05:02:47Z" user="Clarke22" uid="703694">
  <nd ref="38033088"/>
  <nd ref="8751953920"/>
  <nd ref="3059842685"/>
  <nd ref="3059842686"/>
  <nd ref="3059842687"/>
  <nd ref="3059842688"/>
  <nd ref="660557789"/>
  <nd ref="8751953917"/>
  <nd ref="8475669047"/>
  <nd ref="8475669044"/>
  <nd ref="8751929014"/>
  <nd ref="6660739807"/>
  <nd ref="8751929011"/>
  <nd ref="6660739804"/>
  <nd ref="8751929005"/>
  <nd ref="3059842689"/>
  <nd ref="3059842690"/>
  <nd ref="38033091"/>
  <nd ref="3059842691"/>
  <nd ref="660557788"/>
  <nd ref="8751705408"/>
  <nd ref="9522984317"/>
  <nd ref="3059842692"/>
  <nd ref="9522981313"/>
  <nd ref="3059842695"/>
  <nd ref="9522981312"/>
  <nd ref="3059842694"/>
  <nd ref="3059842693"/>
  <nd ref="8751708530"/>
  <nd ref="38033093"/>
  <tag k="highway" v="residential"/>
  <tag k="maxspeed" v="20 mph"/>
  <tag k="name" v="Arnold Drive"/>
  <tag k="tiger:cfcc" v="A41"/>
  <tag k="tiger:county" v="Tippecanoe, IN"/>
  <tag k="tiger:name_base" v="Arnold"/>
  <tag k="tiger:name_type" v="Dr"/>
  <tag k="tiger:reviewed" v="no"/>
  <tag k="tiger:zip_left" v="47906"/>
  <tag k="tiger:zip_right" v="47906"/>
 </way>
 <way id="5333987" visible="true" version="8" changeset="148590414" timestamp="2024-03-13T12:05:13Z" user="whazen" uid="18632776">
  <nd ref="38035472"/>
  <nd ref="37978947"/>
  <nd ref="5889249707"/>
  <nd ref="5889249708"/>
  <nd ref="5889249709"/>
  <nd ref="660557777"/>
  <nd ref="5889240933"/>
  <nd ref="5889302066"/>
  <nd ref="5889302069"/>
  <nd ref="5889302068"/>
  <nd ref="5889302067"/>
  <nd ref="5889302071"/>
  <nd ref="5889302070"/>
  <nd ref="38035475"/>
  <nd ref="5889302065"/>
  <nd ref="5889302064"/>
  <nd ref="37978967"/>
  <nd ref="37978888"/>
  <nd ref="5889302062"/>
  <nd ref="5889302063"/>
  <nd ref="660557779"/>
  <nd ref="5889302061"/>
  <nd ref="5889302058"/>
  <nd ref="5889302059"/>
  <nd ref="5889302060"/>
  <nd ref="660557778"/>
  <nd ref="37989170"/>
  <tag k="highway" v="residential"/>
  <tag k="name" v="Allison Road"/>
  <tag k="surface" v="unpaved"/>
  <tag k="tiger:cfcc" v="A41"/>
  <tag k="tiger:county" v="Tippecanoe, IN"/>
  <tag k="tiger:name_base" v="Allison"/>
  <tag k="tiger:name_type" v="Rd"/>
  <tag k="tiger:reviewed" v="no"/>
 </way>
 <way id="45378387" visible="true" version="5" changeset="100010816" timestamp="2021-02-26T02:00:12Z" user="Sfriniks" uid="11810703">
  <nd ref="577079105"/>
  <nd ref="877225717"/>
  <nd ref="877225785"/>
  <nd ref="877225791"/>
  <nd ref="877225740"/>
  <nd ref="877225748"/>
  <nd ref="7194508979"/>
  <nd ref="877225712"/>
  <nd ref="877225642"/>
  <nd ref="577079110"/>
  <tag k="aeroway" v="runway"/>
  <tag k="length" v="2011.7"/>
  <tag k="ref" v="10/28"/>
  <tag k="surface" v="paved"/>
  <tag k="width" v="45.72"/>
 </way>
 <way id="45378388" visible="true" version="5" changeset="100010816" timestamp="2021-02-26T02:00:12Z" user="Sfriniks" uid="11810703">
  <nd ref="577079118"/>
  <nd ref="8459651028"/>
  <nd ref="877225633"/>
  <nd ref="877225730"/>
  <nd ref="7194508979"/>
  <nd ref="877225772"/>
  <nd ref="577079122"/>
  <tag k="aeroway" v="runway"/>
  <tag k="length" v="1287.8"/>
  <tag k="ref" v="5/23"/>
  <tag k="surface" v="paved"/>
  <tag k="width" v="30.48"/>
 </way>
 <way id="51758181" visible="true" version="18" changeset="122733657" timestamp="2022-06-23T01:37:52Z" user="Clarke22" uid="703694">
  <nd ref="37994983"/>
  <nd ref="3066635897"/>
  <nd ref="1269942939"/>
  <nd ref="8460166471"/>
  <nd ref="9522984350"/>
  <nd ref="8460166470"/>
  <nd ref="9522984335"/>
  <nd ref="9522984339"/>
  <nd ref="9522984338"/>
  <nd ref="846532779"/>
  <nd ref="9522984368"/>
  <nd ref="6694155946"/>
  <nd ref="6694155945"/>
  <nd ref="9522984364"/>
  <nd ref="6694155944"/>
  <nd ref="9522984362"/>
  <nd ref="8460166488"/>
  <nd ref="846532778"/>
  <tag k="highway" v="service"/>
  <tag k="maxspeed" v="15 mph"/>
  <tag k="name" v="Gates Road"/>
  <tag k="tiger:cfcc" v="A41"/>
  <tag k="tiger:county" v="Tippecanoe, IN"/>
  <tag k="tiger:name_base" v="Gates"/>
  <tag k="tiger:name_type" v="Rd"/>
  <tag k="tiger:reviewed" v="no"/>
 </way>
 <way id="74143797" visible="true" version="83" changeset="141185128" timestamp="2023-09-13T00:37:08Z" user="Clarke22" uid="703694">
  <nd ref="9573487867"/>
  <nd ref="9681501415"/>
  <nd ref="9681501416"/>
  <nd ref="9581926668"/>
  <nd ref="9826572675"/>
  <nd ref="9826572674"/>
  <nd ref="9826572673"/>
  <nd ref="9826572672"/>
  <nd ref="9826572671"/>
  <nd ref="877091536"/>
  <nd ref="877091537"/>
  <nd ref="877091539"/>
  <nd ref="877091542"/>
  <nd ref="8061369847"/>
  <nd ref="8061369846"/>
  <nd ref="8061369845"/>
  <nd ref="8061369844"/>
  <nd ref="8061369843"/>
  <nd ref="8061369842"/>
  <nd ref="8061369841"/>
  <nd ref="877091545"/>
  <nd ref="8061369840"/>
  <nd ref="8061369839"/>
  <nd ref="877091547"/>
  <nd ref="877091550"/>
  <nd ref="877091552"/>
  <nd ref="877091553"/>
  <nd ref="877091555"/>
  <nd ref="877091557"/>
  <nd ref="877091558"/>
  <nd ref="877091559"/>
  <nd ref="877091560"/>
  <nd ref="9181364434"/>
  <nd ref="877091561"/>
  <nd ref="877091569"/>
  <nd ref="877091574"/>
  <nd ref="877091576"/>
  <nd ref="9181364435"/>
  <nd ref="9826421336"/>
  <nd ref="11186907362"/>
  <nd ref="9826421335"/>
  <nd ref="9826421330"/>
  <nd ref="877091578"/>
  <nd ref="877091580"/>
  <nd ref="10926417028"/>
  <nd ref="877091582"/>
  <nd ref="10926417029"/>
  <nd ref="9181364283"/>
  <nd ref="9181364284"/>
  <nd ref="4332674436"/>
  <nd ref="9964849962"/>
  <nd ref="9964849961"/>
  <nd ref="9964849960"/>
  <nd ref="9964849959"/>
  <nd ref="9181364282"/>
  <nd ref="9964849963"/>
  <nd ref="9964849964"/>
  <nd ref="9964849965"/>
  <nd ref="9964849956"/>
  <nd ref="9181364281"/>
  <nd ref="9826413615"/>
  <nd ref="5886033198"/>
  <nd ref="3060815171"/>
  <nd ref="8221304398"/>
  <nd ref="3060815160"/>
  <nd ref="8518175811"/>
  <nd ref="8518175810"/>
  <nd ref="9964903040"/>
  <nd ref="7692754703"/>
  <nd ref="9964484198"/>
  <nd ref="9964903041"/>
  <nd ref="9826614225"/>
  <nd ref="9826614226"/>
  <nd ref="9964903042"/>
  <nd ref="9819003681"/>
  <nd ref="2869840666"/>
  <nd ref="9819003670"/>
  <nd ref="9819003671"/>
  <nd ref="7692740619"/>
  <nd ref="9819003668"/>
  <nd ref="9819003669"/>
  <nd ref="9819003666"/>
  <nd ref="877091588"/>
  <nd ref="3060815274"/>
  <nd ref="3060815263"/>
  <nd ref="3060815264"/>
  <nd ref="877091589"/>
  <nd ref="9819003818"/>
  <nd ref="877091593"/>
  <nd ref="5270618718"/>
  <nd ref="2059504569"/>
  <nd ref="877091596"/>
  <nd ref="877091599"/>
  <nd ref="9845460103"/>
  <nd ref="9845472654"/>
  <nd ref="9819003801"/>
  <nd ref="9819003799"/>
  <nd ref="9819003802"/>
  <nd ref="9819003798"/>
  <nd ref="9845472655"/>
  <nd ref="9819003797"/>
  <nd ref="9819003806"/>
  <nd ref="9819003796"/>
  <nd ref="9819003794"/>
  <nd ref="9819003795"/>
  <nd ref="9819003793"/>
  <nd ref="9819003823"/>
  <nd ref="877091606"/>
  <nd ref="9819003819"/>
  <nd ref="2059504587"/>
  <nd ref="9819003826"/>
  <nd ref="877091607"/>
  <nd ref="9819003827"/>
  <nd ref="2059504614"/>
  <nd ref="9681506223"/>
  <nd ref="9819003620"/>
  <nd ref="9681506221"/>
  <nd ref="9819003619"/>
  <nd ref="9845530422"/>
  <nd ref="9681506220"/>
  <nd ref="9845530423"/>
  <nd ref="9819003618"/>
  <nd ref="9845530424"/>
  <nd ref="877091610"/>
  <nd ref="9819003617"/>
  <nd ref="9845530421"/>
  <nd ref="9819003616"/>
  <nd ref="9819003613"/>
  <nd ref="877091611"/>
  <nd ref="9819003612"/>
  <nd ref="877091612"/>
  <nd ref="9826572657"/>
  <nd ref="877091614"/>
  <nd ref="877091616"/>
  <nd ref="9826572660"/>
  <nd ref="9826572661"/>
  <nd ref="9845530425"/>
  <nd ref="9845530426"/>
  <nd ref="9845530430"/>
  <nd ref="9845530516"/>
  <nd ref="877091620"/>
  <nd ref="8677107244"/>
  <nd ref="877091504"/>
  <nd ref="8677107243"/>
  <nd ref="9684279253"/>
  <nd ref="8677107218"/>
  <nd ref="8677107219"/>
  <nd ref="8677107220"/>
  <nd ref="9683375535"/>
  <nd ref="9683375534"/>
  <nd ref="9684279243"/>
  <nd ref="9683375533"/>
  <nd ref="9996240408"/>
  <nd ref="877091513"/>
  <nd ref="877091515"/>
  <nd ref="8642108118"/>
  <nd ref="877091522"/>
  <nd ref="9681506219"/>
  <nd ref="8677094715"/>
  <nd ref="10096356788"/>
  <nd ref="877091525"/>
  <nd ref="8677094711"/>
  <nd ref="8677094710"/>
  <nd ref="877091527"/>
  <nd ref="8642104103"/>
  <nd ref="9826572663"/>
  <nd ref="11135117867"/>
  <nd ref="11135117878"/>
  <nd ref="9826572662"/>
  <nd ref="8642104105"/>
  <nd ref="877091528"/>
  <nd ref="9681506218"/>
  <nd ref="9681506217"/>
  <nd ref="8612165814"/>
  <nd ref="877091530"/>
  <nd ref="9826572664"/>
  <nd ref="9826572676"/>
  <nd ref="9826572665"/>
  <nd ref="9573487867"/>
 </way>
 <way id="74159790" visible="true" version="11" changeset="141185128" timestamp="2023-09-13T00:37:08Z" user="Clarke22" uid="703694">
  <nd ref="877219880"/>
  <nd ref="9181364373"/>
  <nd ref="9181364374"/>
  <nd ref="9181364375"/>
  <nd ref="9181364376"/>
  <nd ref="877219881"/>
  <nd ref="9181364320"/>
  <nd ref="877219882"/>
  <nd ref="877219883"/>
  <nd ref="877219884"/>
  <nd ref="9181364377"/>
  <nd ref="877219885"/>
  <nd ref="877219888"/>
  <nd ref="877219889"/>
  <nd ref="877219891"/>
  <nd ref="877219894"/>
  <nd ref="9181364348"/>
  <nd ref="877219896"/>
  <nd ref="9181364379"/>
  <nd ref="9181364378"/>
  <nd ref="877219898"/>
  <nd ref="877219900"/>
  <nd ref="877219903"/>
  <nd ref="877219904"/>
  <nd ref="877219906"/>
  <nd ref="877219907"/>
  <nd ref="9181364380"/>
  <nd ref="877219908"/>
  <nd ref="877219909"/>
  <nd ref="877219910"/>
  <nd ref="877219911"/>
  <nd ref="877219913"/>
  <nd ref="877219914"/>
  <nd ref="5688548911"/>
  <nd ref="37978637"/>
  <nd ref="877219916"/>
  <nd ref="9181364458"/>
  <nd ref="11186907359"/>
  <nd ref="877219917"/>
  <nd ref="877219919"/>
  <nd ref="9181364436"/>
  <nd ref="9181364435"/>
  <nd ref="877091576"/>
  <nd ref="877091574"/>
  <nd ref="877091569"/>
  <nd ref="877091561"/>
  <nd ref="9181364434"/>
  <nd ref="9181364428"/>
  <nd ref="9181364433"/>
  <nd ref="877219927"/>
  <nd ref="877219928"/>
  <nd ref="877219929"/>
  <nd ref="877219880"/>
  <tag k="aeroway" v="aerodrome"/>
  <tag k="faa" v="LAF"/>
  <tag k="iata" v="LAF"/>
  <tag k="icao" v="KLAF"/>
  <tag k="name" v="Purdue University Airport"/>
  <tag k="wikidata" v="Q7260984"/>
 </way>
 <way id="74163115" visible="true" version="3" changeset="100010816" timestamp="2021-02-26T02:00:12Z" user="Sfriniks" uid="11810703">
  <nd ref="877225679"/>
  <nd ref="8459651066"/>
  <nd ref="877225632"/>
  <nd ref="877225633"/>
  <nd ref="877225634"/>
  <nd ref="877225635"/>
  <tag k="aeroway" v="taxiway"/>
  <tag k="ref" v="A"/>
 </way>
 <way id="74163117" visible="true" version="3" changeset="100010816" timestamp="2021-02-26T02:00:12Z" user="Sfriniks" uid="11810703">
  <nd ref="877225677"/>
  <nd ref="8459616499"/>
  <nd ref="8459651065"/>
  <nd ref="877225632"/>
  <tag k="aeroway" v="taxiway"/>
  <tag k="ref" v="B2"/>
 </way>
 <way id="74163121" visible="true" version="2" changeset="25247765" timestamp="2014-09-05T12:54:12Z" user="lrhill" uid="1813535">
  <nd ref="877225648"/>
  <nd ref="877225649"/>
  <nd ref="877225650"/>
  <nd ref="877225655"/>
  <nd ref="3060804434"/>
  <nd ref="3060804433"/>
  <nd ref="3060802032"/>
  <nd ref="3060802027"/>
  <nd ref="3060802028"/>
  <nd ref="3060802030"/>
  <nd ref="3060802029"/>
  <nd ref="3060802031"/>
  <nd ref="877225648"/>
  <tag k="aeroway" v="apron"/>
 </way>
 <way id="74163129" visible="true" version="6" changeset="112671985" timestamp="2021-10-18T22:03:23Z" user="riiga" uid="83501">
  <nd ref="877225662"/>
  <nd ref="3060804445"/>
  <nd ref="3060804481"/>
  <nd ref="3060804482"/>
  <nd ref="3060810051"/>
  <nd ref="3060810052"/>
  <nd ref="3060810061"/>
  <nd ref="3060810060"/>
  <nd ref="3060810059"/>
  <nd ref="3060810055"/>
  <nd ref="3060810056"/>
  <nd ref="3060810058"/>
  <nd ref="3060810057"/>
  <nd ref="3060810054"/>
  <nd ref="3060810053"/>
  <nd ref="3060804483"/>
  <nd ref="877225664"/>
  <nd ref="3060804451"/>
  <nd ref="3060804479"/>
  <nd ref="3060804480"/>
  <nd ref="3060804470"/>
  <nd ref="3060804476"/>
  <nd ref="3060804478"/>
  <nd ref="3060804477"/>
  <nd ref="3060804472"/>
  <nd ref="3060804473"/>
  <nd ref="3060804475"/>
  <nd ref="3060804474"/>
  <nd ref="3060804471"/>
  <nd ref="877225666"/>
  <nd ref="3060804469"/>
  <nd ref="3060804468"/>
  <nd ref="3060804467"/>
  <nd ref="9181364294"/>
  <nd ref="3060804466"/>
  <nd ref="877225675"/>
  <nd ref="3060805764"/>
  <nd ref="3060805766"/>
  <nd ref="877225677"/>
  <nd ref="3060805763"/>
  <nd ref="8459650634"/>
  <nd ref="3060805765"/>
  <nd ref="877225679"/>
  <nd ref="8459650677"/>
  <nd ref="8459650678"/>
  <nd ref="8459650679"/>
  <nd ref="8459650676"/>
  <nd ref="8459650675"/>
  <nd ref="8459650674"/>
  <nd ref="877225680"/>
  <nd ref="877225681"/>
  <nd ref="877225682"/>
  <nd ref="877225662"/>
  <tag k="aeroway" v="apron"/>
 </way>
 <way id="74163141" visible="true" version="4" changeset="100010816" timestamp="2021-02-26T02:00:12Z" user="Sfriniks" uid="11810703">
  <nd ref="877225689"/>
  <nd ref="877225692"/>
  <nd ref="877225693"/>
  <nd ref="877225694"/>
  <nd ref="8459651149"/>
  <nd ref="8459651151"/>
  <nd ref="8459651150"/>
  <nd ref="8459651152"/>
  <nd ref="877225695"/>
  <nd ref="877225696"/>
  <nd ref="3060810046"/>
  <nd ref="3060810060"/>
  <nd ref="3060810059"/>
  <nd ref="3060810049"/>
  <nd ref="3060810056"/>
  <nd ref="3060810058"/>
  <nd ref="3060810050"/>
  <nd ref="3060810048"/>
  <nd ref="3060810047"/>
  <nd ref="3060810045"/>
  <nd ref="3060810041"/>
  <nd ref="3060810044"/>
  <nd ref="3060810043"/>
  <nd ref="3060810042"/>
  <nd ref="3060810034"/>
  <nd ref="3060805799"/>
  <nd ref="877225698"/>
  <nd ref="877225689"/>
  <tag k="aeroway" v="apron"/>
 </way>
 <way id="74163147" visible="true" version="2" changeset="100010816" timestamp="2021-02-26T02:00:12Z" user="Sfriniks" uid="11810703">
  <nd ref="877225635"/>
  <nd ref="8459651057"/>
  <nd ref="8459651059"/>
  <nd ref="8459651056"/>
  <nd ref="8459651062"/>
  <nd ref="8459651054"/>
  <nd ref="8459651055"/>
  <nd ref="8459651053"/>
  <nd ref="8459651063"/>
  <nd ref="8459651049"/>
  <nd ref="8459651050"/>
  <nd ref="8459651048"/>
  <nd ref="8459651051"/>
  <nd ref="8459651052"/>
  <nd ref="8459651046"/>
  <nd ref="8459651047"/>
  <nd ref="8459651045"/>
  <nd ref="877225711"/>
  <nd ref="8459651044"/>
  <nd ref="8459651064"/>
  <nd ref="8459651034"/>
  <nd ref="8459651033"/>
  <nd ref="8459651031"/>
  <nd ref="8459651032"/>
  <nd ref="8459651030"/>
  <nd ref="8459651038"/>
  <nd ref="8459651035"/>
  <nd ref="8459651036"/>
  <nd ref="8459651037"/>
  <nd ref="8459651039"/>
  <tag k="aeroway" v="taxiway"/>
  <tag k="ref" v="A2"/>
 </way>
 <way id="74163153" visible="true" version="2" changeset="100010816" timestamp="2021-02-26T02:00:12Z" user="Sfriniks" uid="11810703">
  <nd ref="877225725"/>
  <nd ref="877225726"/>
  <nd ref="877225727"/>
  <nd ref="8459651005"/>
  <nd ref="877225728"/>
  <nd ref="8459650996"/>
  <nd ref="8459650995"/>
  <nd ref="8459651160"/>
  <nd ref="8459651158"/>
  <nd ref="8459651159"/>
  <nd ref="8459651156"/>
  <nd ref="8459651157"/>
  <nd ref="877225729"/>
  <tag k="aeroway" v="taxiway"/>
  <tag k="ref" v="C"/>
 </way>
 <way id="74163161" visible="true" version="3" changeset="133047782" timestamp="2023-02-26T15:35:49Z" user="lectrician1" uid="8900953">
  <nd ref="877225682"/>
  <nd ref="8459650924"/>
  <nd ref="877225737"/>
  <nd ref="8459650935"/>
  <nd ref="8459650936"/>
  <nd ref="8459650951"/>
  <nd ref="8459650950"/>
  <tag k="aeroway" v="taxiway"/>
  <tag k="ref" v="E"/>
 </way>
 <way id="74163165" visible="true" version="2" changeset="100010816" timestamp="2021-02-26T02:00:12Z" user="Sfriniks" uid="11810703">
  <nd ref="877225692"/>
  <nd ref="8459616498"/>
  <nd ref="8459616472"/>
  <nd ref="8459616489"/>
  <nd ref="877225744"/>
  <nd ref="8459651146"/>
  <nd ref="8459651143"/>
  <nd ref="8459651147"/>
  <nd ref="8459651144"/>
  <nd ref="8459651145"/>
  <nd ref="8459651148"/>
  <nd ref="8459650949"/>
  <nd ref="8459650895"/>
  <nd ref="877225737"/>
  <nd ref="8459650925"/>
  <nd ref="8459650907"/>
  <nd ref="877225745"/>
  <nd ref="8459650976"/>
  <nd ref="8459650977"/>
  <nd ref="8459650978"/>
  <nd ref="8459650971"/>
  <nd ref="877225746"/>
  <tag k="aeroway" v="taxiway"/>
  <tag k="ref" v="D"/>
 </way>
 <way id="74163171" visible="true" version="2" changeset="100010816" timestamp="2021-02-26T02:00:12Z" user="Sfriniks" uid="11810703">
  <nd ref="877225680"/>
  <nd ref="8459650956"/>
  <nd ref="8459650965"/>
  <nd ref="877225746"/>
  <nd ref="8459650975"/>
  <nd ref="8459650973"/>
  <nd ref="8459650955"/>
  <nd ref="8459650974"/>
  <nd ref="8459650954"/>
  <nd ref="8459650972"/>
  <nd ref="877225747"/>
  <nd ref="8459651077"/>
  <nd ref="8459651067"/>
  <nd ref="877225729"/>
  <nd ref="8459651085"/>
  <nd ref="8459651154"/>
  <nd ref="8459651121"/>
  <nd ref="8459651107"/>
  <nd ref="877225748"/>
  <nd ref="8459651153"/>
  <nd ref="877225749"/>
  <nd ref="8459651122"/>
  <nd ref="877225751"/>
  <tag k="aeroway" v="taxiway"/>
  <tag k="ref" v="B"/>
 </way>
 <way id="74163194" visible="true" version="2" changeset="100010816" timestamp="2021-02-26T02:00:12Z" user="Sfriniks" uid="11810703">
  <nd ref="877225726"/>
  <nd ref="8459651170"/>
  <nd ref="8459651171"/>
  <nd ref="8459651169"/>
  <nd ref="8459651172"/>
  <nd ref="877225785"/>
  <tag k="aeroway" v="taxiway"/>
  <tag k="ref" v="C3"/>
 </way>
 <way id="74163195" visible="true" version="2" changeset="100010816" timestamp="2021-02-26T02:00:12Z" user="Sfriniks" uid="11810703">
  <nd ref="877225727"/>
  <nd ref="8459651162"/>
  <nd ref="8459651166"/>
  <nd ref="8459651163"/>
  <nd ref="8459651167"/>
  <nd ref="8459651164"/>
  <nd ref="8459651165"/>
  <nd ref="8459651168"/>
  <nd ref="877225791"/>
  <tag k="aeroway" v="taxiway"/>
  <tag k="ref" v="C2"/>
 </way>
 <way id="74163198" visible="true" version="2" changeset="100010816" timestamp="2021-02-26T02:00:12Z" user="Sfriniks" uid="11810703">
  <nd ref="877225749"/>
  <nd ref="8459651130"/>
  <nd ref="8459651131"/>
  <nd ref="8459651129"/>
  <nd ref="8459651132"/>
  <nd ref="8459651134"/>
  <nd ref="8459651133"/>
  <nd ref="8459651138"/>
  <nd ref="8459651135"/>
  <nd ref="8459651137"/>
  <nd ref="8459651136"/>
  <nd ref="877225772"/>
  <tag k="aeroway" v="taxiway"/>
  <tag k="ref" v="B4"/>
 </way>
 <way id="111471100" visible="true" version="10" changeset="122813731" timestamp="2022-06-24T18:21:01Z" user="Clarke22" uid="703694">
  <nd ref="3262581262"/>
  <nd ref="3262581261"/>
  <nd ref="5030761052"/>
  <nd ref="5030761053"/>
  <nd ref="9522984337"/>
  <nd ref="5030761054"/>
  <nd ref="1269942875"/>
  <nd ref="5030761055"/>
  <nd ref="5030761056"/>
  <nd ref="9844749718"/>
  <nd ref="9844746409"/>
  <nd ref="9522984327"/>
  <nd ref="9522984328"/>
  <nd ref="9522984329"/>
  <nd ref="9522984330"/>
  <nd ref="1269942829"/>
  <nd ref="3262581263"/>
  <nd ref="9844662873"/>
  <nd ref="3262581262"/>
  <tag k="access" v="private"/>
  <tag k="amenity" v="parking"/>
 </way>
 <way id="111471101" visible="true" version="4" changeset="37637739" timestamp="2016-03-06T01:15:20Z" user="phoz" uid="3688124">
  <nd ref="37992574"/>
  <nd ref="2182935329"/>
  <nd ref="3617803859"/>
  <nd ref="2182935328"/>
  <nd ref="37992576"/>
  <nd ref="37992581"/>
  <nd ref="37970412"/>
  <tag k="highway" v="service"/>
  <tag k="tiger:cfcc" v="A41"/>
  <tag k="tiger:county" v="Tippecanoe, IN"/>
  <tag k="tiger:reviewed" v="no"/>
 </way>
 <way id="256667242" visible="true" version="3" changeset="80713202" timestamp="2020-02-08T01:16:57Z" user="maxerickson" uid="360392">
  <nd ref="2623039701"/>
  <nd ref="2623039702"/>
  <nd ref="2623039703"/>
  <nd ref="3060804480"/>
  <nd ref="3060804470"/>
  <nd ref="3060804476"/>
  <nd ref="3060804478"/>
  <nd ref="3060804477"/>
  <nd ref="3060804472"/>
  <nd ref="3060804473"/>
  <nd ref="3060804475"/>
  <nd ref="3060804474"/>
  <nd ref="2623039712"/>
  <nd ref="2623039713"/>
  <nd ref="2623039714"/>
  <nd ref="2623039715"/>
  <nd ref="2623039716"/>
  <nd ref="2623039701"/>
  <tag k="addr:city" v="West Lafayette"/>
  <tag k="addr:housenumber" v="1401"/>
  <tag k="addr:postcode" v="47906"/>
  <tag k="addr:street" v="Aviation Drive"/>
  <tag k="building" v="yes"/>
  <tag k="building:levels" v="2"/>
  <tag k="name" v="Niswonger Aviation Technology Building"/>
  <tag k="ref" v="NISW"/>
 </way>
 <way id="283338605" visible="true" version="9" changeset="142265808" timestamp="2023-10-07T13:08:02Z" user="Luke46060" uid="20186467">
  <nd ref="9188154136"/>
  <nd ref="9188154161"/>
  <nd ref="37992574"/>
  <nd ref="9188154147"/>
  <nd ref="9188154148"/>
  <nd ref="1269942906"/>
  <nd ref="9188154149"/>
  <nd ref="9188154150"/>
  <nd ref="9188154151"/>
  <nd ref="3617803855"/>
  <nd ref="8679178488"/>
  <nd ref="1269942863"/>
  <tag k="highway" v="tertiary"/>
  <tag k="lanes" v="2"/>
  <tag k="name" v="South River Road"/>
  <tag k="surface" v="concrete"/>
 </way>
 <way id="301913299" visible="true" version="2" changeset="134473739" timestamp="2023-04-03T23:36:47Z" user="Clarke22" uid="703694">
  <nd ref="3060788244"/>
  <nd ref="3060788245"/>
  <nd ref="3060788246"/>
  <nd ref="3060788247"/>
  <nd ref="3060788248"/>
  <nd ref="3060788249"/>
  <nd ref="3060788250"/>
  <nd ref="3060788251"/>
  <nd ref="3060788252"/>
  <nd ref="10783310482"/>
  <nd ref="3060788253"/>
  <nd ref="3060788254"/>
  <nd ref="10783310481"/>
  <nd ref="3060788255"/>
  <nd ref="3060788256"/>
  <nd ref="10783310483"/>
  <nd ref="3060788257"/>
  <nd ref="10783310480"/>
  <nd ref="3060788258"/>
  <nd ref="3060788259"/>
  <nd ref="3060788260"/>
  <nd ref="3060788261"/>
  <nd ref="10783310484"/>
  <nd ref="3060788262"/>
  <nd ref="3060788263"/>
  <nd ref="3060788264"/>
  <nd ref="3060788265"/>
  <nd ref="3060788266"/>
  <nd ref="3060788267"/>
  <nd ref="3060788244"/>
  <tag k="natural" v="wood"/>
 </way>
 <way id="301913302" visible="true" version="2" changeset="112959296" timestamp="2021-10-25T17:29:36Z" user="Purdue University News" uid="652472">
  <nd ref="3060788282"/>
  <nd ref="3060788283"/>
  <nd ref="3060788284"/>
  <nd ref="3060788285"/>
  <nd ref="3060788286"/>
  <nd ref="3060788287"/>
  <nd ref="3060788288"/>
  <nd ref="3060788289"/>
  <nd ref="3060788282"/>
  <tag k="addr:city" v="West Lafayette"/>
  <tag k="addr:housenumber" v="500"/>
  <tag k="addr:postcode" v="47907"/>
  <tag k="addr:state" v="IN"/>
  <tag k="addr:street" v="Allison Road"/>
  <tag k="building" v="yes"/>
  <tag k="name" v="Chaffee Hall"/>
 </way>
 <way id="301913303" visible="true" version="2" changeset="112959296" timestamp="2021-10-25T17:29:36Z" user="Purdue University News" uid="652472">
  <nd ref="3060788290"/>
  <nd ref="3060788291"/>
  <nd ref="3060788292"/>
  <nd ref="3060788293"/>
  <nd ref="3060788294"/>
  <nd ref="3060788295"/>
  <nd ref="3060788290"/>
  <tag k="addr:city" v="West Lafayette"/>
  <tag k="addr:housenumber" v="512"/>
  <tag k="addr:postcode" v="47907"/>
  <tag k="addr:state" v="IN"/>
  <tag k="addr:street" v="Allison Road"/>
  <tag k="building" v="yes"/>
  <tag k="name" v="Zucrow Combustion Research Lab"/>
 </way>
 <way id="301913304" visible="true" version="5" changeset="102461619" timestamp="2021-04-07T08:22:40Z" user="devasen" uid="11611908">
  <nd ref="8304512572"/>
  <nd ref="8084013329"/>
  <nd ref="8084013328"/>
  <nd ref="37978654"/>
  <nd ref="3060791340"/>
  <nd ref="3060791341"/>
  <nd ref="8084013323"/>
  <nd ref="3060791342"/>
  <nd ref="3060791343"/>
  <nd ref="3060791344"/>
  <nd ref="3060791345"/>
  <nd ref="3060791346"/>
  <nd ref="8601747409"/>
  <nd ref="3060791347"/>
  <tag k="highway" v="service"/>
  <tag k="tiger:cfcc" v="A41"/>
  <tag k="tiger:county" v="Tippecanoe, IN"/>
  <tag k="tiger:reviewed" v="no"/>
 </way>
 <way id="301913305" visible="true" version="1" changeset="25247558" timestamp="2014-09-05T12:42:55Z" user="lrhill" uid="1813535">
  <nd ref="3060788302"/>
  <nd ref="3060788303"/>
  <nd ref="3060788304"/>
  <nd ref="3060788305"/>
  <nd ref="3060788306"/>
  <nd ref="3060788307"/>
  <nd ref="3060788302"/>
  <tag k="building" v="yes"/>
 </way>
 <way id="301913306" visible="true" version="1" changeset="25247558" timestamp="2014-09-05T12:42:55Z" user="lrhill" uid="1813535">
  <nd ref="3060788308"/>
  <nd ref="3060788309"/>
  <nd ref="3060788310"/>
  <nd ref="3060788311"/>
  <nd ref="3060788312"/>
  <nd ref="3060788313"/>
  <nd ref="3060788314"/>
  <nd ref="3060788315"/>
  <nd ref="3060788308"/>
  <tag k="building" v="yes"/>
 </way>
 <way id="301913850" visible="true" version="1" changeset="25247594" timestamp="2014-09-05T12:45:00Z" user="lrhill" uid="1813535">
  <nd ref="3060787812"/>
  <nd ref="3060787813"/>
  <nd ref="3060787814"/>
  <nd ref="3060787815"/>
  <nd ref="3060787812"/>
  <tag k="building" v="yes"/>
 </way>
 <way id="301913851" visible="true" version="1" changeset="25247594" timestamp="2014-09-05T12:45:00Z" user="lrhill" uid="1813535">
  <nd ref="3060787816"/>
  <nd ref="3060787817"/>
  <nd ref="3060787818"/>
  <nd ref="3060787819"/>
  <nd ref="3060787816"/>
  <tag k="building" v="yes"/>
 </way>
 <way id="301913852" visible="true" version="1" changeset="25247594" timestamp="2014-09-05T12:45:00Z" user="lrhill" uid="1813535">
  <nd ref="3060787820"/>
  <nd ref="3060787821"/>
  <nd ref="3060787822"/>
  <nd ref="3060787823"/>
  <nd ref="3060787820"/>
  <tag k="building" v="yes"/>
 </way>
 <way id="301913853" visible="true" version="1" changeset="25247594" timestamp="2014-09-05T12:45:00Z" user="lrhill" uid="1813535">
  <nd ref="3060787824"/>
  <nd ref="3060787825"/>
  <nd ref="3060787826"/>
  <nd ref="3060787827"/>
  <nd ref="3060787828"/>
  <nd ref="3060787829"/>
  <nd ref="3060787830"/>
  <nd ref="3060787831"/>
  <nd ref="3060787824"/>
  <tag k="building" v="yes"/>
 </way>
 <way id="301913854" visible="true" version="1" changeset="25247594" timestamp="2014-09-05T12:45:00Z" user="lrhill" uid="1813535">
  <nd ref="3060787832"/>
  <nd ref="3060791333"/>
  <nd ref="3060791334"/>
  <nd ref="3060791335"/>
  <nd ref="3060787832"/>
  <tag k="building" v="yes"/>
 </way>
 <way id="301913855" visible="true" version="1" changeset="25247594" timestamp="2014-09-05T12:45:00Z" user="lrhill" uid="1813535">
  <nd ref="3060791336"/>
  <nd ref="3060791337"/>
  <nd ref="3060791338"/>
  <nd ref="3060791339"/>
  <nd ref="3060791336"/>
  <tag k="building" v="yes"/>
 </way>
 <way id="301913856" visible="true" version="8" changeset="137643422" timestamp="2023-06-22T11:21:36Z" user="Emey_lyft" uid="10907417">
  <nd ref="3060791346"/>
  <nd ref="3060791348"/>
  <nd ref="9181364459"/>
  <nd ref="3060791349"/>
  <nd ref="9181364460"/>
  <nd ref="10939880636"/>
  <nd ref="10939880638"/>
  <nd ref="3060791350"/>
  <nd ref="10939880634"/>
  <nd ref="9181364461"/>
  <nd ref="3060791351"/>
  <nd ref="3060791352"/>
  <nd ref="3060791353"/>
  <nd ref="9181364465"/>
  <nd ref="3060791355"/>
  <nd ref="8060713039"/>
  <nd ref="7401016451"/>
  <nd ref="8060713038"/>
  <nd ref="8060713017"/>
  <nd ref="7401016452"/>
  <nd ref="9181364473"/>
  <nd ref="9181364472"/>
  <nd ref="7401016453"/>
  <nd ref="9181364471"/>
  <nd ref="9181364470"/>
  <nd ref="7401016454"/>
  <nd ref="9181364469"/>
  <nd ref="9624782529"/>
  <nd ref="9181364468"/>
  <nd ref="9181364467"/>
  <nd ref="3060810072"/>
  <tag k="highway" v="service"/>
  <tag k="surface" v="paved"/>
 </way>
 <way id="301915045" visible="true" version="1" changeset="25247765" timestamp="2014-09-05T12:54:11Z" user="lrhill" uid="1813535">
  <nd ref="3060802014"/>
  <nd ref="3060802015"/>
  <nd ref="3060802029"/>
  <nd ref="3060802030"/>
  <nd ref="3060802016"/>
  <nd ref="3060802014"/>
  <tag k="building" v="yes"/>
 </way>
 <way id="301915046" visible="true" version="3" changeset="142589736" timestamp="2023-10-14T19:19:07Z" user="CurlingMan13" uid="6641970">
  <nd ref="3060802017"/>
  <nd ref="3060802032"/>
  <nd ref="3060804433"/>
  <nd ref="3060804434"/>
  <nd ref="877225655"/>
  <nd ref="3060802018"/>
  <nd ref="3060802019"/>
  <nd ref="3060802020"/>
  <nd ref="3060802021"/>
  <nd ref="3060802022"/>
  <nd ref="3060802023"/>
  <nd ref="3060802024"/>
  <nd ref="3060802025"/>
  <nd ref="3060802026"/>
  <nd ref="3060802017"/>
  <tag k="addr:city" v="West Lafayette"/>
  <tag k="addr:housenumber" v="1630"/>
  <tag k="addr:postcode" v="47906"/>
  <tag k="addr:state" v="IN"/>
  <tag k="addr:street" v="Aviation Drive"/>
  <tag k="building" v="yes"/>
  <tag k="name" v="Purdue Aviation, LLC"/>
  <tag k="phone" v="+1 765 743 9692"/>
 </way>
 <way id="301915047" visible="true" version="1" changeset="25247765" timestamp="2014-09-05T12:54:11Z" user="lrhill" uid="1813535">
  <nd ref="3060804435"/>
  <nd ref="3060804436"/>
  <nd ref="3060804437"/>
  <nd ref="3060804438"/>
  <nd ref="3060804439"/>
  <nd ref="3060804440"/>
  <nd ref="3060804435"/>
  <tag k="building" v="yes"/>
 </way>
 <way id="301915048" visible="true" version="3" changeset="142589736" timestamp="2023-10-14T19:19:07Z" user="CurlingMan13" uid="6641970">
  <nd ref="3060804441"/>
  <nd ref="877225662"/>
  <nd ref="3060804445"/>
  <nd ref="3060804442"/>
  <nd ref="3060804443"/>
  <nd ref="3060804444"/>
  <nd ref="3060804441"/>
  <tag k="aeroway" v="hangar"/>
  <tag k="building" v="hangar"/>
  <tag k="name" v="Hangar 4"/>
 </way>
 <way id="301915049" visible="true" version="2" changeset="25247862" timestamp="2014-09-05T12:59:14Z" user="lrhill" uid="1813535">
  <nd ref="3060810049"/>
  <nd ref="3060810059"/>
  <nd ref="3060810055"/>
  <nd ref="3060810056"/>
  <nd ref="3060810049"/>
  <tag k="building" v="yes"/>
 </way>
 <way id="301915050" visible="true" version="3" changeset="28734707" timestamp="2015-02-09T18:55:45Z" user="cjkonecnik" uid="2646346">
  <nd ref="3060804483"/>
  <nd ref="877225664"/>
  <nd ref="3060804451"/>
  <nd ref="3060804479"/>
  <nd ref="3060804450"/>
  <nd ref="3060804483"/>
  <tag k="building" v="yes"/>
  <tag k="name" v="Main Terminal Building (TERM)"/>
 </way>
 <way id="301915051" visible="true" version="1" changeset="25247765" timestamp="2014-09-05T12:54:12Z" user="lrhill" uid="1813535">
  <nd ref="3060804452"/>
  <nd ref="3060804453"/>
  <nd ref="3060804454"/>
  <nd ref="3060804455"/>
  <nd ref="3060804456"/>
  <nd ref="3060804457"/>
  <nd ref="3060804452"/>
  <tag k="building" v="yes"/>
 </way>
 <way id="301915052" visible="true" version="1" changeset="25247765" timestamp="2014-09-05T12:54:12Z" user="lrhill" uid="1813535">
  <nd ref="3060804458"/>
  <nd ref="3060804459"/>
  <nd ref="3060804460"/>
  <nd ref="3060804461"/>
  <nd ref="3060804458"/>
  <tag k="building" v="yes"/>
 </way>
 <way id="301915053" visible="true" version="1" changeset="25247765" timestamp="2014-09-05T12:54:12Z" user="lrhill" uid="1813535">
  <nd ref="3060804462"/>
  <nd ref="3060804463"/>
  <nd ref="3060804464"/>
  <nd ref="3060804465"/>
  <nd ref="3060804462"/>
  <tag k="building" v="yes"/>
 </way>
 <way id="301915236" visible="true" version="1" changeset="25247805" timestamp="2014-09-05T12:56:15Z" user="lrhill" uid="1813535">
  <nd ref="3060805767"/>
  <nd ref="3060805768"/>
  <nd ref="3060805769"/>
  <nd ref="3060805770"/>
  <nd ref="3060805767"/>
  <tag k="building" v="yes"/>
 </way>
 <way id="301915237" visible="true" version="2" changeset="100010816" timestamp="2021-02-26T02:00:12Z" user="Sfriniks" uid="11810703">
  <nd ref="3060805771"/>
  <nd ref="3060805772"/>
  <nd ref="3060805773"/>
  <nd ref="3060805774"/>
  <nd ref="3060805771"/>
  <tag k="aeroway" v="hangar"/>
  <tag k="building" v="hangar"/>
 </way>
 <way id="301915238" visible="true" version="2" changeset="100010816" timestamp="2021-02-26T02:00:12Z" user="Sfriniks" uid="11810703">
  <nd ref="3060805775"/>
  <nd ref="3060805776"/>
  <nd ref="3060805777"/>
  <nd ref="3060805778"/>
  <nd ref="3060805775"/>
  <tag k="aeroway" v="hangar"/>
  <tag k="building" v="hangar"/>
 </way>
 <way id="301915239" visible="true" version="2" changeset="100010816" timestamp="2021-02-26T02:00:12Z" user="Sfriniks" uid="11810703">
  <nd ref="3060805779"/>
  <nd ref="3060805780"/>
  <nd ref="3060805781"/>
  <nd ref="3060805782"/>
  <nd ref="3060805779"/>
  <tag k="aeroway" v="hangar"/>
  <tag k="building" v="hangar"/>
 </way>
 <way id="301915240" visible="true" version="2" changeset="100010816" timestamp="2021-02-26T02:00:12Z" user="Sfriniks" uid="11810703">
  <nd ref="3060805783"/>
  <nd ref="3060805784"/>
  <nd ref="3060805785"/>
  <nd ref="3060805786"/>
  <nd ref="3060805783"/>
  <tag k="aeroway" v="hangar"/>
  <tag k="building" v="hangar"/>
 </way>
 <way id="301915241" visible="true" version="2" changeset="100010816" timestamp="2021-02-26T02:00:12Z" user="Sfriniks" uid="11810703">
  <nd ref="3060805787"/>
  <nd ref="3060805788"/>
  <nd ref="3060805789"/>
  <nd ref="3060805790"/>
  <nd ref="3060805787"/>
  <tag k="aeroway" v="hangar"/>
  <tag k="building" v="hangar"/>
 </way>
 <way id="301915242" visible="true" version="2" changeset="100010816" timestamp="2021-02-26T02:00:12Z" user="Sfriniks" uid="11810703">
  <nd ref="3060805791"/>
  <nd ref="3060805792"/>
  <nd ref="3060805793"/>
  <nd ref="3060805794"/>
  <nd ref="3060805791"/>
  <tag k="aeroway" v="hangar"/>
  <tag k="building" v="hangar"/>
 </way>
 <way id="301915243" visible="true" version="3" changeset="28734707" timestamp="2015-02-09T18:55:45Z" user="cjkonecnik" uid="2646346">
  <nd ref="3060805795"/>
  <nd ref="3060805796"/>
  <nd ref="3060805797"/>
  <nd ref="3060805798"/>
  <nd ref="877225698"/>
  <nd ref="3060805799"/>
  <nd ref="3060805800"/>
  <nd ref="3060805795"/>
  <tag k="building" v="yes"/>
  <tag k="name" v="Holleman-Niswonger Simulator Center (SIML)"/>
 </way>
 <way id="301915757" visible="true" version="2" changeset="28728326" timestamp="2015-02-09T14:08:49Z" user="cjkonecnik" uid="2646346">
  <nd ref="3060810033"/>
  <nd ref="3060810034"/>
  <nd ref="3060810042"/>
  <nd ref="3060810035"/>
  <nd ref="3060810038"/>
  <nd ref="3060810036"/>
  <nd ref="3060810037"/>
  <nd ref="3060810033"/>
  <tag k="building" v="yes"/>
  <tag k="name" v="Hangar 6W"/>
 </way>
 <way id="301915758" visible="true" version="2" changeset="28728326" timestamp="2015-02-09T14:08:48Z" user="cjkonecnik" uid="2646346">
  <nd ref="3060810038"/>
  <nd ref="3060810043"/>
  <nd ref="3060810044"/>
  <nd ref="3060810039"/>
  <nd ref="3060810036"/>
  <nd ref="3060810038"/>
  <tag k="building" v="yes"/>
  <tag k="name" v="Hangar 6"/>
 </way>
 <way id="301915759" visible="true" version="2" changeset="28728326" timestamp="2015-02-09T14:08:48Z" user="cjkonecnik" uid="2646346">
  <nd ref="3060810041"/>
  <nd ref="3060810045"/>
  <nd ref="3060810047"/>
  <nd ref="3060810040"/>
  <nd ref="3060810041"/>
  <tag k="building" v="yes"/>
  <tag k="name" v="Hangar 5"/>
 </way>
 <way id="301915760" visible="true" version="7" changeset="144122553" timestamp="2023-11-17T05:24:56Z" user="vrynkevich_lyft" uid="11904280">
  <nd ref="5213932430"/>
  <nd ref="3060810062"/>
  <nd ref="3060810063"/>
  <nd ref="11186907351"/>
  <nd ref="3060810064"/>
  <nd ref="3060810065"/>
  <nd ref="3060810066"/>
  <nd ref="3060810068"/>
  <nd ref="3060810069"/>
  <nd ref="3060810071"/>
  <nd ref="3060810072"/>
  <nd ref="3060810074"/>
  <nd ref="3060810075"/>
  <nd ref="3060810076"/>
  <nd ref="10997130374"/>
  <nd ref="10997130375"/>
  <nd ref="10997130376"/>
  <tag k="highway" v="service"/>
  <tag k="name" v="Aviation Drive"/>
 </way>
 <way id="301915761" visible="true" version="1" changeset="25247862" timestamp="2014-09-05T12:59:14Z" user="lrhill" uid="1813535">
  <nd ref="3060810075"/>
  <nd ref="3060810077"/>
  <tag k="highway" v="service"/>
 </way>
 <way id="302405800" visible="true" version="9" changeset="122734940" timestamp="2022-06-23T03:26:16Z" user="Clarke22" uid="703694">
  <nd ref="5030761037"/>
  <nd ref="5030761038"/>
  <nd ref="5030761039"/>
  <nd ref="5030761040"/>
  <nd ref="5030761042"/>
  <nd ref="9840179655"/>
  <nd ref="5030761043"/>
  <nd ref="5030761044"/>
  <nd ref="5030761045"/>
  <nd ref="5030761046"/>
  <nd ref="5030761047"/>
  <nd ref="5030761048"/>
  <nd ref="5030761050"/>
  <tag k="bicycle" v="designated"/>
  <tag k="foot" v="designated"/>
  <tag k="footway" v="sidewalk"/>
  <tag k="highway" v="footway"/>
  <tag k="surface" v="concrete"/>
 </way>
 <way id="319797205" visible="true" version="6" changeset="119353844" timestamp="2022-04-05T17:31:04Z" user="GRailMapper" uid="11527608">
  <nd ref="3262580846"/>
  <nd ref="5030755844"/>
  <nd ref="38007986"/>
  <nd ref="38008228"/>
  <nd ref="38008231"/>
  <nd ref="38008235"/>
  <nd ref="38008238"/>
  <nd ref="38008241"/>
  <nd ref="4607704950"/>
  <tag k="electrified" v="no"/>
  <tag k="FIXME:operator" v="verify extent"/>
  <tag k="gauge" v="1435"/>
  <tag k="note:old_railway_operator" v="LE&amp;W"/>
  <tag k="old_railway_operator" v="NKP"/>
  <tag k="operator" v="Kankakee, Beaverville and Southern Railroad"/>
  <tag k="railway" v="rail"/>
  <tag k="reporting_marks" v="KBSR"/>
  <tag k="tiger:cfcc" v="B11:B21"/>
  <tag k="tiger:county" v="Benton, IN:Tippecanoe, IN"/>
  <tag k="tiger:name_base" v="Conrail Railroad:Norfolk and Western Railway"/>
  <tag k="tiger:reviewed" v="no:yes"/>
  <tag k="usage" v="branch"/>
 </way>
 <way id="319797206" visible="true" version="4" changeset="119353844" timestamp="2022-04-05T17:31:04Z" user="GRailMapper" uid="11527608">
  <nd ref="38008224"/>
  <nd ref="3262580846"/>
  <tag k="bridge" v="yes"/>
  <tag k="electrified" v="no"/>
  <tag k="FIXME:operator" v="verify extent"/>
  <tag k="gauge" v="1435"/>
  <tag k="layer" v="1"/>
  <tag k="note:old_railway_operator" v="LE&amp;W"/>
  <tag k="old_railway_operator" v="NKP"/>
  <tag k="operator" v="Kankakee, Beaverville and Southern Railroad"/>
  <tag k="railway" v="rail"/>
  <tag k="reporting_marks" v="KBSR"/>
  <tag k="tiger:cfcc" v="B11:B21"/>
  <tag k="tiger:county" v="Benton, IN:Tippecanoe, IN"/>
  <tag k="tiger:name_base" v="Conrail Railroad:Norfolk and Western Railway"/>
  <tag k="tiger:reviewed" v="no:yes"/>
  <tag k="usage" v="branch"/>
 </way>
 <way id="319797207" visible="true" version="1" changeset="27833730" timestamp="2015-01-01T01:35:58Z" user="DeVietor" uid="506866">
  <nd ref="3262580852"/>
  <nd ref="3262581295"/>
  <nd ref="3262580853"/>
  <nd ref="3262580854"/>
  <nd ref="3262580855"/>
  <nd ref="3262580856"/>
  <nd ref="3262580857"/>
  <nd ref="3262580858"/>
  <nd ref="3262580859"/>
  <nd ref="3262581296"/>
  <nd ref="3262580860"/>
  <nd ref="3262580852"/>
  <tag k="amenity" v="parking"/>
 </way>
 <way id="319797214" visible="true" version="13" changeset="139281478" timestamp="2023-08-01T05:56:11Z" user="Clarke22" uid="703694">
  <nd ref="2457495899"/>
  <nd ref="11079943887"/>
  <nd ref="3262581285"/>
  <nd ref="2457495901"/>
  <nd ref="3262581286"/>
  <nd ref="5030761292"/>
  <nd ref="3262581284"/>
  <nd ref="5030682830"/>
  <nd ref="7194498953"/>
  <nd ref="5030682829"/>
  <nd ref="3262581283"/>
  <nd ref="9840088010"/>
  <nd ref="9840179650"/>
  <tag k="highway" v="secondary"/>
  <tag k="lanes" v="1"/>
  <tag k="maxspeed" v="25 mph"/>
  <tag k="name" v="Martin Jischke Drive"/>
  <tag k="oneway" v="yes"/>
  <tag k="surface" v="asphalt"/>
 </way>
 <way id="319797216" visible="true" version="13" changeset="139281478" timestamp="2023-08-01T05:56:11Z" user="Clarke22" uid="703694">
  <nd ref="9844937943"/>
  <nd ref="7194498955"/>
  <nd ref="3262581287"/>
  <nd ref="7194498956"/>
  <nd ref="5030682828"/>
  <nd ref="7194498957"/>
  <nd ref="3262581288"/>
  <nd ref="5030761290"/>
  <tag k="highway" v="secondary"/>
  <tag k="lanes" v="1"/>
  <tag k="maxspeed" v="25 mph"/>
  <tag k="name" v="Martin Jischke Drive"/>
  <tag k="oneway" v="yes"/>
  <tag k="surface" v="asphalt"/>
 </way>
 <way id="319797217" visible="true" version="5" changeset="102471441" timestamp="2021-04-07T10:04:44Z" user="grandhs" uid="10271447">
  <nd ref="37970811"/>
  <nd ref="5889476872"/>
  <nd ref="5889476870"/>
  <nd ref="5889476871"/>
  <nd ref="5889476868"/>
  <nd ref="5889476867"/>
  <nd ref="8602133801"/>
  <nd ref="8602133794"/>
  <nd ref="7609511841"/>
  <tag k="highway" v="residential"/>
  <tag k="tiger:cfcc" v="A41"/>
  <tag k="tiger:county" v="Tippecanoe, IN"/>
  <tag k="tiger:reviewed" v="no"/>
 </way>
 <way id="319797218" visible="true" version="2" changeset="62359168" timestamp="2018-09-07T01:52:44Z" user="Evan Nichols (Virtual Tours)" uid="3033892">
  <nd ref="37970811"/>
  <nd ref="37970815"/>
  <nd ref="5889476874"/>
  <nd ref="5889476876"/>
  <nd ref="5889476875"/>
  <nd ref="5889476873"/>
  <nd ref="3262581295"/>
  <tag k="highway" v="residential"/>
  <tag k="tiger:cfcc" v="A41"/>
  <tag k="tiger:county" v="Tippecanoe, IN"/>
  <tag k="tiger:reviewed" v="no"/>
 </way>
 <way id="319797219" visible="true" version="2" changeset="93205417" timestamp="2020-10-29T00:42:43Z" user="indianajoe" uid="507149">
  <nd ref="3262581296"/>
  <nd ref="3262581297"/>
  <tag k="highway" v="track"/>
 </way>
 <way id="327250731" visible="true" version="3" changeset="112671985" timestamp="2021-10-18T22:03:23Z" user="riiga" uid="83501">
  <nd ref="3339815039"/>
  <nd ref="3339815040"/>
  <nd ref="3339815041"/>
  <nd ref="3339815042"/>
  <nd ref="3339815039"/>
  <tag k="amenity" v="parking"/>
 </way>
 <way id="327250732" visible="true" version="3" changeset="112671985" timestamp="2021-10-18T22:03:23Z" user="riiga" uid="83501">
  <nd ref="3339815043"/>
  <nd ref="3339815044"/>
  <nd ref="3339815045"/>
  <nd ref="3339815046"/>
  <nd ref="3339815043"/>
  <tag k="amenity" v="parking"/>
 </way>
 <way id="327250766" visible="true" version="1" changeset="28728343" timestamp="2015-02-09T14:09:39Z" user="cjkonecnik" uid="2646346">
  <nd ref="3339819207"/>
  <nd ref="3339819208"/>
  <nd ref="3339819209"/>
  <nd ref="3339819210"/>
  <nd ref="3339819207"/>
  <tag k="amenity" v="parking"/>
 </way>
 <way id="327252080" visible="true" version="17" changeset="125633791" timestamp="2022-09-01T02:07:52Z" user="Clarke22" uid="703694">
  <nd ref="390708849"/>
  <nd ref="390708850"/>
  <nd ref="390708851"/>
  <nd ref="390708852"/>
  <nd ref="390708478"/>
  <nd ref="390708477"/>
  <nd ref="390708480"/>
  <nd ref="1699176847"/>
  <nd ref="390708474"/>
  <nd ref="390708473"/>
  <nd ref="390709153"/>
  <nd ref="9719856065"/>
  <nd ref="9719856066"/>
  <nd ref="390708299"/>
  <nd ref="9719856067"/>
  <nd ref="9719856068"/>
  <nd ref="390708252"/>
  <nd ref="390708745"/>
  <nd ref="390708747"/>
  <nd ref="9719856069"/>
  <nd ref="390708738"/>
  <nd ref="390708366"/>
  <nd ref="9763466892"/>
  <nd ref="390708364"/>
  <nd ref="390708963"/>
  <nd ref="390708964"/>
  <nd ref="390708957"/>
  <nd ref="390708965"/>
  <nd ref="390708966"/>
  <nd ref="390708496"/>
  <nd ref="390708492"/>
  <nd ref="390708334"/>
  <nd ref="390708333"/>
  <nd ref="5688548899"/>
  <nd ref="5688548900"/>
  <nd ref="5688548901"/>
  <nd ref="390708389"/>
  <nd ref="5688548902"/>
  <nd ref="5688548903"/>
  <nd ref="5688548904"/>
  <nd ref="5688548905"/>
  <nd ref="5688548906"/>
  <nd ref="5688548908"/>
  <nd ref="5688548909"/>
  <nd ref="5688548910"/>
  <nd ref="5688548907"/>
  <nd ref="5688548912"/>
  <nd ref="5688548913"/>
  <nd ref="5688548914"/>
  <nd ref="5688548915"/>
  <nd ref="5688548916"/>
  <nd ref="5688548917"/>
  <nd ref="5688548918"/>
  <nd ref="5688548919"/>
  <nd ref="5688554828"/>
  <nd ref="5688554829"/>
  <nd ref="5688554827"/>
  <nd ref="5688554830"/>
  <nd ref="5688554826"/>
  <nd ref="5688548920"/>
  <nd ref="5688554821"/>
  <nd ref="5688554822"/>
  <nd ref="5688554823"/>
  <nd ref="5688554824"/>
  <nd ref="5688554825"/>
  <nd ref="5688548911"/>
  <nd ref="5688554831"/>
  <nd ref="5688554832"/>
  <nd ref="9826421319"/>
  <nd ref="5688554833"/>
  <nd ref="9826421317"/>
  <nd ref="9826421318"/>
  <nd ref="9991808422"/>
  <nd ref="9991808424"/>
  <nd ref="9991808423"/>
  <nd ref="9826421322"/>
  <nd ref="5688554834"/>
  <nd ref="9826421323"/>
  <nd ref="5688554891"/>
  <nd ref="9991808421"/>
  <nd ref="5688554887"/>
  <tag k="boundary" v="administrative"/>
  <tag k="source" v="TIGER/Line® 2008 Place Shapefiles (http://www.census.gov/geo/www/tiger/)"/>
 </way>
 <way id="437856727" visible="true" version="1" changeset="41540807" timestamp="2016-08-18T18:16:35Z" user="Tommy Chang" uid="2483424">
  <nd ref="4356359096"/>
  <nd ref="4356359097"/>
  <nd ref="4356359098"/>
  <nd ref="4356359099"/>
  <nd ref="4356359096"/>
  <tag k="amenity" v="parking"/>
 </way>
 <way id="506586462" visible="true" version="4" changeset="138961947" timestamp="2023-07-24T23:20:54Z" user="Clarke22" uid="703694">
  <nd ref="4962959790"/>
  <nd ref="4962959789"/>
  <nd ref="38010552"/>
  <nd ref="11065923596"/>
  <nd ref="38010550"/>
  <nd ref="11065923597"/>
  <nd ref="38010547"/>
  <nd ref="38010544"/>
  <nd ref="38010541"/>
  <nd ref="38010537"/>
  <nd ref="9181364243"/>
  <nd ref="38010534"/>
  <nd ref="9181364244"/>
  <nd ref="38010531"/>
  <nd ref="9181364245"/>
  <nd ref="38010528"/>
  <nd ref="9181364246"/>
  <nd ref="9181364247"/>
  <nd ref="38010523"/>
  <nd ref="9181364248"/>
  <nd ref="38010519"/>
  <nd ref="883185250"/>
  <nd ref="38008214"/>
  <nd ref="38008217"/>
  <nd ref="38008224"/>
  <tag k="electrified" v="no"/>
  <tag k="FIXME:operator" v="verify extent"/>
  <tag k="gauge" v="1435"/>
  <tag k="note:old_railway_operator" v="LE&amp;W"/>
  <tag k="old_railway_operator" v="NKP"/>
  <tag k="operator" v="Kankakee, Beaverville and Southern Railroad"/>
  <tag k="railway" v="rail"/>
  <tag k="reporting_marks" v="KBSR"/>
  <tag k="tiger:cfcc" v="B11:B21"/>
  <tag k="tiger:county" v="Benton, IN:Tippecanoe, IN"/>
  <tag k="tiger:name_base" v="Conrail Railroad:Norfolk and Western Railway"/>
  <tag k="tiger:reviewed" v="no:yes"/>
  <tag k="usage" v="branch"/>
 </way>
 <way id="514272544" visible="true" version="10" changeset="138961947" timestamp="2023-07-24T23:20:54Z" user="Clarke22" uid="703694">
  <nd ref="5024698449"/>
  <nd ref="9542996796"/>
  <nd ref="5024698448"/>
  <nd ref="5024698447"/>
  <nd ref="9542996795"/>
  <nd ref="5024698446"/>
  <nd ref="9542996794"/>
  <nd ref="5024698445"/>
  <nd ref="5024698444"/>
  <nd ref="9964849954"/>
  <nd ref="5024698443"/>
  <nd ref="5024698442"/>
  <nd ref="5024698441"/>
  <nd ref="5024698440"/>
  <nd ref="5024698439"/>
  <nd ref="5024698438"/>
  <nd ref="5024698437"/>
  <nd ref="5024698436"/>
  <nd ref="5024698435"/>
  <nd ref="5024698434"/>
  <nd ref="5024698433"/>
  <nd ref="5024698432"/>
  <nd ref="5024698431"/>
  <nd ref="9964849953"/>
  <nd ref="5024698430"/>
  <nd ref="9964849952"/>
  <nd ref="5024698429"/>
  <nd ref="5024698428"/>
  <nd ref="7603652915"/>
  <nd ref="7603652916"/>
  <nd ref="7603652917"/>
  <nd ref="7603652918"/>
  <nd ref="7603652919"/>
  <nd ref="7603652920"/>
  <nd ref="7603652921"/>
  <nd ref="7603652922"/>
  <nd ref="7603652923"/>
  <nd ref="7603652924"/>
  <nd ref="7603652925"/>
  <nd ref="7603652926"/>
  <nd ref="7603652927"/>
  <nd ref="11065923531"/>
  <nd ref="9964849958"/>
  <nd ref="9964849957"/>
  <nd ref="10083004950"/>
  <nd ref="10083004951"/>
  <nd ref="7603652928"/>
  <nd ref="10083004996"/>
  <nd ref="10083005004"/>
  <nd ref="10695031848"/>
  <nd ref="9826421339"/>
  <nd ref="7518516125"/>
  <tag k="bicycle" v="designated"/>
  <tag k="foot" v="designated"/>
  <tag k="highway" v="cycleway"/>
  <tag k="segregated" v="no"/>
  <tag k="surface" v="asphalt"/>
  <tag k="width" v="2"/>
 </way>
 <way id="515034543" visible="true" version="5" changeset="122733657" timestamp="2022-06-23T01:37:52Z" user="Clarke22" uid="703694">
  <nd ref="5030682831"/>
  <nd ref="5030682832"/>
  <nd ref="9181296092"/>
  <nd ref="5030761289"/>
  <nd ref="5030682833"/>
  <nd ref="3262581285"/>
  <tag k="highway" v="primary_link"/>
  <tag k="lanes" v="1"/>
  <tag k="oneway" v="yes"/>
 </way>
 <way id="538712945" visible="true" version="2" changeset="97564654" timestamp="2021-01-15T13:50:21Z" user="M@YUR" uid="11767839">
  <nd ref="5213932430"/>
  <nd ref="5213932429"/>
  <nd ref="5213932428"/>
  <nd ref="5213932427"/>
  <nd ref="5213932425"/>
  <nd ref="5213932426"/>
  <tag k="highway" v="service"/>
 </way>
 <way id="708813448" visible="true" version="6" changeset="141312953" timestamp="2023-09-15T17:23:39Z" user="Clarke22" uid="703694">
  <nd ref="6660586615"/>
  <nd ref="8751705397"/>
  <nd ref="6660586619"/>
  <nd ref="6660586616"/>
  <nd ref="6660586617"/>
  <nd ref="6660586620"/>
  <nd ref="8751705398"/>
  <nd ref="6660586618"/>
  <tag k="disused:highway" v="service"/>
  <tag k="maxspeed" v="15 mph"/>
  <tag k="service" v="driveway"/>
 </way>
 <way id="708813449" visible="true" version="2" changeset="141312953" timestamp="2023-09-15T17:23:39Z" user="Clarke22" uid="703694">
  <nd ref="6660586619"/>
  <nd ref="6660586620"/>
  <tag k="disused:highway" v="service"/>
  <tag k="service" v="parking_aisle"/>
 </way>
 <way id="708821950" visible="true" version="4" changeset="122733657" timestamp="2022-06-23T01:37:52Z" user="Clarke22" uid="703694">
  <nd ref="6660662189"/>
  <nd ref="6660662190"/>
  <tag k="highway" v="service"/>
  <tag k="maxspeed" v="15 mph"/>
  <tag k="service" v="parking_aisle"/>
 </way>
 <way id="708821951" visible="true" version="2" changeset="122733657" timestamp="2022-06-23T01:37:52Z" user="Clarke22" uid="703694">
  <nd ref="6660662192"/>
  <nd ref="6660662193"/>
  <tag k="highway" v="service"/>
  <tag k="maxspeed" v="15 mph"/>
  <tag k="service" v="parking_aisle"/>
 </way>
 <way id="814635540" visible="true" version="1" changeset="86473933" timestamp="2020-06-10T16:51:57Z" user="Andros66" uid="8929524">
  <nd ref="5213932426"/>
  <nd ref="7609511838"/>
  <nd ref="7609511839"/>
  <nd ref="7609511840"/>
  <nd ref="7609511841"/>
  <tag k="highway" v="service"/>
 </way>
 <way id="859496134" visible="true" version="1" changeset="92547971" timestamp="2020-10-16T01:26:02Z" user="ambarapu" uid="10173454">
  <nd ref="8011527515"/>
  <nd ref="8011527516"/>
  <nd ref="8011527517"/>
  <nd ref="8011527518"/>
  <nd ref="8011527519"/>
  <nd ref="8011527520"/>
  <nd ref="8011527521"/>
  <nd ref="8011527522"/>
  <nd ref="8011527523"/>
  <nd ref="8011527524"/>
  <nd ref="8011527525"/>
  <nd ref="8011527526"/>
  <nd ref="8011527527"/>
  <nd ref="8011527528"/>
  <nd ref="8011527529"/>
  <nd ref="8011527530"/>
  <nd ref="8011527531"/>
  <nd ref="8011527532"/>
  <nd ref="8011527533"/>
  <nd ref="8011527534"/>
  <nd ref="8011527535"/>
  <nd ref="8011527536"/>
  <nd ref="8011527537"/>
  <nd ref="8011527538"/>
  <nd ref="8011527539"/>
  <nd ref="8011527540"/>
  <nd ref="8011527541"/>
  <nd ref="8011527542"/>
  <tag k="highway" v="service"/>
 </way>
 <way id="859496236" visible="true" version="1" changeset="92548006" timestamp="2020-10-16T01:29:25Z" user="swimdb" uid="231017">
  <nd ref="8011498202"/>
  <nd ref="8011498203"/>
  <nd ref="8011498204"/>
  <nd ref="8011498205"/>
  <nd ref="8011498206"/>
  <nd ref="8011498207"/>
  <nd ref="8011498208"/>
  <nd ref="8011498209"/>
  <nd ref="8011498202"/>
  <tag k="building" v="yes"/>
 </way>
 <way id="864849368" visible="true" version="2" changeset="112671985" timestamp="2021-10-18T22:03:23Z" user="riiga" uid="83501">
  <nd ref="37986921"/>
  <nd ref="660557798"/>
  <nd ref="5889477008"/>
  <nd ref="9181364317"/>
  <nd ref="5889477009"/>
  <nd ref="660557800"/>
  <nd ref="5889477006"/>
  <nd ref="5889477007"/>
  <nd ref="5889477005"/>
  <nd ref="660557799"/>
  <nd ref="5889477002"/>
  <nd ref="5889477003"/>
  <nd ref="5889477004"/>
  <nd ref="5889476991"/>
  <nd ref="5889476992"/>
  <nd ref="5889476993"/>
  <nd ref="5889476994"/>
  <nd ref="5889476995"/>
  <nd ref="37969773"/>
  <nd ref="5889477000"/>
  <nd ref="5889477001"/>
  <nd ref="5889476990"/>
  <nd ref="5889476989"/>
  <nd ref="5889476988"/>
  <nd ref="660557805"/>
  <nd ref="5889476987"/>
  <nd ref="3262581297"/>
  <nd ref="660557804"/>
  <nd ref="5889476884"/>
  <nd ref="5889476985"/>
  <nd ref="5889476986"/>
  <nd ref="2182935337"/>
  <nd ref="5889476883"/>
  <nd ref="37986937"/>
  <nd ref="2182935339"/>
  <nd ref="5889476880"/>
  <nd ref="5889476881"/>
  <nd ref="5889476882"/>
  <nd ref="5889476879"/>
  <nd ref="660557786"/>
  <nd ref="5889476878"/>
  <nd ref="5889476877"/>
  <nd ref="5889476869"/>
  <nd ref="37970811"/>
  <tag k="highway" v="track"/>
  <tag k="tiger:cfcc" v="A41"/>
  <tag k="tiger:county" v="Tippecanoe, IN"/>
  <tag k="tiger:reviewed" v="no"/>
 </way>
 <way id="864849369" visible="true" version="3" changeset="141185128" timestamp="2023-09-13T00:37:08Z" user="Clarke22" uid="703694">
  <nd ref="8060713039"/>
  <nd ref="8060713040"/>
  <nd ref="8060713041"/>
  <nd ref="8060713042"/>
  <nd ref="11186907354"/>
  <nd ref="11186907352"/>
  <nd ref="11186907353"/>
  <nd ref="9624782536"/>
  <nd ref="8060713044"/>
  <nd ref="8060713045"/>
  <nd ref="8060713046"/>
  <nd ref="8060713047"/>
  <nd ref="8060713048"/>
  <nd ref="8060713049"/>
  <nd ref="8060713050"/>
  <nd ref="8060713051"/>
  <nd ref="8060713052"/>
  <nd ref="8060713053"/>
  <nd ref="8060713054"/>
  <nd ref="8060713055"/>
  <nd ref="8060713056"/>
  <tag k="highway" v="service"/>
  <tag k="surface" v="unpaved"/>
 </way>
 <way id="865243131" visible="true" version="1" changeset="93273445" timestamp="2020-10-30T07:18:16Z" user="sivachak" uid="10086301">
  <nd ref="8064706116"/>
  <nd ref="8064706117"/>
  <nd ref="8064706118"/>
  <nd ref="8064706119"/>
  <nd ref="8064706120"/>
  <nd ref="8064706121"/>
  <tag k="highway" v="service"/>
  <tag k="service" v="driveway"/>
 </way>
 <way id="867244538" visible="true" version="1" changeset="93592169" timestamp="2020-11-05T09:28:58Z" user="shabkhat" uid="10086290">
  <nd ref="8084013323"/>
  <nd ref="8084013324"/>
  <nd ref="8084013325"/>
  <nd ref="8084013326"/>
  <nd ref="8084013334"/>
  <nd ref="8084013327"/>
  <nd ref="8084013333"/>
  <nd ref="8084013328"/>
  <tag k="highway" v="service"/>
 </way>
 <way id="867244539" visible="true" version="1" changeset="93592169" timestamp="2020-11-05T09:28:58Z" user="shabkhat" uid="10086290">
  <nd ref="8084013329"/>
  <nd ref="8084013330"/>
  <nd ref="8084013331"/>
  <nd ref="8084013332"/>
  <nd ref="8084013333"/>
  <tag k="highway" v="service"/>
 </way>
 <way id="884246126" visible="true" version="2" changeset="138961947" timestamp="2023-07-24T23:20:54Z" user="Clarke22" uid="703694">
  <nd ref="8223417660"/>
  <nd ref="8223417661"/>
  <nd ref="8223417648"/>
  <nd ref="8223417650"/>
  <nd ref="8223417649"/>
  <nd ref="8223417642"/>
  <tag k="bicycle" v="yes"/>
  <tag k="crossing" v="marked"/>
  <tag k="crossing:markings" v="yes"/>
  <tag k="footway" v="crossing"/>
  <tag k="highway" v="footway"/>
 </way>
 <way id="884246127" visible="true" version="2" changeset="112671985" timestamp="2021-10-18T22:03:23Z" user="riiga" uid="83501">
  <nd ref="8223417653"/>
  <nd ref="8223417664"/>
  <nd ref="8223417655"/>
  <nd ref="8223417659"/>
  <nd ref="9181364223"/>
  <tag k="highway" v="service"/>
  <tag k="service" v="parking_aisle"/>
 </way>
 <way id="884246128" visible="true" version="3" changeset="138961947" timestamp="2023-07-24T23:20:54Z" user="Clarke22" uid="703694">
  <nd ref="8223417659"/>
  <nd ref="8223417658"/>
  <nd ref="8223417657"/>
  <nd ref="9181364222"/>
  <nd ref="8223417656"/>
  <nd ref="8223417648"/>
  <tag k="bicycle" v="yes"/>
  <tag k="footway" v="sidewalk"/>
  <tag k="highway" v="footway"/>
  <tag k="surface" v="paved"/>
 </way>
 <way id="884246130" visible="true" version="3" changeset="138961947" timestamp="2023-07-24T23:20:54Z" user="Clarke22" uid="703694">
  <nd ref="8223417660"/>
  <nd ref="8223417662"/>
  <nd ref="8223417663"/>
  <nd ref="8223417664"/>
  <tag k="bicycle" v="yes"/>
  <tag k="footway" v="sidewalk"/>
  <tag k="highway" v="footway"/>
  <tag k="surface" v="paved"/>
 </way>
 <way id="884246131" visible="true" version="2" changeset="141185128" timestamp="2023-09-13T00:37:08Z" user="Clarke22" uid="703694">
  <nd ref="5030755845"/>
  <nd ref="8223417665"/>
  <nd ref="8223417666"/>
  <nd ref="8223417667"/>
  <nd ref="8223417668"/>
  <nd ref="8223417669"/>
  <tag k="highway" v="path"/>
  <tag k="surface" v="paved"/>
 </way>
 <way id="884246132" visible="true" version="2" changeset="122692705" timestamp="2022-06-22T05:31:04Z" user="Clarke22" uid="703694">
  <nd ref="7194498958"/>
  <nd ref="8223417670"/>
  <nd ref="8223417671"/>
  <tag k="highway" v="path"/>
  <tag k="surface" v="paved"/>
 </way>
 <way id="888452659" visible="true" version="2" changeset="141185128" timestamp="2023-09-13T00:37:08Z" user="Clarke22" uid="703694">
  <nd ref="8260067906"/>
  <nd ref="8260067902"/>
  <nd ref="8260067903"/>
  <nd ref="8260067904"/>
  <nd ref="8260067905"/>
  <nd ref="8260067907"/>
  <nd ref="11186907347"/>
  <nd ref="8260067901"/>
  <tag k="bicycle" v="designated"/>
  <tag k="foot" v="designated"/>
  <tag k="highway" v="cycleway"/>
  <tag k="surface" v="asphalt"/>
  <tag k="width" v="2"/>
 </way>
 <way id="893539609" visible="true" version="3" changeset="136546951" timestamp="2023-05-25T14:29:36Z" user="Andros66" uid="8929524">
  <nd ref="10926417043"/>
  <nd ref="8304512577"/>
  <nd ref="9181364492"/>
  <nd ref="8304512578"/>
  <nd ref="9181364493"/>
  <nd ref="8304512579"/>
  <nd ref="9181364494"/>
  <nd ref="9181364495"/>
  <nd ref="9181364496"/>
  <nd ref="8304512580"/>
  <nd ref="8304512581"/>
  <nd ref="8304512582"/>
  <nd ref="8304512599"/>
  <nd ref="8304512572"/>
  <tag k="highway" v="tertiary"/>
  <tag k="lanes" v="2"/>
  <tag k="name" v="Allison Road"/>
  <tag k="surface" v="paved"/>
 </way>
 <way id="893539610" visible="true" version="5" changeset="148590414" timestamp="2024-03-13T12:05:13Z" user="whazen" uid="18632776">
  <nd ref="8304512582"/>
  <nd ref="9181364531"/>
  <nd ref="8304512583"/>
  <nd ref="9181364541"/>
  <nd ref="9181364540"/>
  <nd ref="9181364539"/>
  <tag k="highway" v="tertiary"/>
  <tag k="lanes" v="2"/>
  <tag k="name" v="Hypersonic Parkway"/>
  <tag k="surface" v="paved"/>
 </way>
 <way id="893539611" visible="true" version="5" changeset="141185128" timestamp="2023-09-13T00:37:08Z" user="Clarke22" uid="703694">
  <nd ref="11186907360"/>
  <nd ref="8304512598"/>
  <nd ref="9181364530"/>
  <nd ref="11186907361"/>
  <nd ref="8304512599"/>
  <nd ref="9826421333"/>
  <nd ref="9826421334"/>
  <nd ref="9826421332"/>
  <nd ref="10926417039"/>
  <nd ref="9826421331"/>
  <nd ref="8304512595"/>
  <nd ref="8304512594"/>
  <nd ref="8304512593"/>
  <nd ref="10926417042"/>
  <tag k="bicycle" v="designated"/>
  <tag k="foot" v="designated"/>
  <tag k="highway" v="cycleway"/>
  <tag k="surface" v="asphalt"/>
  <tag k="width" v="3"/>
 </way>
 <way id="895564821" visible="true" version="2" changeset="141185128" timestamp="2023-09-13T00:37:08Z" user="Clarke22" uid="703694">
  <nd ref="37986948"/>
  <nd ref="11186907350"/>
  <nd ref="5213932430"/>
  <tag k="highway" v="residential"/>
 </way>
 <way id="895564822" visible="true" version="1" changeset="97564654" timestamp="2021-01-15T13:50:21Z" user="M@YUR" uid="11767839">
  <nd ref="7609511841"/>
  <nd ref="37986944"/>
  <nd ref="37986948"/>
  <tag k="highway" v="residential"/>
  <tag k="tiger:cfcc" v="A41"/>
  <tag k="tiger:county" v="Tippecanoe, IN"/>
  <tag k="tiger:reviewed" v="no"/>
 </way>
 <way id="895564823" visible="true" version="1" changeset="97564654" timestamp="2021-01-15T13:50:21Z" user="M@YUR" uid="11767839">
  <nd ref="5213932426"/>
  <nd ref="37986948"/>
  <tag k="highway" v="service"/>
 </way>
 <way id="895618153" visible="true" version="5" changeset="138834741" timestamp="2023-07-22T00:25:04Z" user="ExpresswayDave" uid="218222">
  <nd ref="37969794"/>
  <nd ref="5889476297"/>
  <nd ref="5889476298"/>
  <nd ref="5889476299"/>
  <nd ref="5889476300"/>
  <nd ref="1231759470"/>
  <nd ref="5889476302"/>
  <nd ref="9188154182"/>
  <nd ref="5889476301"/>
  <nd ref="5889476304"/>
  <nd ref="5889476303"/>
  <nd ref="1269942936"/>
  <nd ref="5889476305"/>
  <nd ref="5889476306"/>
  <nd ref="1269942796"/>
  <nd ref="9181296109"/>
  <tag k="expressway" v="yes"/>
  <tag k="highway" v="primary"/>
  <tag k="lanes" v="2"/>
  <tag k="maxspeed" v="50 mph"/>
  <tag k="oneway" v="yes"/>
  <tag k="ref" v="US 52;US 231"/>
  <tag k="source:maxspeed" v="sign"/>
  <tag k="surface" v="paved"/>
 </way>
 <way id="896718872" visible="true" version="4" changeset="122691812" timestamp="2022-06-22T05:02:47Z" user="Clarke22" uid="703694">
  <nd ref="38033085"/>
  <nd ref="7518516007"/>
  <nd ref="8460166466"/>
  <nd ref="6664924183"/>
  <nd ref="3059842683"/>
  <nd ref="9542996714"/>
  <nd ref="3066629965"/>
  <nd ref="38033088"/>
  <tag k="highway" v="residential"/>
  <tag k="maxspeed" v="20 mph"/>
  <tag k="name" v="Arnold Drive"/>
  <tag k="tiger:cfcc" v="A41"/>
  <tag k="tiger:county" v="Tippecanoe, IN"/>
  <tag k="tiger:name_base" v="Arnold"/>
  <tag k="tiger:name_type" v="Dr"/>
  <tag k="tiger:reviewed" v="no"/>
  <tag k="tiger:zip_left" v="47906"/>
  <tag k="tiger:zip_right" v="47906"/>
 </way>
 <way id="911066193" visible="true" version="1" changeset="100010816" timestamp="2021-02-26T02:00:12Z" user="Sfriniks" uid="11810703">
  <nd ref="8459616472"/>
  <nd ref="8459616471"/>
  <tag k="aeroway" v="taxiway"/>
 </way>
 <way id="911066194" visible="true" version="1" changeset="100010816" timestamp="2021-02-26T02:00:12Z" user="Sfriniks" uid="11810703">
  <nd ref="8459616474"/>
  <nd ref="8459616473"/>
  <tag k="aeroway" v="taxiway"/>
 </way>
 <way id="911066195" visible="true" version="1" changeset="100010816" timestamp="2021-02-26T02:00:12Z" user="Sfriniks" uid="11810703">
  <nd ref="8459616477"/>
  <nd ref="8459616476"/>
  <nd ref="8459616475"/>
  <tag k="aeroway" v="taxiway"/>
 </way>
 <way id="911066196" visible="true" version="1" changeset="100010816" timestamp="2021-02-26T02:00:12Z" user="Sfriniks" uid="11810703">
  <nd ref="8459616488"/>
  <nd ref="8459616474"/>
  <nd ref="8459616471"/>
  <nd ref="8459616496"/>
  <nd ref="8459616490"/>
  <nd ref="8459616476"/>
  <nd ref="8459616485"/>
  <nd ref="8459616484"/>
  <nd ref="8459616483"/>
  <nd ref="8459616482"/>
  <nd ref="8459616481"/>
  <nd ref="8459616480"/>
  <nd ref="8459616479"/>
  <nd ref="8459616478"/>
  <tag k="aeroway" v="taxiway"/>
 </way>
 <way id="911066197" visible="true" version="1" changeset="100010816" timestamp="2021-02-26T02:00:12Z" user="Sfriniks" uid="11810703">
  <nd ref="8459616489"/>
  <nd ref="8459616488"/>
  <nd ref="8459616487"/>
  <nd ref="8459616486"/>
  <tag k="aeroway" v="taxiway"/>
 </way>
 <way id="911066198" visible="true" version="1" changeset="100010816" timestamp="2021-02-26T02:00:12Z" user="Sfriniks" uid="11810703">
  <nd ref="8459616497"/>
  <nd ref="8459616493"/>
  <nd ref="8459616492"/>
  <nd ref="8459616491"/>
  <nd ref="8459616490"/>
  <tag k="aeroway" v="taxiway"/>
 </way>
 <way id="911066199" visible="true" version="1" changeset="100010816" timestamp="2021-02-26T02:00:12Z" user="Sfriniks" uid="11810703">
  <nd ref="8459616498"/>
  <nd ref="8459616497"/>
  <nd ref="8459616496"/>
  <nd ref="8459616495"/>
  <nd ref="8459616494"/>
  <tag k="aeroway" v="taxiway"/>
 </way>
 <way id="911066200" visible="true" version="1" changeset="100010816" timestamp="2021-02-26T02:00:12Z" user="Sfriniks" uid="11810703">
  <nd ref="8459650426"/>
  <nd ref="8459650425"/>
  <nd ref="8459650424"/>
  <nd ref="8459650423"/>
  <nd ref="8459650422"/>
  <nd ref="8459650421"/>
  <nd ref="8459650420"/>
  <nd ref="8459650419"/>
  <nd ref="8459650418"/>
  <nd ref="8459650417"/>
  <nd ref="8459616516"/>
  <nd ref="8459616515"/>
  <nd ref="8459616514"/>
  <nd ref="8459616513"/>
  <nd ref="8459616512"/>
  <nd ref="8459616511"/>
  <nd ref="8459616510"/>
  <nd ref="8459616509"/>
  <nd ref="8459616508"/>
  <nd ref="8459616507"/>
  <nd ref="8459616506"/>
  <nd ref="8459616505"/>
  <nd ref="8459616504"/>
  <nd ref="8459616503"/>
  <nd ref="8459616502"/>
  <nd ref="8459616501"/>
  <nd ref="8459616500"/>
  <nd ref="8459650426"/>
  <tag k="landuse" v="grass"/>
 </way>
 <way id="911066201" visible="true" version="1" changeset="100010816" timestamp="2021-02-26T02:00:12Z" user="Sfriniks" uid="11810703">
  <nd ref="8459650445"/>
  <nd ref="8459650444"/>
  <nd ref="8459650443"/>
  <nd ref="8459650442"/>
  <nd ref="8459650441"/>
  <nd ref="8459650440"/>
  <nd ref="8459650439"/>
  <nd ref="8459650438"/>
  <nd ref="8459650437"/>
  <nd ref="8459650436"/>
  <nd ref="8459650435"/>
  <nd ref="8459650434"/>
  <nd ref="8459650433"/>
  <nd ref="8459650432"/>
  <nd ref="8459650431"/>
  <nd ref="8459650430"/>
  <nd ref="8459650429"/>
  <nd ref="8459650428"/>
  <nd ref="8459650427"/>
  <nd ref="8459650445"/>
  <tag k="landuse" v="grass"/>
 </way>
 <way id="911066202" visible="true" version="1" changeset="100010816" timestamp="2021-02-26T02:00:12Z" user="Sfriniks" uid="11810703">
  <nd ref="8459650465"/>
  <nd ref="8459650464"/>
  <nd ref="8459650463"/>
  <nd ref="8459650462"/>
  <nd ref="8459650461"/>
  <nd ref="8459650460"/>
  <nd ref="8459650459"/>
  <nd ref="8459650458"/>
  <nd ref="8459650457"/>
  <nd ref="8459650456"/>
  <nd ref="8459650455"/>
  <nd ref="8459650454"/>
  <nd ref="8459650453"/>
  <nd ref="8459650452"/>
  <nd ref="8459650451"/>
  <nd ref="8459650450"/>
  <nd ref="8459650449"/>
  <nd ref="8459650448"/>
  <nd ref="8459650447"/>
  <nd ref="8459650446"/>
  <nd ref="8459650465"/>
  <tag k="landuse" v="grass"/>
 </way>
 <way id="911066203" visible="true" version="1" changeset="100010816" timestamp="2021-02-26T02:00:12Z" user="Sfriniks" uid="11810703">
  <nd ref="8459650491"/>
  <nd ref="8459650490"/>
  <nd ref="8459650489"/>
  <nd ref="8459650488"/>
  <nd ref="8459650487"/>
  <nd ref="8459650486"/>
  <nd ref="8459650485"/>
  <nd ref="8459650484"/>
  <nd ref="8459650483"/>
  <nd ref="8459650482"/>
  <nd ref="8459650481"/>
  <nd ref="8459650480"/>
  <nd ref="8459650479"/>
  <nd ref="8459650478"/>
  <nd ref="8459650477"/>
  <nd ref="8459650476"/>
  <nd ref="8459650475"/>
  <nd ref="8459650474"/>
  <nd ref="8459650473"/>
  <nd ref="8459650472"/>
  <nd ref="8459650471"/>
  <nd ref="8459650470"/>
  <nd ref="8459650469"/>
  <nd ref="8459650468"/>
  <nd ref="8459650467"/>
  <nd ref="8459650466"/>
  <nd ref="8459650491"/>
  <tag k="landuse" v="grass"/>
 </way>
 <way id="911066204" visible="true" version="1" changeset="100010816" timestamp="2021-02-26T02:00:12Z" user="Sfriniks" uid="11810703">
  <nd ref="8459650525"/>
  <nd ref="8459650524"/>
  <nd ref="8459650523"/>
  <nd ref="8459650522"/>
  <nd ref="8459650521"/>
  <nd ref="8459650520"/>
  <nd ref="8459650519"/>
  <nd ref="8459650518"/>
  <nd ref="8459650517"/>
  <nd ref="8459650516"/>
  <nd ref="8459650515"/>
  <nd ref="8459650514"/>
  <nd ref="8459650513"/>
  <nd ref="8459650512"/>
  <nd ref="8459650511"/>
  <nd ref="8459650510"/>
  <nd ref="8459650509"/>
  <nd ref="8459650508"/>
  <nd ref="8459650507"/>
  <nd ref="8459650506"/>
  <nd ref="8459650505"/>
  <nd ref="8459650504"/>
  <nd ref="8459650503"/>
  <nd ref="8459650502"/>
  <nd ref="8459650501"/>
  <nd ref="8459650500"/>
  <nd ref="8459650499"/>
  <nd ref="8459650498"/>
  <nd ref="8459650497"/>
  <nd ref="8459650496"/>
  <nd ref="8459650495"/>
  <nd ref="8459650494"/>
  <nd ref="8459650493"/>
  <nd ref="8459650492"/>
  <nd ref="8459650525"/>
  <tag k="landuse" v="grass"/>
 </way>
 <way id="911066205" visible="true" version="1" changeset="100010816" timestamp="2021-02-26T02:00:12Z" user="Sfriniks" uid="11810703">
  <nd ref="8459650562"/>
  <nd ref="8459650561"/>
  <nd ref="8459650560"/>
  <nd ref="8459650559"/>
  <nd ref="8459650558"/>
  <nd ref="8459650557"/>
  <nd ref="8459650556"/>
  <nd ref="8459650555"/>
  <nd ref="8459650554"/>
  <nd ref="8459650553"/>
  <nd ref="8459650552"/>
  <nd ref="8459650551"/>
  <nd ref="8459650550"/>
  <nd ref="8459650549"/>
  <nd ref="8459650548"/>
  <nd ref="8459650547"/>
  <nd ref="8459650546"/>
  <nd ref="8459650545"/>
  <nd ref="8459650544"/>
  <nd ref="8459650543"/>
  <nd ref="8459650542"/>
  <nd ref="8459650541"/>
  <nd ref="8459650540"/>
  <nd ref="8459650539"/>
  <nd ref="8459650538"/>
  <nd ref="8459650537"/>
  <nd ref="8459650536"/>
  <nd ref="8459650535"/>
  <nd ref="8459650534"/>
  <nd ref="8459650533"/>
  <nd ref="8459650532"/>
  <nd ref="8459650531"/>
  <nd ref="8459650530"/>
  <nd ref="8459650529"/>
  <nd ref="8459650528"/>
  <nd ref="8459650526"/>
  <nd ref="8459650527"/>
  <nd ref="8459650562"/>
  <tag k="landuse" v="grass"/>
 </way>
 <way id="911066206" visible="true" version="1" changeset="100010816" timestamp="2021-02-26T02:00:12Z" user="Sfriniks" uid="11810703">
  <nd ref="8459650600"/>
  <nd ref="8459650599"/>
  <nd ref="8459650598"/>
  <nd ref="8459650597"/>
  <nd ref="8459650596"/>
  <nd ref="8459650595"/>
  <nd ref="8459650594"/>
  <nd ref="8459650593"/>
  <nd ref="8459650592"/>
  <nd ref="8459650591"/>
  <nd ref="8459650590"/>
  <nd ref="8459650589"/>
  <nd ref="8459650588"/>
  <nd ref="8459650587"/>
  <nd ref="8459650586"/>
  <nd ref="8459650585"/>
  <nd ref="8459650584"/>
  <nd ref="8459650583"/>
  <nd ref="8459650582"/>
  <nd ref="8459650581"/>
  <nd ref="8459650580"/>
  <nd ref="8459650579"/>
  <nd ref="8459650578"/>
  <nd ref="8459650577"/>
  <nd ref="8459650576"/>
  <nd ref="8459650575"/>
  <nd ref="8459650574"/>
  <nd ref="8459650573"/>
  <nd ref="8459650572"/>
  <nd ref="8459650571"/>
  <nd ref="8459650570"/>
  <nd ref="8459650569"/>
  <nd ref="8459650568"/>
  <nd ref="8459650567"/>
  <nd ref="8459650566"/>
  <nd ref="8459650565"/>
  <nd ref="8459650564"/>
  <nd ref="8459650563"/>
  <nd ref="8459650600"/>
  <tag k="landuse" v="grass"/>
 </way>
 <way id="911066207" visible="true" version="1" changeset="100010816" timestamp="2021-02-26T02:00:12Z" user="Sfriniks" uid="11810703">
  <nd ref="8459650618"/>
  <nd ref="8459650617"/>
  <nd ref="8459650616"/>
  <nd ref="8459650615"/>
  <nd ref="8459650614"/>
  <nd ref="8459650613"/>
  <nd ref="8459650612"/>
  <nd ref="8459650611"/>
  <nd ref="8459650610"/>
  <nd ref="8459650609"/>
  <nd ref="8459650608"/>
  <nd ref="8459650607"/>
  <nd ref="8459650606"/>
  <nd ref="8459650605"/>
  <nd ref="8459650604"/>
  <nd ref="8459650603"/>
  <nd ref="8459650602"/>
  <nd ref="8459650601"/>
  <nd ref="8459650618"/>
  <tag k="landuse" v="grass"/>
 </way>
 <way id="911066208" visible="true" version="1" changeset="100010816" timestamp="2021-02-26T02:00:12Z" user="Sfriniks" uid="11810703">
  <nd ref="8459650633"/>
  <nd ref="8459650632"/>
  <nd ref="8459650631"/>
  <nd ref="8459650630"/>
  <nd ref="8459650629"/>
  <nd ref="8459650628"/>
  <nd ref="8459650627"/>
  <nd ref="8459650626"/>
  <nd ref="8459650625"/>
  <nd ref="8459650624"/>
  <nd ref="8459650623"/>
  <nd ref="8459650622"/>
  <nd ref="8459650621"/>
  <nd ref="8459650619"/>
  <nd ref="8459650620"/>
  <nd ref="8459650633"/>
  <tag k="landuse" v="grass"/>
 </way>
 <way id="911066209" visible="true" version="1" changeset="100010816" timestamp="2021-02-26T02:00:12Z" user="Sfriniks" uid="11810703">
  <nd ref="8459650673"/>
  <nd ref="8459650672"/>
  <nd ref="8459650671"/>
  <nd ref="8459650670"/>
  <nd ref="8459650669"/>
  <nd ref="8459650668"/>
  <nd ref="8459650667"/>
  <nd ref="8459650666"/>
  <nd ref="8459650665"/>
  <nd ref="8459650664"/>
  <nd ref="8459650663"/>
  <nd ref="8459650662"/>
  <nd ref="8459650661"/>
  <nd ref="8459650660"/>
  <nd ref="8459650659"/>
  <nd ref="8459650658"/>
  <nd ref="8459650657"/>
  <nd ref="8459650656"/>
  <nd ref="8459650655"/>
  <nd ref="8459650654"/>
  <nd ref="8459650653"/>
  <nd ref="8459650652"/>
  <nd ref="8459650651"/>
  <nd ref="8459650650"/>
  <nd ref="8459650649"/>
  <nd ref="8459650648"/>
  <nd ref="8459650647"/>
  <nd ref="8459650646"/>
  <nd ref="8459650645"/>
  <nd ref="8459650644"/>
  <nd ref="8459650643"/>
  <nd ref="8459650642"/>
  <nd ref="8459650641"/>
  <nd ref="8459650640"/>
  <nd ref="8459650639"/>
  <nd ref="8459650638"/>
  <nd ref="8459650637"/>
  <nd ref="8459650636"/>
  <nd ref="8459650635"/>
  <nd ref="8459650673"/>
  <tag k="landuse" v="grass"/>
 </way>
 <way id="911066210" visible="true" version="1" changeset="100010816" timestamp="2021-02-26T02:00:12Z" user="Sfriniks" uid="11810703">
  <nd ref="8459650710"/>
  <nd ref="8459650709"/>
  <nd ref="8459650708"/>
  <nd ref="8459650707"/>
  <nd ref="8459650706"/>
  <nd ref="8459650705"/>
  <nd ref="8459650704"/>
  <nd ref="8459650703"/>
  <nd ref="8459650702"/>
  <nd ref="8459650701"/>
  <nd ref="8459650700"/>
  <nd ref="8459650699"/>
  <nd ref="8459650698"/>
  <nd ref="8459650697"/>
  <nd ref="8459650696"/>
  <nd ref="8459650695"/>
  <nd ref="8459650694"/>
  <nd ref="8459650693"/>
  <nd ref="8459650692"/>
  <nd ref="8459650691"/>
  <nd ref="8459650690"/>
  <nd ref="8459650689"/>
  <nd ref="8459650688"/>
  <nd ref="8459650687"/>
  <nd ref="8459650686"/>
  <nd ref="8459650685"/>
  <nd ref="8459650684"/>
  <nd ref="8459650683"/>
  <nd ref="8459650682"/>
  <nd ref="8459650681"/>
  <nd ref="8459650680"/>
  <nd ref="8459650710"/>
  <tag k="landuse" v="grass"/>
 </way>
 <way id="911066211" visible="true" version="1" changeset="100010816" timestamp="2021-02-26T02:00:12Z" user="Sfriniks" uid="11810703">
  <nd ref="8459650741"/>
  <nd ref="8459650740"/>
  <nd ref="8459650739"/>
  <nd ref="8459650738"/>
  <nd ref="8459650737"/>
  <nd ref="8459650736"/>
  <nd ref="8459650735"/>
  <nd ref="8459650734"/>
  <nd ref="8459650733"/>
  <nd ref="8459650732"/>
  <nd ref="8459650731"/>
  <nd ref="8459650730"/>
  <nd ref="8459650729"/>
  <nd ref="8459650728"/>
  <nd ref="8459650727"/>
  <nd ref="8459650726"/>
  <nd ref="8459650725"/>
  <nd ref="8459650724"/>
  <nd ref="8459650723"/>
  <nd ref="8459650722"/>
  <nd ref="8459650721"/>
  <nd ref="8459650720"/>
  <nd ref="8459650719"/>
  <nd ref="8459650718"/>
  <nd ref="8459650717"/>
  <nd ref="8459650716"/>
  <nd ref="8459650715"/>
  <nd ref="8459650714"/>
  <nd ref="8459650713"/>
  <nd ref="8459650712"/>
  <nd ref="8459650711"/>
  <nd ref="8459650741"/>
  <tag k="landuse" v="grass"/>
 </way>
 <way id="911066212" visible="true" version="1" changeset="100010816" timestamp="2021-02-26T02:00:12Z" user="Sfriniks" uid="11810703">
  <nd ref="8459650796"/>
  <nd ref="8459650795"/>
  <nd ref="8459650794"/>
  <nd ref="8459650793"/>
  <nd ref="8459650792"/>
  <nd ref="8459650791"/>
  <nd ref="8459650790"/>
  <nd ref="8459650789"/>
  <nd ref="8459650788"/>
  <nd ref="8459650787"/>
  <nd ref="8459650786"/>
  <nd ref="8459650785"/>
  <nd ref="8459650784"/>
  <nd ref="8459650783"/>
  <nd ref="8459650782"/>
  <nd ref="8459650781"/>
  <nd ref="8459650780"/>
  <nd ref="8459650779"/>
  <nd ref="8459650778"/>
  <nd ref="8459650777"/>
  <nd ref="8459650776"/>
  <nd ref="8459650775"/>
  <nd ref="8459650774"/>
  <nd ref="8459650773"/>
  <nd ref="8459650772"/>
  <nd ref="8459650771"/>
  <nd ref="8459650770"/>
  <nd ref="8459650769"/>
  <nd ref="8459650768"/>
  <nd ref="8459650767"/>
  <nd ref="8459650766"/>
  <nd ref="8459650765"/>
  <nd ref="8459650764"/>
  <nd ref="8459650763"/>
  <nd ref="8459650762"/>
  <nd ref="8459650761"/>
  <nd ref="8459650760"/>
  <nd ref="8459650759"/>
  <nd ref="8459650758"/>
  <nd ref="8459650757"/>
  <nd ref="8459650756"/>
  <nd ref="8459650755"/>
  <nd ref="8459650754"/>
  <nd ref="8459650753"/>
  <nd ref="8459650752"/>
  <nd ref="8459650751"/>
  <nd ref="8459650750"/>
  <nd ref="8459650749"/>
  <nd ref="8459650748"/>
  <nd ref="8459650747"/>
  <nd ref="8459650746"/>
  <nd ref="8459650745"/>
  <nd ref="8459650744"/>
  <nd ref="8459650743"/>
  <nd ref="8459650742"/>
  <nd ref="8459650796"/>
  <tag k="landuse" v="grass"/>
 </way>
 <way id="911066213" visible="true" version="1" changeset="100010816" timestamp="2021-02-26T02:00:12Z" user="Sfriniks" uid="11810703">
  <nd ref="8459650844"/>
  <nd ref="8459650843"/>
  <nd ref="8459650842"/>
  <nd ref="8459650841"/>
  <nd ref="8459650840"/>
  <nd ref="8459650839"/>
  <nd ref="8459650838"/>
  <nd ref="8459650837"/>
  <nd ref="8459650836"/>
  <nd ref="8459650835"/>
  <nd ref="8459650834"/>
  <nd ref="8459650833"/>
  <nd ref="8459650832"/>
  <nd ref="8459650831"/>
  <nd ref="8459650830"/>
  <nd ref="8459650829"/>
  <nd ref="8459650828"/>
  <nd ref="8459650827"/>
  <nd ref="8459650826"/>
  <nd ref="8459650825"/>
  <nd ref="8459650824"/>
  <nd ref="8459650823"/>
  <nd ref="8459650822"/>
  <nd ref="8459650821"/>
  <nd ref="8459650820"/>
  <nd ref="8459650819"/>
  <nd ref="8459650818"/>
  <nd ref="8459650817"/>
  <nd ref="8459650816"/>
  <nd ref="8459650815"/>
  <nd ref="8459650814"/>
  <nd ref="8459650813"/>
  <nd ref="8459650812"/>
  <nd ref="8459650811"/>
  <nd ref="8459650810"/>
  <nd ref="8459650809"/>
  <nd ref="8459650808"/>
  <nd ref="8459650807"/>
  <nd ref="8459650806"/>
  <nd ref="8459650805"/>
  <nd ref="8459650804"/>
  <nd ref="8459650803"/>
  <nd ref="8459650802"/>
  <nd ref="8459650801"/>
  <nd ref="8459650800"/>
  <nd ref="8459650799"/>
  <nd ref="8459650798"/>
  <nd ref="8459650797"/>
  <nd ref="8459650844"/>
  <tag k="landuse" v="grass"/>
 </way>
 <way id="911066214" visible="true" version="1" changeset="100010816" timestamp="2021-02-26T02:00:12Z" user="Sfriniks" uid="11810703">
  <nd ref="8459650894"/>
  <nd ref="8459650893"/>
  <nd ref="8459650892"/>
  <nd ref="8459650891"/>
  <nd ref="8459650890"/>
  <nd ref="8459650889"/>
  <nd ref="8459650888"/>
  <nd ref="8459650887"/>
  <nd ref="8459650886"/>
  <nd ref="8459650885"/>
  <nd ref="8459650884"/>
  <nd ref="8459650883"/>
  <nd ref="8459650882"/>
  <nd ref="8459650881"/>
  <nd ref="8459650880"/>
  <nd ref="8459650879"/>
  <nd ref="8459650878"/>
  <nd ref="8459650877"/>
  <nd ref="8459650876"/>
  <nd ref="8459650875"/>
  <nd ref="8459650874"/>
  <nd ref="8459650873"/>
  <nd ref="8459650872"/>
  <nd ref="8459650871"/>
  <nd ref="8459650870"/>
  <nd ref="8459650869"/>
  <nd ref="8459650868"/>
  <nd ref="8459650867"/>
  <nd ref="8459650866"/>
  <nd ref="8459650865"/>
  <nd ref="8459650864"/>
  <nd ref="8459650863"/>
  <nd ref="8459650862"/>
  <nd ref="8459650861"/>
  <nd ref="8459650860"/>
  <nd ref="8459650859"/>
  <nd ref="8459650858"/>
  <nd ref="8459650857"/>
  <nd ref="8459650856"/>
  <nd ref="8459650855"/>
  <nd ref="8459650854"/>
  <nd ref="8459650853"/>
  <nd ref="8459650852"/>
  <nd ref="8459650851"/>
  <nd ref="8459650850"/>
  <nd ref="8459650849"/>
  <nd ref="8459650848"/>
  <nd ref="8459650847"/>
  <nd ref="8459650846"/>
  <nd ref="8459650845"/>
  <nd ref="8459650894"/>
  <tag k="landuse" v="grass"/>
 </way>
 <way id="911066215" visible="true" version="1" changeset="100010816" timestamp="2021-02-26T02:00:12Z" user="Sfriniks" uid="11810703">
  <nd ref="8459650895"/>
  <nd ref="8459650896"/>
  <nd ref="8459650897"/>
  <nd ref="8459650898"/>
  <nd ref="8459650899"/>
  <nd ref="8459650900"/>
  <nd ref="8459650901"/>
  <nd ref="8459650902"/>
  <nd ref="8459650903"/>
  <nd ref="8459650904"/>
  <nd ref="8459650905"/>
  <nd ref="8459650906"/>
  <nd ref="8459650924"/>
  <nd ref="8459650923"/>
  <nd ref="8459650922"/>
  <nd ref="8459650921"/>
  <nd ref="8459650920"/>
  <nd ref="8459650919"/>
  <nd ref="8459650918"/>
  <nd ref="8459650917"/>
  <nd ref="8459650916"/>
  <nd ref="8459650915"/>
  <nd ref="8459650914"/>
  <nd ref="8459650913"/>
  <nd ref="8459650912"/>
  <nd ref="8459650911"/>
  <nd ref="8459650910"/>
  <nd ref="8459650909"/>
  <nd ref="8459650908"/>
  <nd ref="8459650907"/>
  <tag k="aeroway" v="taxiway"/>
 </way>
 <way id="911066216" visible="true" version="1" changeset="100010816" timestamp="2021-02-26T02:00:12Z" user="Sfriniks" uid="11810703">
  <nd ref="8459650935"/>
  <nd ref="8459650934"/>
  <nd ref="8459650933"/>
  <nd ref="8459650932"/>
  <nd ref="8459650931"/>
  <nd ref="8459650930"/>
  <nd ref="8459650929"/>
  <nd ref="8459650928"/>
  <nd ref="8459650927"/>
  <nd ref="8459650926"/>
  <nd ref="8459650925"/>
  <tag k="aeroway" v="taxiway"/>
 </way>
 <way id="911066217" visible="true" version="1" changeset="100010816" timestamp="2021-02-26T02:00:12Z" user="Sfriniks" uid="11810703">
  <nd ref="8459650949"/>
  <nd ref="8459650948"/>
  <nd ref="8459650947"/>
  <nd ref="8459650946"/>
  <nd ref="8459650945"/>
  <nd ref="8459650944"/>
  <nd ref="8459650943"/>
  <nd ref="8459650942"/>
  <nd ref="8459650941"/>
  <nd ref="8459650940"/>
  <nd ref="8459650939"/>
  <nd ref="8459650938"/>
  <nd ref="8459650937"/>
  <nd ref="8459650936"/>
  <tag k="aeroway" v="taxiway"/>
 </way>
 <way id="911066218" visible="true" version="1" changeset="100010816" timestamp="2021-02-26T02:00:12Z" user="Sfriniks" uid="11810703">
  <nd ref="8459650975"/>
  <nd ref="8459650957"/>
  <nd ref="8459650958"/>
  <nd ref="8459650959"/>
  <nd ref="8459650960"/>
  <nd ref="8459650961"/>
  <nd ref="8459650962"/>
  <nd ref="8459650963"/>
  <nd ref="8459650964"/>
  <nd ref="8459650971"/>
  <nd ref="8459650970"/>
  <nd ref="8459650969"/>
  <nd ref="8459650968"/>
  <nd ref="8459650967"/>
  <nd ref="8459650966"/>
  <nd ref="8459650965"/>
  <tag k="aeroway" v="taxiway"/>
 </way>
 <way id="911066219" visible="true" version="1" changeset="100010816" timestamp="2021-02-26T02:00:12Z" user="Sfriniks" uid="11810703">
  <nd ref="8459650995"/>
  <nd ref="8459650994"/>
  <nd ref="8459650993"/>
  <nd ref="8459650992"/>
  <nd ref="8459650991"/>
  <nd ref="8459650990"/>
  <nd ref="8459650989"/>
  <nd ref="8459650988"/>
  <nd ref="8459650987"/>
  <nd ref="8459650986"/>
  <nd ref="8459650985"/>
  <nd ref="8459650984"/>
  <nd ref="8459650983"/>
  <nd ref="8459650982"/>
  <nd ref="8459650981"/>
  <nd ref="8459650980"/>
  <nd ref="8459650979"/>
  <tag k="aeroway" v="taxiway"/>
 </way>
 <way id="911066220" visible="true" version="1" changeset="100010816" timestamp="2021-02-26T02:00:12Z" user="Sfriniks" uid="11810703">
  <nd ref="8459650996"/>
  <nd ref="8459650997"/>
  <nd ref="8459650998"/>
  <nd ref="8459650999"/>
  <nd ref="8459651000"/>
  <nd ref="8459651001"/>
  <nd ref="8459651002"/>
  <nd ref="8459651003"/>
  <nd ref="8459651004"/>
  <nd ref="8459651013"/>
  <nd ref="8459651012"/>
  <nd ref="8459651011"/>
  <nd ref="8459651010"/>
  <nd ref="8459651009"/>
  <nd ref="8459651008"/>
  <nd ref="8459651007"/>
  <nd ref="8459651006"/>
  <nd ref="8459651005"/>
  <tag k="aeroway" v="taxiway"/>
 </way>
 <way id="911066221" visible="true" version="1" changeset="100010816" timestamp="2021-02-26T02:00:12Z" user="Sfriniks" uid="11810703">
  <nd ref="8459651025"/>
  <nd ref="8459651020"/>
  <nd ref="8459651019"/>
  <nd ref="8459651018"/>
  <nd ref="8459651017"/>
  <nd ref="8459651016"/>
  <nd ref="8459651015"/>
  <tag k="aeroway" v="taxiway"/>
 </way>
 <way id="911066222" visible="true" version="1" changeset="100010816" timestamp="2021-02-26T02:00:12Z" user="Sfriniks" uid="11810703">
  <nd ref="8459651029"/>
  <nd ref="8459651027"/>
  <nd ref="8459651028"/>
  <tag k="aeroway" v="taxiway"/>
  <tag k="ref" v="B1"/>
 </way>
 <way id="911066223" visible="true" version="1" changeset="100010816" timestamp="2021-02-26T02:00:12Z" user="Sfriniks" uid="11810703">
  <nd ref="877225635"/>
  <nd ref="8459651058"/>
  <nd ref="8459651060"/>
  <nd ref="8459651061"/>
  <nd ref="8459651043"/>
  <nd ref="877225638"/>
  <nd ref="8459651041"/>
  <nd ref="8459651042"/>
  <nd ref="877225640"/>
  <nd ref="8459651040"/>
  <nd ref="877225642"/>
  <tag k="aeroway" v="taxiway"/>
  <tag k="ref" v="A1"/>
 </way>
 <way id="911066224" visible="true" version="1" changeset="100010816" timestamp="2021-02-26T02:00:12Z" user="Sfriniks" uid="11810703">
  <nd ref="8459651076"/>
  <nd ref="8459651075"/>
  <nd ref="8459651074"/>
  <nd ref="8459651073"/>
  <nd ref="8459651072"/>
  <nd ref="8459651071"/>
  <nd ref="8459651070"/>
  <nd ref="8459651069"/>
  <nd ref="8459651068"/>
  <nd ref="8459651067"/>
  <tag k="aeroway" v="taxiway"/>
 </way>
 <way id="911066225" visible="true" version="1" changeset="100010816" timestamp="2021-02-26T02:00:12Z" user="Sfriniks" uid="11810703">
  <nd ref="8459651158"/>
  <nd ref="8459651084"/>
  <nd ref="8459651083"/>
  <nd ref="8459651082"/>
  <nd ref="8459651081"/>
  <nd ref="8459651080"/>
  <nd ref="8459651079"/>
  <nd ref="8459651078"/>
  <nd ref="8459651077"/>
  <tag k="aeroway" v="taxiway"/>
 </way>
 <way id="911066226" visible="true" version="1" changeset="100010816" timestamp="2021-02-26T02:00:12Z" user="Sfriniks" uid="11810703">
  <nd ref="8459651160"/>
  <nd ref="8459651101"/>
  <nd ref="8459651100"/>
  <nd ref="8459651099"/>
  <nd ref="8459651098"/>
  <nd ref="8459651097"/>
  <nd ref="8459651096"/>
  <nd ref="8459651095"/>
  <nd ref="8459651094"/>
  <nd ref="8459651093"/>
  <nd ref="8459651092"/>
  <nd ref="8459651091"/>
  <nd ref="8459651090"/>
  <nd ref="8459651089"/>
  <nd ref="8459651088"/>
  <nd ref="8459651087"/>
  <nd ref="8459651086"/>
  <nd ref="8459651085"/>
  <tag k="aeroway" v="taxiway"/>
 </way>
 <way id="911066227" visible="true" version="1" changeset="100010816" timestamp="2021-02-26T02:00:12Z" user="Sfriniks" uid="11810703">
  <nd ref="8459651107"/>
  <nd ref="8459651106"/>
  <nd ref="8459651105"/>
  <nd ref="8459651104"/>
  <nd ref="8459651103"/>
  <nd ref="8459651102"/>
  <tag k="aeroway" v="taxiway"/>
 </way>
 <way id="911066228" visible="true" version="1" changeset="100010816" timestamp="2021-02-26T02:00:12Z" user="Sfriniks" uid="11810703">
  <nd ref="8459651121"/>
  <nd ref="8459651120"/>
  <nd ref="8459651119"/>
  <nd ref="8459651118"/>
  <nd ref="8459651117"/>
  <nd ref="8459651116"/>
  <nd ref="8459651115"/>
  <nd ref="8459651114"/>
  <nd ref="8459651113"/>
  <nd ref="8459651112"/>
  <nd ref="8459651111"/>
  <nd ref="8459651110"/>
  <nd ref="8459651109"/>
  <nd ref="8459651108"/>
  <tag k="aeroway" v="taxiway"/>
 </way>
 <way id="911066229" visible="true" version="1" changeset="100010816" timestamp="2021-02-26T02:00:12Z" user="Sfriniks" uid="11810703">
  <nd ref="8459651132"/>
  <nd ref="8459651128"/>
  <nd ref="8459651127"/>
  <nd ref="8459651126"/>
  <nd ref="8459651125"/>
  <nd ref="8459651124"/>
  <nd ref="8459651123"/>
  <nd ref="8459651122"/>
  <tag k="aeroway" v="taxiway"/>
 </way>
 <way id="911066230" visible="true" version="1" changeset="100010816" timestamp="2021-02-26T02:00:12Z" user="Sfriniks" uid="11810703">
  <nd ref="877225751"/>
  <nd ref="8459651140"/>
  <nd ref="8459651141"/>
  <nd ref="8459651139"/>
  <nd ref="877225753"/>
  <nd ref="8459651142"/>
  <nd ref="577079122"/>
  <tag k="aeroway" v="taxiway"/>
  <tag k="ref" v="B5"/>
 </way>
 <way id="911066231" visible="true" version="1" changeset="100010816" timestamp="2021-02-26T02:00:12Z" user="Sfriniks" uid="11810703">
  <nd ref="8459650950"/>
  <nd ref="8459650953"/>
  <nd ref="8459650952"/>
  <nd ref="877225739"/>
  <nd ref="8459651014"/>
  <nd ref="8459651013"/>
  <nd ref="877225728"/>
  <tag k="aeroway" v="taxiway"/>
 </way>
 <way id="911066232" visible="true" version="1" changeset="100010816" timestamp="2021-02-26T02:00:12Z" user="Sfriniks" uid="11810703">
  <nd ref="877225729"/>
  <nd ref="8459651076"/>
  <nd ref="8459651155"/>
  <nd ref="877225730"/>
  <tag k="aeroway" v="taxiway"/>
  <tag k="ref" v="B3"/>
 </way>
 <way id="911066233" visible="true" version="1" changeset="100010816" timestamp="2021-02-26T02:00:12Z" user="Sfriniks" uid="11810703">
  <nd ref="877225728"/>
  <nd ref="8459650979"/>
  <nd ref="8459651161"/>
  <nd ref="8459651025"/>
  <nd ref="8459651022"/>
  <nd ref="8459651023"/>
  <nd ref="8459651021"/>
  <nd ref="8459651024"/>
  <nd ref="8459651026"/>
  <tag k="aeroway" v="taxiway"/>
  <tag k="ref" v="C1"/>
 </way>
 <way id="911066234" visible="true" version="1" changeset="100010816" timestamp="2021-02-26T02:00:12Z" user="Sfriniks" uid="11810703">
  <nd ref="877225717"/>
  <nd ref="8459651173"/>
  <nd ref="877225719"/>
  <nd ref="8459651174"/>
  <nd ref="877225723"/>
  <nd ref="8459651175"/>
  <nd ref="877225725"/>
  <tag k="aeroway" v="taxiway"/>
  <tag k="ref" v="C4"/>
 </way>
 <way id="911119688" visible="true" version="4" changeset="122812377" timestamp="2022-06-24T17:30:53Z" user="Clarke22" uid="703694">
  <nd ref="8460166471"/>
  <nd ref="9522984349"/>
  <nd ref="9844662877"/>
  <nd ref="8460166472"/>
  <nd ref="8460166473"/>
  <nd ref="8460166474"/>
  <nd ref="5030761070"/>
  <nd ref="9522984351"/>
  <nd ref="9522984340"/>
  <nd ref="8460166476"/>
  <nd ref="9844662876"/>
  <nd ref="8460166489"/>
  <nd ref="5030761057"/>
  <nd ref="8460166477"/>
  <nd ref="9844662875"/>
  <nd ref="8460166479"/>
  <nd ref="9844662874"/>
  <nd ref="9522984366"/>
  <nd ref="9522984365"/>
  <nd ref="9522984363"/>
  <nd ref="8460166481"/>
  <nd ref="8460166482"/>
  <nd ref="9522984354"/>
  <nd ref="8460166483"/>
  <nd ref="8460166484"/>
  <nd ref="8460166485"/>
  <nd ref="9522984359"/>
  <nd ref="8460166486"/>
  <nd ref="8460166487"/>
  <nd ref="9844662872"/>
  <nd ref="9844662871"/>
  <nd ref="9522984352"/>
  <nd ref="9522984360"/>
  <nd ref="9522984358"/>
  <nd ref="9522984356"/>
  <nd ref="9522984355"/>
  <nd ref="9522984353"/>
  <nd ref="846532778"/>
  <tag k="highway" v="service"/>
  <tag k="maxspeed" v="15 mph"/>
 </way>
 <way id="911119689" visible="true" version="3" changeset="122812377" timestamp="2022-06-24T17:30:53Z" user="Clarke22" uid="703694">
  <nd ref="8460166488"/>
  <nd ref="8460166481"/>
  <tag k="highway" v="service"/>
  <tag k="maxspeed" v="15 mph"/>
  <tag k="service" v="parking_aisle"/>
 </way>
 <way id="911261533" visible="true" version="4" changeset="141312953" timestamp="2023-09-15T17:23:39Z" user="Clarke22" uid="703694">
  <nd ref="3059842691"/>
  <nd ref="9522984318"/>
  <nd ref="9522984319"/>
  <nd ref="8461443963"/>
  <nd ref="9542996420"/>
  <nd ref="8461443964"/>
  <tag k="disused:highway" v="service"/>
  <tag k="service" v="parking_aisle"/>
 </way>
 <way id="912237330" visible="true" version="1" changeset="100166734" timestamp="2021-03-01T04:16:29Z" user="inagans" uid="10192109">
  <nd ref="8474293586"/>
  <nd ref="8474293587"/>
  <nd ref="8474293588"/>
  <nd ref="8474293589"/>
  <nd ref="8474293590"/>
  <nd ref="8474293591"/>
  <nd ref="8474293592"/>
  <nd ref="8474293593"/>
  <nd ref="8474293594"/>
  <nd ref="8474293595"/>
  <nd ref="8474293596"/>
  <nd ref="8474293597"/>
  <nd ref="8474293598"/>
  <tag k="access" v="private"/>
  <tag k="highway" v="service"/>
 </way>
 <way id="912379557" visible="true" version="4" changeset="141184659" timestamp="2023-09-13T00:01:17Z" user="Clarke22" uid="703694">
  <nd ref="8475669044"/>
  <nd ref="8475669045"/>
  <nd ref="8475669046"/>
  <nd ref="8475669047"/>
  <tag k="demolished:highway" v="service"/>
  <tag k="maxspeed" v="15 mph"/>
  <tag k="service" v="parking_aisle"/>
 </way>
 <way id="927005946" visible="true" version="1" changeset="102451835" timestamp="2021-04-07T06:26:30Z" user="pppadal" uid="10209001">
  <nd ref="8601304757"/>
  <nd ref="8601304758"/>
  <nd ref="8601304759"/>
  <nd ref="8601304760"/>
  <nd ref="8601304761"/>
  <nd ref="8601304762"/>
  <nd ref="8601304763"/>
  <nd ref="8601304764"/>
  <nd ref="8601304765"/>
  <nd ref="8601304766"/>
  <nd ref="8601304767"/>
  <nd ref="8601304768"/>
  <nd ref="8601304769"/>
  <tag k="highway" v="service"/>
 </way>
 <way id="927064464" visible="true" version="1" changeset="102461619" timestamp="2021-04-07T08:22:40Z" user="devasen" uid="11611908">
  <nd ref="8601747409"/>
  <nd ref="8601747410"/>
  <nd ref="8601747411"/>
  <nd ref="8601747412"/>
  <nd ref="8601747413"/>
  <nd ref="8601747414"/>
  <tag k="highway" v="service"/>
 </way>
 <way id="927110287" visible="true" version="1" changeset="102471441" timestamp="2021-04-07T10:04:44Z" user="grandhs" uid="10271447">
  <nd ref="8602133794"/>
  <nd ref="8602133795"/>
  <nd ref="8602133796"/>
  <nd ref="8602133797"/>
  <nd ref="8602133798"/>
  <nd ref="8602133799"/>
  <nd ref="8602133800"/>
  <nd ref="8602133801"/>
  <tag k="highway" v="service"/>
 </way>
 <way id="930878148" visible="true" version="1" changeset="102966972" timestamp="2021-04-15T05:54:22Z" user="yerrawa" uid="10145797">
  <nd ref="8630986616"/>
  <nd ref="8474293594"/>
  <tag k="access" v="private"/>
  <tag k="highway" v="service"/>
 </way>
 <way id="936667830" visible="true" version="1" changeset="103835097" timestamp="2021-04-29T10:11:48Z" user="bnilima" uid="10192122">
  <nd ref="8679178488"/>
  <nd ref="8679178489"/>
  <nd ref="8679178490"/>
  <nd ref="8679178491"/>
  <nd ref="8679178492"/>
  <nd ref="8679178493"/>
  <nd ref="8679178494"/>
  <nd ref="8679178495"/>
  <nd ref="8679178496"/>
  <nd ref="8679178497"/>
  <nd ref="8679178498"/>
  <nd ref="8679178499"/>
  <nd ref="8679178500"/>
  <nd ref="8679178501"/>
  <nd ref="8679178502"/>
  <nd ref="8679178503"/>
  <nd ref="8679178504"/>
  <nd ref="8679178505"/>
  <nd ref="8679178506"/>
  <nd ref="8679178507"/>
  <nd ref="8679178498"/>
  <tag k="highway" v="service"/>
  <tag k="service" v="driveway"/>
 </way>
 <way id="941666293" visible="true" version="6" changeset="133047782" timestamp="2023-02-26T15:35:49Z" user="lectrician1" uid="8900953">
  <nd ref="8241716339"/>
  <nd ref="9522984390"/>
  <nd ref="9840179656"/>
  <nd ref="5030760831"/>
  <nd ref="5030760830"/>
  <nd ref="5030760829"/>
  <nd ref="5030760828"/>
  <nd ref="5030761061"/>
  <nd ref="5030760827"/>
  <nd ref="10695031891"/>
  <nd ref="5030760826"/>
  <nd ref="5030760825"/>
  <nd ref="9844662868"/>
  <nd ref="5030760824"/>
  <nd ref="5030761087"/>
  <nd ref="5030760823"/>
  <nd ref="9844662867"/>
  <nd ref="5030760822"/>
  <nd ref="5030760821"/>
  <nd ref="5030755920"/>
  <nd ref="5030755919"/>
  <nd ref="5030761088"/>
  <nd ref="8720326356"/>
  <tag k="bicycle" v="yes"/>
  <tag k="footway" v="sidewalk"/>
  <tag k="highway" v="footway"/>
  <tag k="surface" v="paved"/>
 </way>
 <way id="993769636" visible="true" version="2" changeset="138961947" timestamp="2023-07-24T23:20:54Z" user="Clarke22" uid="703694">
  <nd ref="3262580841"/>
  <nd ref="8223417661"/>
  <nd ref="9181296096"/>
  <nd ref="8223417655"/>
  <nd ref="11065923548"/>
  <nd ref="883185250"/>
  <nd ref="37986948"/>
  <tag k="highway" v="tertiary"/>
  <tag k="lanes" v="2"/>
  <tag k="name" v="Airport Road"/>
  <tag k="old_ref" v="SR 526"/>
  <tag k="tiger:cfcc" v="A31"/>
  <tag k="tiger:county" v="Tippecanoe, IN"/>
  <tag k="tiger:name_base" v="Airport"/>
  <tag k="tiger:name_type" v="Rd"/>
  <tag k="tiger:reviewed" v="yes"/>
  <tag k="tiger:zip_left" v="47906"/>
  <tag k="tiger:zip_right" v="47906"/>
 </way>
 <way id="993769637" visible="true" version="2" changeset="139281478" timestamp="2023-08-01T05:56:11Z" user="Clarke22" uid="703694">
  <nd ref="3262581292"/>
  <nd ref="3262581293"/>
  <tag k="highway" v="secondary"/>
  <tag k="lanes" v="1"/>
  <tag k="maxspeed" v="25 mph"/>
  <tag k="name" v="Martin Jischke Drive"/>
  <tag k="oneway" v="yes"/>
  <tag k="placement" v="right_of:1"/>
  <tag k="surface" v="asphalt"/>
  <tag k="turn:lanes" v="left"/>
 </way>
 <way id="993769638" visible="true" version="3" changeset="139281478" timestamp="2023-08-01T05:56:11Z" user="Clarke22" uid="703694">
  <nd ref="5030761290"/>
  <nd ref="3262581289"/>
  <nd ref="7194498958"/>
  <tag k="highway" v="secondary"/>
  <tag k="lanes" v="2"/>
  <tag k="maxspeed" v="25 mph"/>
  <tag k="name" v="Martin Jischke Drive"/>
  <tag k="oneway" v="yes"/>
  <tag k="surface" v="asphalt"/>
 </way>
 <way id="993769639" visible="true" version="2" changeset="139281478" timestamp="2023-08-01T05:56:11Z" user="Clarke22" uid="703694">
  <nd ref="3262580844"/>
  <nd ref="2457495899"/>
  <tag k="highway" v="secondary"/>
  <tag k="lanes" v="1"/>
  <tag k="maxspeed" v="25 mph"/>
  <tag k="name" v="Martin Jischke Drive"/>
  <tag k="oneway" v="yes"/>
  <tag k="surface" v="asphalt"/>
 </way>
 <way id="993769640" visible="true" version="3" changeset="139281478" timestamp="2023-08-01T05:56:11Z" user="Clarke22" uid="703694">
  <nd ref="7194498958"/>
  <nd ref="9181296090"/>
  <nd ref="3262581292"/>
  <tag k="highway" v="secondary"/>
  <tag k="lanes" v="2"/>
  <tag k="maxspeed" v="25 mph"/>
  <tag k="name" v="Martin Jischke Drive"/>
  <tag k="oneway" v="yes"/>
  <tag k="surface" v="asphalt"/>
  <tag k="turn:lanes" v="left|right"/>
 </way>
 <way id="993769641" visible="true" version="3" changeset="138834741" timestamp="2023-07-22T00:25:04Z" user="ExpresswayDave" uid="218222">
  <nd ref="9181296109"/>
  <nd ref="1231759465"/>
  <nd ref="5889476308"/>
  <nd ref="5889476307"/>
  <nd ref="3262580830"/>
  <nd ref="9181296108"/>
  <nd ref="5030682831"/>
  <tag k="change:lanes" v="yes|not_right|no"/>
  <tag k="expressway" v="yes"/>
  <tag k="highway" v="primary"/>
  <tag k="lanes" v="3"/>
  <tag k="maxspeed" v="50 mph"/>
  <tag k="oneway" v="yes"/>
  <tag k="placement" v="right_of:1"/>
  <tag k="ref" v="US 52;US 231"/>
  <tag k="source:maxspeed" v="sign"/>
  <tag k="surface" v="paved"/>
  <tag k="turn:lanes" v="||slight_right"/>
 </way>
 <way id="993769642" visible="true" version="2" changeset="121444282" timestamp="2022-05-24T20:30:32Z" user="clay_c" uid="119881">
  <nd ref="5030682831"/>
  <nd ref="9181296107"/>
  <nd ref="2457495899"/>
  <tag k="expressway" v="yes"/>
  <tag k="highway" v="primary"/>
  <tag k="lanes" v="2"/>
  <tag k="oneway" v="yes"/>
  <tag k="ref" v="US 52;US 231"/>
  <tag k="surface" v="paved"/>
 </way>
 <way id="993769643" visible="true" version="2" changeset="121444282" timestamp="2022-05-24T20:30:32Z" user="clay_c" uid="119881">
  <nd ref="2457495899"/>
  <nd ref="3262581292"/>
  <nd ref="9181296106"/>
  <nd ref="1231759480"/>
  <nd ref="9181296105"/>
  <nd ref="9181296104"/>
  <nd ref="1231759492"/>
  <nd ref="9181296103"/>
  <nd ref="3262580831"/>
  <nd ref="9181296102"/>
  <nd ref="9181296101"/>
  <nd ref="1231759504"/>
  <nd ref="9181296100"/>
  <nd ref="9181296099"/>
  <tag k="expressway" v="yes"/>
  <tag k="highway" v="primary"/>
  <tag k="lanes" v="2"/>
  <tag k="oneway" v="yes"/>
  <tag k="ref" v="US 52;US 231"/>
  <tag k="surface" v="paved"/>
 </way>
 <way id="993769644" visible="true" version="3" changeset="138834741" timestamp="2023-07-22T00:25:04Z" user="ExpresswayDave" uid="218222">
  <nd ref="3262580843"/>
  <nd ref="9181296116"/>
  <nd ref="9181296115"/>
  <nd ref="2458102295"/>
  <nd ref="9181296114"/>
  <nd ref="2458102296"/>
  <nd ref="9181296113"/>
  <nd ref="3262581293"/>
  <nd ref="3262580844"/>
  <tag k="change:lanes" v="no|not_left|yes"/>
  <tag k="expressway" v="yes"/>
  <tag k="highway" v="primary"/>
  <tag k="lanes" v="3"/>
  <tag k="oneway" v="yes"/>
  <tag k="placement" v="right_of:2"/>
  <tag k="ref" v="US 52;US 231"/>
  <tag k="surface" v="paved"/>
  <tag k="turn:lanes" v="left||"/>
 </way>
 <way id="993769645" visible="true" version="2" changeset="121444282" timestamp="2022-05-24T20:30:32Z" user="clay_c" uid="119881">
  <nd ref="3262580841"/>
  <nd ref="8223417650"/>
  <nd ref="8223417651"/>
  <nd ref="9181364220"/>
  <nd ref="9181364219"/>
  <nd ref="2458102294"/>
  <nd ref="9181364218"/>
  <nd ref="9181364217"/>
  <nd ref="3262580843"/>
  <tag k="expressway" v="yes"/>
  <tag k="highway" v="primary"/>
  <tag k="lanes" v="2"/>
  <tag k="oneway" v="yes"/>
  <tag k="ref" v="US 52;US 231"/>
  <tag k="surface" v="paved"/>
 </way>
 <way id="993769646" visible="true" version="2" changeset="121444282" timestamp="2022-05-24T20:30:32Z" user="clay_c" uid="119881">
  <nd ref="8223417652"/>
  <nd ref="9181296094"/>
  <nd ref="8223417649"/>
  <nd ref="3262580842"/>
  <tag k="expressway" v="yes"/>
  <tag k="highway" v="primary"/>
  <tag k="lanes" v="4"/>
  <tag k="oneway" v="yes"/>
  <tag k="ref" v="US 52;US 231"/>
  <tag k="surface" v="paved"/>
  <tag k="turn:lanes" v="left|||right"/>
 </way>
 <way id="993769647" visible="true" version="2" changeset="121444282" timestamp="2022-05-24T20:30:32Z" user="clay_c" uid="119881">
  <nd ref="9181296098"/>
  <nd ref="9181296093"/>
  <nd ref="3262580841"/>
  <tag k="expressway" v="yes"/>
  <tag k="highway" v="primary"/>
  <tag k="lanes" v="4"/>
  <tag k="oneway" v="yes"/>
  <tag k="ref" v="US 52;US 231"/>
  <tag k="surface" v="paved"/>
  <tag k="turn:lanes" v="left|||right"/>
 </way>
 <way id="993769648" visible="true" version="2" changeset="121444282" timestamp="2022-05-24T20:30:32Z" user="clay_c" uid="119881">
  <nd ref="9181296097"/>
  <nd ref="9181296098"/>
  <tag k="expressway" v="yes"/>
  <tag k="highway" v="primary"/>
  <tag k="lanes" v="3"/>
  <tag k="oneway" v="yes"/>
  <tag k="placement" v="right_of:2"/>
  <tag k="ref" v="US 52;US 231"/>
  <tag k="surface" v="paved"/>
  <tag k="turn:lanes" v="left||"/>
 </way>
 <way id="993769649" visible="true" version="2" changeset="121444282" timestamp="2022-05-24T20:30:32Z" user="clay_c" uid="119881">
  <nd ref="2458102287"/>
  <nd ref="8223399249"/>
  <nd ref="9181364259"/>
  <nd ref="2458102288"/>
  <nd ref="9181364258"/>
  <nd ref="9181364257"/>
  <nd ref="9181364256"/>
  <nd ref="2458102289"/>
  <nd ref="9181364242"/>
  <nd ref="3262580837"/>
  <nd ref="9181364241"/>
  <nd ref="2458102290"/>
  <nd ref="3262580838"/>
  <nd ref="9181364240"/>
  <nd ref="2458102291"/>
  <nd ref="9181364239"/>
  <nd ref="3262580839"/>
  <nd ref="9181364238"/>
  <nd ref="2458102292"/>
  <nd ref="9181364237"/>
  <nd ref="3262580840"/>
  <nd ref="9181364236"/>
  <nd ref="9181364235"/>
  <nd ref="9181364234"/>
  <nd ref="9181364233"/>
  <nd ref="2458102293"/>
  <nd ref="9181296097"/>
  <tag k="expressway" v="yes"/>
  <tag k="highway" v="primary"/>
  <tag k="lanes" v="2"/>
  <tag k="oneway" v="yes"/>
  <tag k="ref" v="US 52;US 231"/>
  <tag k="surface" v="paved"/>
 </way>
 <way id="993769650" visible="true" version="2" changeset="121444282" timestamp="2022-05-24T20:30:32Z" user="clay_c" uid="119881">
  <nd ref="9181296099"/>
  <nd ref="8223417652"/>
  <tag k="expressway" v="yes"/>
  <tag k="highway" v="primary"/>
  <tag k="lanes" v="3"/>
  <tag k="oneway" v="yes"/>
  <tag k="placement" v="right_of:1"/>
  <tag k="ref" v="US 52;US 231"/>
  <tag k="surface" v="paved"/>
  <tag k="turn:lanes" v="||right"/>
 </way>
 <way id="993769651" visible="true" version="2" changeset="121444282" timestamp="2022-05-24T20:30:32Z" user="clay_c" uid="119881">
  <nd ref="3262580842"/>
  <nd ref="1231759484"/>
  <nd ref="9181364232"/>
  <nd ref="1231759493"/>
  <nd ref="9181364231"/>
  <nd ref="9181364230"/>
  <nd ref="3262580832"/>
  <nd ref="9181364229"/>
  <nd ref="1231759461"/>
  <nd ref="9181364228"/>
  <nd ref="3262580833"/>
  <nd ref="9181364227"/>
  <nd ref="1231759496"/>
  <nd ref="9181364226"/>
  <nd ref="3262580834"/>
  <nd ref="1231759466"/>
  <nd ref="9181364225"/>
  <nd ref="3262580835"/>
  <nd ref="9181364224"/>
  <nd ref="1231759463"/>
  <nd ref="9181364265"/>
  <nd ref="2457495902"/>
  <tag k="expressway" v="yes"/>
  <tag k="highway" v="primary"/>
  <tag k="lanes" v="2"/>
  <tag k="oneway" v="yes"/>
  <tag k="ref" v="US 52;US 231"/>
  <tag k="surface" v="paved"/>
 </way>
 <way id="993769657" visible="true" version="1" changeset="112671985" timestamp="2021-10-18T22:03:22Z" user="riiga" uid="83501">
  <nd ref="9181364324"/>
  <nd ref="9181364320"/>
  <nd ref="9181364319"/>
  <nd ref="9181364318"/>
  <nd ref="9181364317"/>
  <tag k="highway" v="service"/>
  <tag k="surface" v="unpaved"/>
 </way>
 <way id="993769658" visible="true" version="1" changeset="112671985" timestamp="2021-10-18T22:03:22Z" user="riiga" uid="83501">
  <nd ref="9181364397"/>
  <nd ref="9181364372"/>
  <tag k="highway" v="service"/>
  <tag k="surface" v="unpaved"/>
 </way>
 <way id="993769659" visible="true" version="1" changeset="112671985" timestamp="2021-10-18T22:03:22Z" user="riiga" uid="83501">
  <nd ref="3060788298"/>
  <nd ref="9181364427"/>
  <nd ref="9181364426"/>
  <nd ref="9181364425"/>
  <nd ref="9181364424"/>
  <nd ref="9181364423"/>
  <nd ref="9181364422"/>
  <nd ref="9181364421"/>
  <nd ref="9181364420"/>
  <nd ref="9181364419"/>
  <nd ref="9181364418"/>
  <nd ref="9181364417"/>
  <nd ref="9181364416"/>
  <nd ref="9181364415"/>
  <nd ref="9181364414"/>
  <nd ref="9181364413"/>
  <nd ref="9181364412"/>
  <nd ref="9181364411"/>
  <nd ref="9181364410"/>
  <nd ref="9181364409"/>
  <nd ref="9181364408"/>
  <nd ref="9181364407"/>
  <nd ref="9181364406"/>
  <nd ref="9181364405"/>
  <nd ref="9181364404"/>
  <nd ref="9181364403"/>
  <nd ref="9181364402"/>
  <nd ref="9181364401"/>
  <nd ref="9181364400"/>
  <nd ref="9181364399"/>
  <nd ref="9181364398"/>
  <nd ref="9181364397"/>
  <nd ref="9181364396"/>
  <nd ref="9181364395"/>
  <nd ref="9181364394"/>
  <nd ref="9181364393"/>
  <nd ref="9181364392"/>
  <nd ref="9181364391"/>
  <nd ref="9181364390"/>
  <nd ref="9181364389"/>
  <nd ref="9181364388"/>
  <nd ref="9181364387"/>
  <nd ref="9181364386"/>
  <nd ref="9181364385"/>
  <nd ref="9181364384"/>
  <nd ref="9181364383"/>
  <nd ref="9181364382"/>
  <nd ref="9181364381"/>
  <nd ref="9181364371"/>
  <nd ref="9181364370"/>
  <nd ref="9181364369"/>
  <nd ref="9181364368"/>
  <nd ref="9181364367"/>
  <nd ref="9181364366"/>
  <nd ref="9181364365"/>
  <nd ref="9181364364"/>
  <nd ref="9181364363"/>
  <nd ref="9181364362"/>
  <nd ref="9181364361"/>
  <nd ref="9181364360"/>
  <nd ref="9181364359"/>
  <nd ref="9181364358"/>
  <nd ref="9181364357"/>
  <nd ref="9181364356"/>
  <nd ref="9181364355"/>
  <nd ref="9181364354"/>
  <nd ref="9181364353"/>
  <nd ref="9181364352"/>
  <nd ref="9181364351"/>
  <nd ref="9181364350"/>
  <nd ref="9181364349"/>
  <nd ref="9181364347"/>
  <nd ref="9181364346"/>
  <nd ref="9181364345"/>
  <nd ref="9181364344"/>
  <nd ref="9181364343"/>
  <nd ref="9181364342"/>
  <nd ref="9181364341"/>
  <nd ref="9181364340"/>
  <nd ref="9181364339"/>
  <nd ref="9181364338"/>
  <nd ref="9181364337"/>
  <nd ref="9181364336"/>
  <nd ref="9181364335"/>
  <nd ref="9181364334"/>
  <nd ref="9181364333"/>
  <nd ref="9181364332"/>
  <nd ref="9181364331"/>
  <nd ref="9181364330"/>
  <nd ref="9181364329"/>
  <nd ref="9181364328"/>
  <nd ref="9181364327"/>
  <nd ref="9181364326"/>
  <nd ref="9181364325"/>
  <nd ref="9181364324"/>
  <nd ref="9181364323"/>
  <nd ref="9181364322"/>
  <nd ref="9181364321"/>
  <nd ref="9181364316"/>
  <nd ref="9181364315"/>
  <nd ref="9181364314"/>
  <nd ref="9181364313"/>
  <nd ref="9181364312"/>
  <nd ref="9181364311"/>
  <nd ref="9181364310"/>
  <nd ref="9181364309"/>
  <nd ref="9181364308"/>
  <nd ref="9181364307"/>
  <nd ref="9181364306"/>
  <nd ref="9181364305"/>
  <nd ref="9181364304"/>
  <nd ref="9181364303"/>
  <nd ref="9181364302"/>
  <nd ref="9181364301"/>
  <nd ref="9181364300"/>
  <nd ref="9181364299"/>
  <nd ref="9181364298"/>
  <nd ref="9181364297"/>
  <nd ref="9181364296"/>
  <nd ref="9181364295"/>
  <nd ref="9181364294"/>
  <tag k="highway" v="service"/>
  <tag k="surface" v="unpaved"/>
 </way>
 <way id="993769660" visible="true" version="1" changeset="112671985" timestamp="2021-10-18T22:03:22Z" user="riiga" uid="83501">
  <nd ref="9181364474"/>
  <nd ref="9181364476"/>
  <nd ref="9181364477"/>
  <nd ref="9181364478"/>
  <nd ref="9181364475"/>
  <nd ref="9181364481"/>
  <nd ref="9181364480"/>
  <nd ref="9181364479"/>
  <nd ref="9181364474"/>
  <tag k="access" v="private"/>
  <tag k="amenity" v="parking"/>
  <tag k="parking" v="surface"/>
 </way>
 <way id="993769661" visible="true" version="2" changeset="141185128" timestamp="2023-09-13T00:37:08Z" user="Clarke22" uid="703694">
  <nd ref="877219917"/>
  <nd ref="877219919"/>
  <nd ref="11186907355"/>
  <nd ref="11186907356"/>
  <nd ref="11186907357"/>
  <nd ref="9181364483"/>
  <nd ref="11186907358"/>
  <nd ref="877219917"/>
  <tag k="fixme" v="approximation"/>
  <tag k="landuse" v="industrial"/>
 </way>
 <way id="993769662" visible="true" version="2" changeset="148590414" timestamp="2024-03-13T12:05:13Z" user="whazen" uid="18632776">
  <nd ref="9181364486"/>
  <nd ref="9181364503"/>
  <nd ref="9181364484"/>
  <nd ref="9181364501"/>
  <nd ref="9181364500"/>
  <nd ref="9181364485"/>
  <nd ref="9181364502"/>
  <nd ref="9181364487"/>
  <nd ref="9181364505"/>
  <nd ref="9181364506"/>
  <nd ref="9181364507"/>
  <nd ref="9181364504"/>
  <nd ref="9181364486"/>
  <tag k="addr:city" v="West Lafayette"/>
  <tag k="addr:housenumber" v="2099"/>
  <tag k="addr:postcode" v="47906"/>
  <tag k="addr:state" v="IN"/>
  <tag k="addr:street" v="Hypersonic Parkway"/>
  <tag k="building" v="industrial"/>
  <tag k="man_made" v="works"/>
  <tag k="name" v="Saab West Lafayette"/>
 </way>
 <way id="993769663" visible="true" version="1" changeset="112671985" timestamp="2021-10-18T22:03:22Z" user="riiga" uid="83501">
  <nd ref="9181364509"/>
  <nd ref="9181364515"/>
  <nd ref="9181364512"/>
  <nd ref="9181364511"/>
  <nd ref="9181364510"/>
  <nd ref="9181364516"/>
  <nd ref="9181364517"/>
  <nd ref="9181364508"/>
  <nd ref="9181364514"/>
  <nd ref="9181364513"/>
  <nd ref="9181364509"/>
  <tag k="access" v="private"/>
  <tag k="amenity" v="parking"/>
  <tag k="parking" v="surface"/>
 </way>
 <way id="993769664" visible="true" version="1" changeset="112671985" timestamp="2021-10-18T22:03:22Z" user="riiga" uid="83501">
  <nd ref="9181364519"/>
  <nd ref="9181364518"/>
  <tag k="highway" v="service"/>
  <tag k="service" v="parking_aisle"/>
 </way>
 <way id="993769665" visible="true" version="1" changeset="112671985" timestamp="2021-10-18T22:03:22Z" user="riiga" uid="83501">
  <nd ref="9181364523"/>
  <nd ref="9181364521"/>
  <nd ref="9181364522"/>
  <tag k="highway" v="service"/>
  <tag k="service" v="parking_aisle"/>
 </way>
 <way id="993769666" visible="true" version="1" changeset="112671985" timestamp="2021-10-18T22:03:22Z" user="riiga" uid="83501">
  <nd ref="9181364525"/>
  <nd ref="9181364520"/>
  <nd ref="9181364524"/>
  <tag k="highway" v="service"/>
  <tag k="service" v="parking_aisle"/>
 </way>
 <way id="993769667" visible="true" version="1" changeset="112671985" timestamp="2021-10-18T22:03:22Z" user="riiga" uid="83501">
  <nd ref="9181364532"/>
  <nd ref="9181364530"/>
  <nd ref="9181364531"/>
  <tag k="highway" v="service"/>
 </way>
 <way id="993769668" visible="true" version="1" changeset="112671985" timestamp="2021-10-18T22:03:22Z" user="riiga" uid="83501">
  <nd ref="9181364534"/>
  <nd ref="9181364524"/>
  <nd ref="9181364522"/>
  <nd ref="9181364527"/>
  <nd ref="9181364532"/>
  <nd ref="9181364497"/>
  <nd ref="9181364533"/>
  <nd ref="9181364499"/>
  <nd ref="9181364498"/>
  <nd ref="9181364497"/>
  <tag k="highway" v="service"/>
  <tag k="service" v="parking_aisle"/>
 </way>
 <way id="993769669" visible="true" version="1" changeset="112671985" timestamp="2021-10-18T22:03:22Z" user="riiga" uid="83501">
  <nd ref="9181364527"/>
  <nd ref="9181364535"/>
  <nd ref="9181364528"/>
  <nd ref="9181364523"/>
  <nd ref="9181364525"/>
  <nd ref="9181364538"/>
  <nd ref="9181364518"/>
  <nd ref="9181364529"/>
  <nd ref="9181364536"/>
  <nd ref="9181364519"/>
  <nd ref="9181364526"/>
  <nd ref="9181364520"/>
  <nd ref="9181364521"/>
  <nd ref="9181364535"/>
  <tag k="highway" v="service"/>
  <tag k="service" v="parking_aisle"/>
 </way>
 <way id="993769670" visible="true" version="2" changeset="122525177" timestamp="2022-06-17T21:30:08Z" user="Clarke22" uid="703694">
  <nd ref="9181364538"/>
  <nd ref="9181364526"/>
  <nd ref="9181364534"/>
  <nd ref="8304512598"/>
  <nd ref="8304512583"/>
  <tag k="highway" v="service"/>
  <tag k="service" v="parking_aisle"/>
 </way>
 <way id="995003435" visible="true" version="2" changeset="142265808" timestamp="2023-10-07T13:08:04Z" user="Luke46060" uid="20186467">
  <nd ref="9188154163"/>
  <nd ref="9188154162"/>
  <nd ref="9188154136"/>
  <tag k="highway" v="tertiary"/>
  <tag k="lanes" v="3"/>
  <tag k="lanes:backward" v="2"/>
  <tag k="lanes:forward" v="1"/>
  <tag k="name" v="South River Road"/>
  <tag k="surface" v="concrete"/>
 </way>
 <way id="995003436" visible="true" version="2" changeset="142265808" timestamp="2023-10-07T13:07:56Z" user="Luke46060" uid="20186467">
  <nd ref="3262580815"/>
  <nd ref="9188154134"/>
  <nd ref="1269942908"/>
  <nd ref="9188154168"/>
  <nd ref="9188154167"/>
  <nd ref="9188154166"/>
  <nd ref="1269942885"/>
  <nd ref="9188154165"/>
  <nd ref="1269942808"/>
  <nd ref="9188154164"/>
  <nd ref="9188154163"/>
  <tag k="highway" v="tertiary"/>
  <tag k="lanes" v="5"/>
  <tag k="lanes:backward" v="4"/>
  <tag k="lanes:forward" v="1"/>
  <tag k="name" v="South River Road"/>
  <tag k="surface" v="concrete"/>
  <tag k="turn:lanes:backward" v="left|||right"/>
 </way>
 <way id="995003447" visible="true" version="2" changeset="121444282" timestamp="2022-05-24T20:30:32Z" user="clay_c" uid="119881">
  <nd ref="3262580844"/>
  <nd ref="9181296112"/>
  <nd ref="9181296111"/>
  <nd ref="3262580845"/>
  <nd ref="9181296110"/>
  <nd ref="5889476309"/>
  <nd ref="2458102297"/>
  <nd ref="5889476311"/>
  <nd ref="5889476310"/>
  <nd ref="3262580847"/>
  <nd ref="5889476313"/>
  <nd ref="5889476312"/>
  <nd ref="5889476314"/>
  <nd ref="2458102298"/>
  <nd ref="9188154183"/>
  <tag k="expressway" v="yes"/>
  <tag k="highway" v="primary"/>
  <tag k="lanes" v="2"/>
  <tag k="oneway" v="yes"/>
  <tag k="ref" v="US 52;US 231"/>
  <tag k="surface" v="paved"/>
 </way>
 <way id="1033653876" visible="true" version="4" changeset="141312953" timestamp="2023-09-15T17:23:39Z" user="Clarke22" uid="703694">
  <nd ref="8223417642"/>
  <nd ref="11065923594"/>
  <nd ref="8223417641"/>
  <nd ref="8223417640"/>
  <nd ref="8223417639"/>
  <nd ref="8223417638"/>
  <nd ref="9542996602"/>
  <tag k="bicycle" v="yes"/>
  <tag k="footway" v="sidewalk"/>
  <tag k="highway" v="footway"/>
  <tag k="surface" v="paved"/>
 </way>
 <way id="1033653882" visible="true" version="2" changeset="117914136" timestamp="2022-02-27T16:12:14Z" user="AwwJeez" uid="9625789">
  <nd ref="9542996723"/>
  <nd ref="7518516010"/>
  <nd ref="8751928986"/>
  <nd ref="7518516012"/>
  <nd ref="7518516013"/>
  <nd ref="7518516014"/>
  <nd ref="7518516015"/>
  <nd ref="7518516016"/>
  <nd ref="7518516017"/>
  <nd ref="7518516018"/>
  <nd ref="7518516019"/>
  <nd ref="7518516020"/>
  <nd ref="8751928989"/>
  <nd ref="9542996728"/>
  <tag k="footway" v="sidewalk"/>
  <tag k="highway" v="footway"/>
 </way>
 <way id="1033653884" visible="true" version="2" changeset="138961947" timestamp="2023-07-24T23:20:54Z" user="Clarke22" uid="703694">
  <nd ref="9522981314"/>
  <nd ref="7518516030"/>
  <nd ref="7518516031"/>
  <tag k="footway" v="sidewalk"/>
  <tag k="highway" v="footway"/>
  <tag k="surface" v="paved"/>
 </way>
 <way id="1033653885" visible="true" version="1" changeset="117658475" timestamp="2022-02-21T00:01:00Z" user="AwwJeez" uid="9625789">
  <nd ref="7518516029"/>
  <nd ref="7518516050"/>
  <nd ref="9522981314"/>
  <tag k="crossing" v="unmarked"/>
  <tag k="footway" v="crossing"/>
  <tag k="highway" v="footway"/>
 </way>
 <way id="1033653886" visible="true" version="1" changeset="117658475" timestamp="2022-02-21T00:01:00Z" user="AwwJeez" uid="9625789">
  <nd ref="9522981315"/>
  <nd ref="8751705408"/>
  <nd ref="9522981316"/>
  <tag k="crossing" v="marked"/>
  <tag k="footway" v="crossing"/>
  <tag k="highway" v="footway"/>
 </way>
 <way id="1033653900" visible="true" version="2" changeset="122733657" timestamp="2022-06-23T01:37:52Z" user="Clarke22" uid="703694">
  <nd ref="9522984353"/>
  <nd ref="9522984354"/>
  <tag k="highway" v="service"/>
  <tag k="maxspeed" v="15 mph"/>
  <tag k="service" v="parking_aisle"/>
 </way>
 <way id="1033653901" visible="true" version="2" changeset="122812377" timestamp="2022-06-24T17:30:53Z" user="Clarke22" uid="703694">
  <nd ref="9522984355"/>
  <nd ref="8460166483"/>
  <tag k="highway" v="service"/>
  <tag k="maxspeed" v="15 mph"/>
  <tag k="service" v="parking_aisle"/>
 </way>
 <way id="1033653902" visible="true" version="3" changeset="122812377" timestamp="2022-06-24T17:30:53Z" user="Clarke22" uid="703694">
  <nd ref="9522984356"/>
  <nd ref="8460166485"/>
  <tag k="highway" v="service"/>
  <tag k="maxspeed" v="15 mph"/>
  <tag k="service" v="parking_aisle"/>
 </way>
 <way id="1033653903" visible="true" version="2" changeset="122812377" timestamp="2022-06-24T17:30:53Z" user="Clarke22" uid="703694">
  <nd ref="9522984358"/>
  <nd ref="9522984359"/>
  <tag k="highway" v="service"/>
  <tag k="maxspeed" v="15 mph"/>
  <tag k="service" v="parking_aisle"/>
 </way>
 <way id="1033653904" visible="true" version="2" changeset="122733657" timestamp="2022-06-23T01:37:52Z" user="Clarke22" uid="703694">
  <nd ref="9522984360"/>
  <nd ref="8460166486"/>
  <tag k="highway" v="service"/>
  <tag k="maxspeed" v="15 mph"/>
  <tag k="service" v="parking_aisle"/>
 </way>
 <way id="1033653905" visible="true" version="2" changeset="122812377" timestamp="2022-06-24T17:30:53Z" user="Clarke22" uid="703694">
  <nd ref="9522984362"/>
  <nd ref="9522984363"/>
  <tag k="highway" v="service"/>
  <tag k="maxspeed" v="15 mph"/>
  <tag k="service" v="parking_aisle"/>
 </way>
 <way id="1033653906" visible="true" version="2" changeset="122812377" timestamp="2022-06-24T17:30:53Z" user="Clarke22" uid="703694">
  <nd ref="9522984364"/>
  <nd ref="9522984365"/>
  <tag k="highway" v="service"/>
  <tag k="maxspeed" v="15 mph"/>
  <tag k="service" v="parking_aisle"/>
 </way>
 <way id="1033653907" visible="true" version="2" changeset="122812377" timestamp="2022-06-24T17:30:53Z" user="Clarke22" uid="703694">
  <nd ref="9522984366"/>
  <nd ref="6694155945"/>
  <tag k="highway" v="service"/>
  <tag k="maxspeed" v="15 mph"/>
  <tag k="service" v="parking_aisle"/>
 </way>
 <way id="1035764278" visible="true" version="3" changeset="137885412" timestamp="2023-06-28T15:55:02Z" user="kvenkatl" uid="14549976">
  <nd ref="6660662192"/>
  <nd ref="8223417644"/>
  <nd ref="6660662188"/>
  <tag k="highway" v="service"/>
  <tag k="maxspeed" v="15 mph"/>
  <tag k="oneway" v="yes"/>
  <tag k="service" v="driveway"/>
 </way>
 <way id="1035764279" visible="true" version="3" changeset="141312953" timestamp="2023-09-15T17:23:39Z" user="Clarke22" uid="703694">
  <nd ref="9542996598"/>
  <nd ref="8751705396"/>
  <nd ref="9522981301"/>
  <tag k="bicycle" v="yes"/>
  <tag k="demolished:highway" v="footway"/>
  <tag k="footway" v="sidewalk"/>
  <tag k="surface" v="paved"/>
 </way>
 <way id="1035764280" visible="true" version="2" changeset="138961947" timestamp="2023-07-24T23:20:54Z" user="Clarke22" uid="703694">
  <nd ref="9542996599"/>
  <nd ref="8223417644"/>
  <nd ref="9542996598"/>
  <tag k="bicycle" v="yes"/>
  <tag k="crossing" v="unmarked"/>
  <tag k="crossing:markings" v="no"/>
  <tag k="footway" v="crossing"/>
  <tag k="highway" v="footway"/>
 </way>
 <way id="1035764281" visible="true" version="2" changeset="122733657" timestamp="2022-06-23T01:37:52Z" user="Clarke22" uid="703694">
  <nd ref="6660662190"/>
  <nd ref="6660662193"/>
  <nd ref="8223417643"/>
  <nd ref="6660662191"/>
  <tag k="highway" v="service"/>
  <tag k="maxspeed" v="15 mph"/>
  <tag k="service" v="driveway"/>
 </way>
 <way id="1035764282" visible="true" version="3" changeset="141312953" timestamp="2023-09-15T17:23:39Z" user="Clarke22" uid="703694">
  <nd ref="9542996601"/>
  <nd ref="9542996599"/>
  <tag k="bicycle" v="yes"/>
  <tag k="demolished:highway" v="footway"/>
  <tag k="footway" v="sidewalk"/>
  <tag k="surface" v="paved"/>
 </way>
 <way id="1035764283" visible="true" version="2" changeset="138961947" timestamp="2023-07-24T23:20:54Z" user="Clarke22" uid="703694">
  <nd ref="9542996602"/>
  <nd ref="8223417643"/>
  <nd ref="9542996601"/>
  <tag k="bicycle" v="yes"/>
  <tag k="crossing" v="unmarked"/>
  <tag k="crossing:markings" v="no"/>
  <tag k="footway" v="crossing"/>
  <tag k="highway" v="footway"/>
 </way>
 <way id="1035764284" visible="true" version="2" changeset="141312953" timestamp="2023-09-15T17:23:39Z" user="Clarke22" uid="703694">
  <nd ref="9542996603"/>
  <nd ref="9542996604"/>
  <nd ref="9542996605"/>
  <nd ref="9542996606"/>
  <nd ref="9542996603"/>
  <tag k="demolished:amenity" v="parking"/>
  <tag k="parking" v="surface"/>
 </way>
 <way id="1035764286" visible="true" version="2" changeset="141312953" timestamp="2023-09-15T17:23:39Z" user="Clarke22" uid="703694">
  <nd ref="9542996611"/>
  <nd ref="9542996612"/>
  <nd ref="9542996613"/>
  <nd ref="9542996614"/>
  <nd ref="9542996611"/>
  <tag k="amenity" v="parking"/>
  <tag k="demolished:parking" v="surface"/>
 </way>
 <way id="1035764314" visible="true" version="1" changeset="117914136" timestamp="2022-02-27T16:12:14Z" user="AwwJeez" uid="9625789">
  <nd ref="9542996713"/>
  <nd ref="8751953920"/>
  <nd ref="9542996732"/>
  <tag k="crossing" v="marked"/>
  <tag k="footway" v="crossing"/>
  <tag k="highway" v="footway"/>
 </way>
 <way id="1035764317" visible="true" version="1" changeset="117914136" timestamp="2022-02-27T16:12:14Z" user="AwwJeez" uid="9625789">
  <nd ref="8751928994"/>
  <nd ref="9542996724"/>
  <tag k="footway" v="sidewalk"/>
  <tag k="highway" v="footway"/>
 </way>
 <way id="1035764318" visible="true" version="1" changeset="117914136" timestamp="2022-02-27T16:12:14Z" user="AwwJeez" uid="9625789">
  <nd ref="9542996724"/>
  <nd ref="7518516046"/>
  <nd ref="9542996723"/>
  <tag k="crossing" v="unmarked"/>
  <tag k="footway" v="crossing"/>
  <tag k="highway" v="footway"/>
 </way>
 <way id="1035764320" visible="true" version="1" changeset="117914136" timestamp="2022-02-27T16:12:14Z" user="AwwJeez" uid="9625789">
  <nd ref="9542996731"/>
  <nd ref="8751928976"/>
  <nd ref="7518516021"/>
  <nd ref="7518516022"/>
  <nd ref="7518516023"/>
  <nd ref="7518516024"/>
  <nd ref="7518516025"/>
  <nd ref="7518516026"/>
  <nd ref="7518516027"/>
  <nd ref="8751953950"/>
  <nd ref="7518516028"/>
  <nd ref="7518516029"/>
  <tag k="footway" v="sidewalk"/>
  <tag k="highway" v="footway"/>
 </way>
 <way id="1035764321" visible="true" version="1" changeset="117914136" timestamp="2022-02-27T16:12:14Z" user="AwwJeez" uid="9625789">
  <nd ref="9542996728"/>
  <nd ref="7518516048"/>
  <nd ref="9542996729"/>
  <tag k="crossing" v="unmarked"/>
  <tag k="footway" v="crossing"/>
  <tag k="highway" v="footway"/>
 </way>
 <way id="1035764322" visible="true" version="1" changeset="117914136" timestamp="2022-02-27T16:12:14Z" user="AwwJeez" uid="9625789">
  <nd ref="9542996729"/>
  <nd ref="9542996730"/>
  <tag k="footway" v="sidewalk"/>
  <tag k="highway" v="footway"/>
 </way>
 <way id="1035764323" visible="true" version="1" changeset="117914136" timestamp="2022-02-27T16:12:14Z" user="AwwJeez" uid="9625789">
  <nd ref="9542996730"/>
  <nd ref="7518516049"/>
  <nd ref="9542996731"/>
  <tag k="crossing" v="unmarked"/>
  <tag k="footway" v="crossing"/>
  <tag k="highway" v="footway"/>
 </way>
 <way id="1035764324" visible="true" version="1" changeset="117914136" timestamp="2022-02-27T16:12:14Z" user="AwwJeez" uid="9625789">
  <nd ref="9542996732"/>
  <nd ref="7518516015"/>
  <tag k="footway" v="sidewalk"/>
  <tag k="highway" v="footway"/>
 </way>
 <way id="1035764325" visible="true" version="2" changeset="141184659" timestamp="2023-09-13T00:01:17Z" user="Clarke22" uid="703694">
  <nd ref="9542996734"/>
  <nd ref="9542996735"/>
  <nd ref="9542996736"/>
  <nd ref="9542996737"/>
  <nd ref="9542996734"/>
  <tag k="demolished:amenity" v="parking"/>
  <tag k="parking" v="surface"/>
 </way>
 <way id="1046623527" visible="true" version="1" changeset="119131394" timestamp="2022-03-30T20:10:09Z" user="Weirdo Waffle" uid="10299813">
  <nd ref="9624782529"/>
  <nd ref="9624782530"/>
  <nd ref="9624782531"/>
  <nd ref="9624782532"/>
  <nd ref="9624782533"/>
  <nd ref="9624782534"/>
  <nd ref="9624782535"/>
  <nd ref="9624782536"/>
  <tag k="highway" v="path"/>
  <tag k="surface" v="dirt"/>
 </way>
 <way id="1068775862" visible="true" version="1" changeset="122247959" timestamp="2022-06-11T12:47:13Z" user="the_edge01" uid="14100502">
  <nd ref="5886015030"/>
  <nd ref="5886015031"/>
  <nd ref="5886015032"/>
  <nd ref="5886015033"/>
  <nd ref="37977671"/>
  <nd ref="37977673"/>
  <nd ref="5886015034"/>
  <nd ref="5886015035"/>
  <nd ref="5886015036"/>
  <nd ref="5886015037"/>
  <nd ref="37977675"/>
  <nd ref="37977677"/>
  <nd ref="37977678"/>
  <nd ref="5886015039"/>
  <nd ref="5886015038"/>
  <nd ref="5886015040"/>
  <nd ref="5886015041"/>
  <tag k="operator" v="Duke Energy"/>
  <tag k="operator:wikidata" v="Q1264404"/>
  <tag k="power" v="line"/>
  <tag k="tiger:reviewed" v="no"/>
  <tag k="voltage" v="138000;138000"/>
 </way>
 <way id="1068775864" visible="true" version="1" changeset="122247959" timestamp="2022-06-11T12:47:13Z" user="the_edge01" uid="14100502">
  <nd ref="5886015030"/>
  <nd ref="9810796078"/>
  <nd ref="9810796079"/>
  <nd ref="9810796080"/>
  <nd ref="9810796081"/>
  <nd ref="9810796082"/>
  <nd ref="9810796083"/>
  <nd ref="9810796084"/>
  <nd ref="9810796085"/>
  <nd ref="9810796086"/>
  <nd ref="9810796087"/>
  <nd ref="9810796088"/>
  <nd ref="9810796089"/>
  <nd ref="9810796090"/>
  <nd ref="9810796091"/>
  <nd ref="9810796092"/>
  <tag k="operator" v="Duke Energy"/>
  <tag k="operator:wikidata" v="Q1264404"/>
  <tag k="power" v="line"/>
  <tag k="voltage" v="138000"/>
 </way>
 <way id="1072164394" visible="true" version="1" changeset="122691812" timestamp="2022-06-22T05:02:47Z" user="Clarke22" uid="703694">
  <nd ref="846532778"/>
  <nd ref="3059842684"/>
  <nd ref="9542996733"/>
  <nd ref="8223417672"/>
  <nd ref="38033088"/>
  <tag k="highway" v="residential"/>
  <tag k="maxspeed" v="20 mph"/>
  <tag k="name" v="Gates Road"/>
  <tag k="tiger:cfcc" v="A41"/>
  <tag k="tiger:county" v="Tippecanoe, IN"/>
  <tag k="tiger:name_base" v="Gates"/>
  <tag k="tiger:name_type" v="Rd"/>
  <tag k="tiger:reviewed" v="no"/>
 </way>
 <way id="1073144105" visible="true" version="2" changeset="124797789" timestamp="2022-08-12T02:00:50Z" user="Clarke22" uid="703694">
  <nd ref="9840179650"/>
  <nd ref="3262581270"/>
  <nd ref="5030761222"/>
  <nd ref="9840179651"/>
  <nd ref="5030761223"/>
  <tag k="highway" v="secondary"/>
  <tag k="lanes" v="1"/>
  <tag k="maxspeed" v="25 mph"/>
  <tag k="name" v="Martin Jischke Drive"/>
  <tag k="oneway" v="yes"/>
  <tag k="surface" v="asphalt"/>
 </way>
 <way id="1073144106" visible="true" version="2" changeset="124797789" timestamp="2022-08-12T02:00:50Z" user="Clarke22" uid="703694">
  <nd ref="5030761228"/>
  <nd ref="9840088011"/>
  <nd ref="5030761227"/>
  <nd ref="3262581278"/>
  <nd ref="9844937943"/>
  <tag k="highway" v="secondary"/>
  <tag k="lanes" v="1"/>
  <tag k="maxspeed" v="25 mph"/>
  <tag k="name" v="Martin Jischke Drive"/>
  <tag k="oneway" v="yes"/>
  <tag k="surface" v="asphalt"/>
 </way>
 <way id="1085221970" visible="true" version="7" changeset="138961947" timestamp="2023-07-24T23:20:54Z" user="Clarke22" uid="703694">
  <nd ref="9943849853"/>
  <nd ref="9991779865"/>
  <nd ref="9943849854"/>
  <nd ref="9991779862"/>
  <nd ref="9991779863"/>
  <nd ref="9991779864"/>
  <nd ref="9943849855"/>
  <nd ref="9943849856"/>
  <nd ref="9943849857"/>
  <nd ref="9943849858"/>
  <nd ref="9943849859"/>
  <nd ref="9943849860"/>
  <nd ref="9943849861"/>
  <nd ref="9943849862"/>
  <nd ref="9943849863"/>
  <nd ref="9943849864"/>
  <nd ref="9943849865"/>
  <nd ref="9943849866"/>
  <nd ref="9943849867"/>
  <nd ref="9943849868"/>
  <nd ref="9943849869"/>
  <nd ref="9943849870"/>
  <nd ref="9991779861"/>
  <nd ref="9991779860"/>
  <nd ref="9943849871"/>
  <nd ref="9991779859"/>
  <nd ref="9943849872"/>
  <nd ref="9991779858"/>
  <nd ref="10035284488"/>
  <tag k="name" v="Todd's Creek"/>
  <tag k="waterway" v="stream"/>
 </way>
 <way id="1149668143" visible="true" version="2" changeset="141184841" timestamp="2023-09-13T00:14:17Z" user="Clarke22" uid="703694">
  <nd ref="10695031859"/>
  <nd ref="10695031860"/>
  <nd ref="10695031861"/>
  <nd ref="10695031862"/>
  <nd ref="10695031865"/>
  <nd ref="10695031859"/>
  <tag k="natural" v="scrub"/>
 </way>
 <way id="1149668144" visible="true" version="1" changeset="133047782" timestamp="2023-02-26T15:35:49Z" user="lectrician1" uid="8900953">
  <nd ref="10695031890"/>
  <nd ref="10695031866"/>
  <nd ref="10695031867"/>
  <nd ref="10695031868"/>
  <nd ref="10695031869"/>
  <nd ref="10695031870"/>
  <nd ref="10695031871"/>
  <nd ref="10695031872"/>
  <nd ref="10695031873"/>
  <nd ref="10695031874"/>
  <nd ref="10695031875"/>
  <nd ref="10695031876"/>
  <nd ref="10695031877"/>
  <nd ref="10695031878"/>
  <nd ref="8223417653"/>
  <tag k="highway" v="track"/>
 </way>
 <way id="1149668145" visible="true" version="1" changeset="133047782" timestamp="2023-02-26T15:35:49Z" user="lectrician1" uid="8900953">
  <nd ref="10695031879"/>
  <nd ref="10695031880"/>
  <nd ref="10695031889"/>
  <nd ref="10695031881"/>
  <nd ref="10695031882"/>
  <nd ref="10695031883"/>
  <nd ref="10695031884"/>
  <nd ref="10695031885"/>
  <nd ref="10695031886"/>
  <nd ref="10695031887"/>
  <nd ref="10695031879"/>
  <nd ref="10695031888"/>
  <nd ref="3060810077"/>
  <tag k="highway" v="service"/>
  <tag k="source" v="maxar"/>
 </way>
 <way id="1177593722" visible="true" version="1" changeset="136745823" timestamp="2023-05-30T13:02:50Z" user="mpatsevich_lyft" uid="12896788">
  <nd ref="10939880634"/>
  <nd ref="10939880637"/>
  <nd ref="10939880635"/>
  <tag k="highway" v="service"/>
 </way>
 <way id="1177593723" visible="true" version="1" changeset="136745823" timestamp="2023-05-30T13:02:50Z" user="mpatsevich_lyft" uid="12896788">
  <nd ref="10939880635"/>
  <nd ref="10939880636"/>
  <tag k="highway" v="service"/>
  <tag k="service" v="parking_aisle"/>
 </way>
 <way id="1177593724" visible="true" version="1" changeset="136745823" timestamp="2023-05-30T13:02:50Z" user="mpatsevich_lyft" uid="12896788">
  <nd ref="10939880637"/>
  <nd ref="10939880638"/>
  <tag k="highway" v="service"/>
  <tag k="service" v="parking_aisle"/>
 </way>
 <way id="1185543929" visible="true" version="1" changeset="137885412" timestamp="2023-06-28T15:55:02Z" user="kvenkatl" uid="14549976">
  <nd ref="6660662192"/>
  <nd ref="6660662189"/>
  <tag k="highway" v="service"/>
  <tag k="maxspeed" v="15 mph"/>
  <tag k="service" v="driveway"/>
 </way>
 <way id="1207313639" visible="true" version="1" changeset="141185128" timestamp="2023-09-13T00:37:08Z" user="Clarke22" uid="703694">
  <nd ref="5030755843"/>
  <nd ref="11186907348"/>
  <nd ref="11186907349"/>
  <nd ref="11186907347"/>
  <tag k="highway" v="path"/>
  <tag k="surface" v="unpaved"/>
 </way>
 <relation id="127730" visible="true" version="12" changeset="139987505" timestamp="2023-08-16T22:31:25Z" user="watmildon" uid="11303102">
  <member type="way" ref="597458514" role="outer"/>
  <member type="way" ref="327252080" role="outer"/>
  <member type="node" ref="153386773" role="label"/>
  <tag k="admin_level" v="8"/>
  <tag k="border_type" v="city"/>
  <tag k="boundary" v="administrative"/>
  <tag k="gnis:feature_id" v="2397268"/>
  <tag k="name" v="West Lafayette"/>
  <tag k="name:mia" v="peenkihšinka pinšiwamootayinki"/>
  <tag k="name:zh-Hans" v="西拉法叶"/>
  <tag k="name:zh-Hant" v="西拉法葉"/>
  <tag k="place" v="city"/>
  <tag k="source" v="TIGER/Line® 2008 Place Shapefiles (http://www.census.gov/geo/www/tiger/)"/>
  <tag k="type" v="boundary"/>
  <tag k="wikidata" v="Q166481"/>
  <tag k="wikipedia" v="en:West Lafayette, Indiana"/>
 </relation>
 <relation id="271863" visible="true" version="154" changeset="124285821" timestamp="2022-07-31T00:04:26Z" user="clay_c" uid="119881">
  <member type="relation" ref="2309414" role=""/>
  <member type="relation" ref="2309411" role=""/>
  <member type="relation" ref="2309404" role=""/>
  <member type="relation" ref="2309405" role=""/>
  <member type="relation" ref="2309410" role=""/>
  <member type="relation" ref="14272617" role=""/>
  <member type="relation" ref="419295" role=""/>
  <member type="relation" ref="1593682" role=""/>
  <member type="relation" ref="2309416" role=""/>
  <member type="relation" ref="2309412" role=""/>
  <member type="relation" ref="2309415" role=""/>
  <tag k="is_in:state" v="ND;MN;IA;IL;IN;OH;WV;KY;VA;NC;SC"/>
  <tag k="name" v="US 52 (super)"/>
  <tag k="network" v="US:US"/>
  <tag k="ref" v="52"/>
  <tag k="route" v="road"/>
  <tag k="symbol" v="https://upload.wikimedia.org/wikipedia/commons/d/dc/US_52.svg"/>
  <tag k="type" v="route"/>
  <tag k="wikidata" v="Q409832"/>
  <tag k="wikipedia" v="en:U.S. Route 52"/>
 </relation>
 <relation id="443603" visible="true" version="115" changeset="12431390" timestamp="2012-07-22T11:54:15Z" user="NE2" uid="207745">
  <member type="relation" ref="1281514" role=""/>
  <member type="relation" ref="1281515" role=""/>
  <member type="relation" ref="2303023" role=""/>
  <member type="relation" ref="2303021" role=""/>
  <member type="relation" ref="2303014" role=""/>
  <tag k="name" v="US 231 (super)"/>
  <tag k="network" v="US:US"/>
  <tag k="ref" v="231"/>
  <tag k="route" v="road"/>
  <tag k="type" v="route"/>
 </relation>
 <relation id="2303014" visible="true" version="107" changeset="148557477" timestamp="2024-03-12T16:23:27Z" user="elffromspace" uid="7231898">
  <member type="way" ref="1079321665" role=""/>
  <member type="way" ref="1079321664" role=""/>
  <member type="way" ref="112951300" role=""/>
  <member type="way" ref="1079321659" role=""/>
  <member type="way" ref="17498478" role=""/>
  <member type="way" ref="1079321658" role=""/>
  <member type="way" ref="1079321660" role=""/>
  <member type="way" ref="17501073" role=""/>
  <member type="way" ref="1079321662" role=""/>
  <member type="way" ref="1079321661" role=""/>
  <member type="way" ref="1079321663" role=""/>
  <member type="way" ref="17498611" role=""/>
  <member type="way" ref="171005340" role=""/>
  <member type="way" ref="17498476" role=""/>
  <member type="way" ref="171005346" role=""/>
  <member type="way" ref="171005341" role=""/>
  <member type="way" ref="171005345" role=""/>
  <member type="way" ref="171005348" role=""/>
  <member type="way" ref="171005347" role=""/>
  <member type="way" ref="17388782" role=""/>
  <member type="way" ref="171005339" role=""/>
  <member type="way" ref="1163531246" role=""/>
  <member type="way" ref="171005344" role=""/>
  <member type="way" ref="1163531247" role=""/>
  <member type="way" ref="17384755" role=""/>
  <member type="way" ref="1163531248" role=""/>
  <member type="way" ref="1163531249" role=""/>
  <member type="way" ref="17383741" role=""/>
  <member type="way" ref="1163531250" role=""/>
  <member type="way" ref="17384527" role=""/>
  <member type="way" ref="1163531251" role=""/>
  <member type="way" ref="52041248" role=""/>
  <member type="way" ref="1163531252" role=""/>
  <member type="way" ref="1163531253" role=""/>
  <member type="way" ref="52041253" role=""/>
  <member type="way" ref="1112846058" role=""/>
  <member type="way" ref="17385354" role=""/>
  <member type="way" ref="1163531254" role=""/>
  <member type="way" ref="1178701398" role=""/>
  <member type="way" ref="17386625" role=""/>
  <member type="way" ref="1136519614" role=""/>
  <member type="way" ref="1136519615" role=""/>
  <member type="way" ref="17384512" role=""/>
  <member type="way" ref="1163531270" role=""/>
  <member type="way" ref="1163531269" role=""/>
  <member type="way" ref="1180392246" role=""/>
  <member type="way" ref="1178701397" role=""/>
  <member type="way" ref="1163531271" role=""/>
  <member type="way" ref="17386866" role=""/>
  <member type="way" ref="565093893" role=""/>
  <member type="way" ref="565093894" role=""/>
  <member type="way" ref="1178701392" role=""/>
  <member type="way" ref="17388053" role=""/>
  <member type="way" ref="17381299" role=""/>
  <member type="way" ref="1163531272" role=""/>
  <member type="way" ref="17386504" role=""/>
  <member type="way" ref="1163531273" role=""/>
  <member type="way" ref="262683759" role=""/>
  <member type="way" ref="262683761" role=""/>
  <member type="way" ref="262683758" role=""/>
  <member type="way" ref="1173550906" role=""/>
  <member type="way" ref="262683765" role=""/>
  <member type="way" ref="1163531290" role=""/>
  <member type="way" ref="1163531297" role=""/>
  <member type="way" ref="423962327" role=""/>
  <member type="way" ref="1163531296" role=""/>
  <member type="way" ref="1163531291" role=""/>
  <member type="way" ref="423962330" role=""/>
  <member type="way" ref="713961039" role=""/>
  <member type="way" ref="1163531274" role=""/>
  <member type="way" ref="713961040" role=""/>
  <member type="way" ref="1163531275" role=""/>
  <member type="way" ref="17381304" role=""/>
  <member type="way" ref="17384038" role=""/>
  <member type="way" ref="17385826" role=""/>
  <member type="way" ref="1105630755" role=""/>
  <member type="way" ref="1105630756" role=""/>
  <member type="way" ref="1163531279" role=""/>
  <member type="way" ref="17387405" role=""/>
  <member type="way" ref="1163531282" role=""/>
  <member type="way" ref="423962253" role=""/>
  <member type="way" ref="160485910" role=""/>
  <member type="way" ref="160485909" role=""/>
  <member type="way" ref="1163531281" role=""/>
  <member type="way" ref="1163531280" role=""/>
  <member type="way" ref="1163531286" role=""/>
  <member type="way" ref="1163531285" role=""/>
  <member type="way" ref="1163531287" role=""/>
  <member type="way" ref="1163531288" role=""/>
  <member type="way" ref="1163531289" role=""/>
  <member type="way" ref="673097931" role=""/>
  <member type="way" ref="17593643" role=""/>
  <member type="way" ref="17592603" role=""/>
  <member type="way" ref="52465017" role=""/>
  <member type="way" ref="17594154" role=""/>
  <member type="way" ref="423957902" role=""/>
  <member type="way" ref="423957898" role=""/>
  <member type="way" ref="17591043" role=""/>
  <member type="way" ref="835407352" role=""/>
  <member type="way" ref="5329791" role=""/>
  <member type="way" ref="1261906931" role=""/>
  <member type="way" ref="1261906930" role=""/>
  <member type="way" ref="172508900" role="south"/>
  <member type="way" ref="132781894" role="south"/>
  <member type="way" ref="132781901" role="south"/>
  <member type="way" ref="1220169816" role="south"/>
  <member type="way" ref="237948870" role="south"/>
  <member type="way" ref="1220169818" role="south"/>
  <member type="way" ref="673250027" role="south"/>
  <member type="way" ref="876060030" role="south"/>
  <member type="way" ref="895549083" role="south"/>
  <member type="way" ref="673250026" role="south"/>
  <member type="way" ref="895618154" role="north"/>
  <member type="way" ref="207998290" role="north"/>
  <member type="way" ref="993769656" role="north"/>
  <member type="way" ref="993769654" role="north"/>
  <member type="way" ref="993769655" role="north"/>
  <member type="way" ref="993769651" role="north"/>
  <member type="way" ref="993769646" role="north"/>
  <member type="way" ref="993769650" role="north"/>
  <member type="way" ref="993769643" role="north"/>
  <member type="way" ref="993769642" role="north"/>
  <member type="way" ref="993769641" role="north"/>
  <member type="way" ref="895618153" role="north"/>
  <member type="way" ref="995003442" role="north"/>
  <member type="way" ref="995003443" role="north"/>
  <member type="way" ref="995003444" role="north"/>
  <member type="way" ref="1191325302" role="north"/>
  <member type="way" ref="348668763" role="south"/>
  <member type="way" ref="993769652" role="south"/>
  <member type="way" ref="993769653" role="south"/>
  <member type="way" ref="993769649" role="south"/>
  <member type="way" ref="993769648" role="south"/>
  <member type="way" ref="993769647" role="south"/>
  <member type="way" ref="993769645" role="south"/>
  <member type="way" ref="993769644" role="south"/>
  <member type="way" ref="995003447" role="south"/>
  <member type="way" ref="995003446" role="south"/>
  <member type="way" ref="995003441" role="south"/>
  <member type="way" ref="926649442" role="south"/>
  <member type="way" ref="995003445" role="south"/>
  <member type="way" ref="895549079" role="south"/>
  <member type="way" ref="319797204" role="south"/>
  <member type="way" ref="319797203" role="south"/>
  <member type="way" ref="319797202" role="south"/>
  <member type="way" ref="1191320671" role="south"/>
  <member type="way" ref="1191320672" role="south"/>
  <member type="way" ref="1191320669" role="south"/>
  <member type="way" ref="1191320670" role="south"/>
  <member type="way" ref="339418271" role="south"/>
  <member type="way" ref="673238413" role="south"/>
  <member type="way" ref="673238411" role="south"/>
  <member type="way" ref="862484103" role="south"/>
  <member type="way" ref="120260927" role="north"/>
  <member type="way" ref="673238414" role="north"/>
  <member type="way" ref="673238416" role="north"/>
  <member type="way" ref="1191320674" role="north"/>
  <member type="way" ref="1191320675" role="north"/>
  <member type="way" ref="1191320673" role="north"/>
  <member type="way" ref="1191325303" role="north"/>
  <member type="way" ref="339418272" role="north"/>
  <member type="way" ref="52040051" role="north"/>
  <member type="way" ref="52040050" role="north"/>
  <member type="way" ref="237879771" role="north"/>
  <member type="way" ref="107137296" role="north"/>
  <member type="way" ref="995003439" role="north"/>
  <member type="way" ref="866546286" role="north"/>
  <member type="way" ref="895549077" role="north"/>
  <member type="way" ref="237879770" role="north"/>
  <member type="way" ref="673250028" role="north"/>
  <member type="way" ref="1220169817" role="north"/>
  <member type="way" ref="673250029" role="north"/>
  <member type="way" ref="1220169815" role="north"/>
  <member type="way" ref="132781899" role="north"/>
  <member type="way" ref="5334064" role="north"/>
  <member type="way" ref="5332769" role=""/>
  <member type="way" ref="5329796" role=""/>
  <member type="way" ref="5329797" role=""/>
  <member type="way" ref="5332773" role=""/>
  <member type="way" ref="673239586" role=""/>
  <member type="way" ref="673239585" role=""/>
  <member type="way" ref="17461801" role=""/>
  <member type="way" ref="17461643" role=""/>
  <member type="way" ref="17460623" role=""/>
  <member type="way" ref="17461919" role=""/>
  <member type="way" ref="17461641" role=""/>
  <member type="way" ref="17461929" role=""/>
  <member type="way" ref="17462627" role=""/>
  <member type="way" ref="404727571" role=""/>
  <member type="way" ref="618979602" role=""/>
  <member type="way" ref="404727572" role=""/>
  <member type="way" ref="322569212" role=""/>
  <member type="way" ref="17461797" role=""/>
  <member type="way" ref="17462629" role=""/>
  <member type="way" ref="322569216" role=""/>
  <member type="way" ref="771555870" role=""/>
  <member type="way" ref="322568296" role=""/>
  <member type="way" ref="17449551" role=""/>
  <member type="way" ref="17462617" role=""/>
  <member type="way" ref="132083539" role=""/>
  <member type="way" ref="113031040" role=""/>
  <member type="way" ref="17462026" role=""/>
  <member type="way" ref="761212950" role=""/>
  <member type="way" ref="761212951" role=""/>
  <member type="way" ref="113030560" role=""/>
  <member type="way" ref="17459663" role=""/>
  <member type="way" ref="120260926" role=""/>
  <member type="way" ref="766814161" role=""/>
  <member type="way" ref="764154126" role=""/>
  <member type="way" ref="17462753" role=""/>
  <member type="way" ref="458932026" role=""/>
  <member type="way" ref="458932027" role=""/>
  <member type="way" ref="78842715" role=""/>
  <member type="way" ref="17515771" role=""/>
  <member type="way" ref="17518333" role=""/>
  <member type="way" ref="17515774" role=""/>
  <member type="way" ref="168636233" role=""/>
  <member type="way" ref="168636236" role=""/>
  <member type="way" ref="17518318" role=""/>
  <member type="way" ref="249816825" role=""/>
  <member type="way" ref="249816826" role=""/>
  <member type="way" ref="17515776" role=""/>
  <member type="way" ref="614032746" role=""/>
  <member type="way" ref="17515778" role=""/>
  <member type="way" ref="17519464" role=""/>
  <member type="way" ref="17515777" role=""/>
  <member type="way" ref="230222204" role=""/>
  <member type="way" ref="230222203" role=""/>
  <member type="way" ref="780285695" role=""/>
  <member type="way" ref="780285696" role=""/>
  <member type="way" ref="120260882" role=""/>
  <member type="way" ref="310881364" role="south"/>
  <member type="way" ref="310881374" role="south"/>
  <member type="way" ref="310881367" role="south"/>
  <member type="way" ref="310881373" role="south"/>
  <member type="way" ref="310881370" role="north"/>
  <member type="way" ref="120260878" role="north"/>
  <member type="way" ref="17519176" role="north"/>
  <member type="way" ref="119802816" role="north"/>
  <member type="way" ref="86311173" role="north"/>
  <member type="way" ref="53128962" role=""/>
  <member type="way" ref="17515773" role=""/>
  <member type="way" ref="17519372" role=""/>
  <member type="way" ref="86311138" role=""/>
  <member type="way" ref="53128961" role=""/>
  <member type="way" ref="53128960" role=""/>
  <member type="way" ref="808888955" role=""/>
  <member type="way" ref="808888956" role=""/>
  <member type="way" ref="86311142" role=""/>
  <member type="way" ref="53128959" role=""/>
  <member type="way" ref="17515772" role=""/>
  <member type="way" ref="17482480" role=""/>
  <member type="way" ref="69959857" role=""/>
  <member type="way" ref="69959811" role=""/>
  <member type="way" ref="51737057" role=""/>
  <member type="way" ref="349556623" role=""/>
  <member type="way" ref="349556614" role=""/>
  <member type="way" ref="894133416" role=""/>
  <member type="way" ref="52255024" role=""/>
  <member type="way" ref="52255023" role=""/>
  <member type="way" ref="46503292" role=""/>
  <member type="way" ref="611814314" role=""/>
  <member type="way" ref="17484580" role="forward"/>
  <member type="way" ref="607996756" role="forward"/>
  <member type="way" ref="17482453" role="forward"/>
  <member type="way" ref="607996755" role=""/>
  <member type="way" ref="70080339" role=""/>
  <member type="way" ref="46502760" role=""/>
  <member type="way" ref="52106297" role=""/>
  <member type="way" ref="83070306" role=""/>
  <member type="way" ref="51785566" role=""/>
  <member type="way" ref="80152523" role=""/>
  <member type="way" ref="80152525" role=""/>
  <member type="way" ref="17486524" role=""/>
  <member type="way" ref="69959854" role=""/>
  <member type="way" ref="69959840" role=""/>
  <member type="way" ref="17482446" role=""/>
  <member type="way" ref="17486523" role=""/>
  <member type="way" ref="52447080" role=""/>
  <member type="way" ref="52517127" role=""/>
  <member type="way" ref="52517126" role=""/>
  <member type="way" ref="17482439" role=""/>
  <member type="way" ref="52107668" role=""/>
  <member type="way" ref="783767316" role=""/>
  <member type="way" ref="46499490" role=""/>
  <member type="way" ref="17349414" role=""/>
  <member type="way" ref="52107671" role=""/>
  <member type="way" ref="17354482" role=""/>
  <member type="way" ref="83615003" role=""/>
  <member type="way" ref="51229319" role=""/>
  <member type="way" ref="51229318" role=""/>
  <member type="way" ref="52107672" role=""/>
  <member type="way" ref="17353981" role=""/>
  <member type="way" ref="52107674" role=""/>
  <member type="way" ref="46583365" role=""/>
  <member type="way" ref="798505487" role=""/>
  <member type="way" ref="846408634" role=""/>
  <member type="way" ref="798505486" role=""/>
  <member type="way" ref="17349385" role=""/>
  <member type="way" ref="46493535" role=""/>
  <member type="way" ref="46493537" role=""/>
  <member type="way" ref="17349374" role=""/>
  <member type="way" ref="52068333" role=""/>
  <member type="way" ref="83613779" role=""/>
  <member type="way" ref="17353519" role=""/>
  <member type="way" ref="98867087" role=""/>
  <member type="way" ref="17353680" role=""/>
  <member type="way" ref="52107667" role=""/>
  <member type="way" ref="52107665" role=""/>
  <member type="way" ref="52107663" role=""/>
  <member type="way" ref="601723361" role=""/>
  <member type="way" ref="363032185" role=""/>
  <member type="way" ref="363032188" role=""/>
  <member type="way" ref="845453243" role=""/>
  <member type="way" ref="146237741" role="north"/>
  <member type="way" ref="845453259" role="south"/>
  <member type="way" ref="926708224" role="south"/>
  <member type="way" ref="926708223" role="south"/>
  <member type="way" ref="926708530" role="south"/>
  <member type="way" ref="845453254" role="south"/>
  <member type="way" ref="845453255" role="south"/>
  <member type="way" ref="845453244" role="south"/>
  <member type="way" ref="80374520" role="north"/>
  <member type="way" ref="80374527" role="north"/>
  <member type="way" ref="80374523" role="north"/>
  <member type="way" ref="926708529" role="north"/>
  <member type="way" ref="926708528" role="north"/>
  <member type="way" ref="926708225" role="north"/>
  <member type="way" ref="845453252" role="north"/>
  <member type="way" ref="17349389" role=""/>
  <member type="way" ref="119802830" role=""/>
  <member type="way" ref="895567430" role=""/>
  <member type="way" ref="895567431" role=""/>
  <member type="way" ref="71176647" role=""/>
  <member type="way" ref="17295496" role=""/>
  <member type="way" ref="754976114" role=""/>
  <member type="way" ref="754976113" role=""/>
  <member type="way" ref="17438188" role=""/>
  <member type="way" ref="1098808384" role=""/>
  <member type="way" ref="48485875" role=""/>
  <member type="way" ref="1063485519" role=""/>
  <member type="way" ref="17442748" role=""/>
  <member type="way" ref="536140564" role=""/>
  <member type="way" ref="536140569" role=""/>
  <member type="way" ref="17444489" role=""/>
  <member type="way" ref="17441610" role=""/>
  <member type="way" ref="895567428" role=""/>
  <member type="way" ref="895567429" role=""/>
  <member type="way" ref="895567419" role=""/>
  <member type="way" ref="895567427" role=""/>
  <member type="way" ref="895567426" role=""/>
  <member type="way" ref="895567420" role=""/>
  <member type="way" ref="17438210" role=""/>
  <member type="way" ref="1014257860" role=""/>
  <member type="way" ref="307935262" role=""/>
  <member type="way" ref="98631592" role=""/>
  <member type="way" ref="657875223" role=""/>
  <member type="way" ref="17311012" role=""/>
  <member type="way" ref="120260886" role=""/>
  <member type="way" ref="52205918" role=""/>
  <member type="way" ref="52205916" role=""/>
  <member type="way" ref="17310989" role=""/>
  <member type="way" ref="98636143" role=""/>
  <member type="way" ref="98636146" role=""/>
  <member type="way" ref="98636025" role=""/>
  <member type="way" ref="98636035" role=""/>
  <member type="way" ref="17322728" role=""/>
  <member type="way" ref="17319357" role=""/>
  <member type="way" ref="17319222" role=""/>
  <member type="way" ref="17310993" role=""/>
  <member type="way" ref="17319215" role=""/>
  <member type="way" ref="97015911" role=""/>
  <member type="way" ref="41221131" role="south"/>
  <member type="way" ref="120260929" role="south"/>
  <member type="way" ref="1063399164" role="south"/>
  <member type="way" ref="97015916" role="south"/>
  <member type="way" ref="97015918" role="south"/>
  <member type="way" ref="97093920" role="south"/>
  <member type="way" ref="97093928" role="south"/>
  <member type="way" ref="97093923" role="south"/>
  <member type="way" ref="97093922" role="south"/>
  <member type="way" ref="97093924" role="south"/>
  <member type="way" ref="97093925" role="south"/>
  <member type="way" ref="1189849553" role="south"/>
  <member type="way" ref="1189849552" role="south"/>
  <member type="way" ref="41168985" role="south"/>
  <member type="way" ref="382730405" role="south"/>
  <member type="way" ref="382730404" role="south"/>
  <member type="way" ref="52205893" role="south"/>
  <member type="way" ref="475156972" role="south"/>
  <member type="way" ref="475156971" role="south"/>
  <member type="way" ref="41168969" role="south"/>
  <member type="way" ref="17536009" role="south"/>
  <member type="way" ref="120260928" role="north"/>
  <member type="way" ref="97015923" role="north"/>
  <member type="way" ref="1063399165" role="north"/>
  <member type="way" ref="97015920" role="north"/>
  <member type="way" ref="97093932" role="north"/>
  <member type="way" ref="97093930" role="north"/>
  <member type="way" ref="97093933" role="north"/>
  <member type="way" ref="97093935" role="north"/>
  <member type="way" ref="97093931" role="north"/>
  <member type="way" ref="97093921" role="north"/>
  <member type="way" ref="1189849550" role="north"/>
  <member type="way" ref="1189849551" role="north"/>
  <member type="way" ref="97093929" role="north"/>
  <member type="way" ref="52205911" role="north"/>
  <member type="way" ref="382730406" role="north"/>
  <member type="way" ref="987173141" role="north"/>
  <member type="way" ref="382730403" role="north"/>
  <member type="way" ref="41168957" role="north"/>
  <member type="way" ref="475156973" role="north"/>
  <member type="way" ref="475156974" role="north"/>
  <member type="way" ref="41168942" role="north"/>
  <member type="way" ref="322568295" role=""/>
  <member type="way" ref="322568299" role=""/>
  <member type="way" ref="322568297" role=""/>
  <member type="way" ref="322568298" role=""/>
  <member type="way" ref="533469498" role=""/>
  <member type="way" ref="322569215" role=""/>
  <member type="way" ref="322569218" role=""/>
  <member type="way" ref="322569217" role=""/>
  <member type="way" ref="1079874278" role="forward"/>
  <member type="way" ref="1159476607" role="forward"/>
  <member type="way" ref="1079874279" role="forward"/>
  <member type="way" ref="1079874280" role="forward"/>
  <member type="way" ref="1079874281" role=""/>
  <member type="way" ref="1079874282" role=""/>
  <member type="way" ref="1079874283" role=""/>
  <member type="way" ref="1079874284" role=""/>
  <member type="way" ref="1079874285" role=""/>
  <member type="way" ref="1079874286" role=""/>
  <member type="way" ref="1079874287" role=""/>
  <member type="way" ref="1079874288" role=""/>
  <member type="way" ref="1079874289" role=""/>
  <member type="way" ref="17428686" role=""/>
  <member type="way" ref="1079874291" role=""/>
  <member type="way" ref="1079874290" role=""/>
  <member type="way" ref="1079874277" role=""/>
  <member type="way" ref="1079874276" role=""/>
  <member type="way" ref="1079874275" role=""/>
  <member type="way" ref="1079874274" role=""/>
  <member type="way" ref="1079874273" role=""/>
  <member type="way" ref="1178711549" role=""/>
  <member type="way" ref="52041243" role="south"/>
  <member type="way" ref="17428689" role="south"/>
  <member type="way" ref="1079874270" role=""/>
  <member type="way" ref="1079874271" role=""/>
  <member type="way" ref="52041245" role=""/>
  <member type="way" ref="1079874272" role=""/>
  <member type="way" ref="1079874269" role=""/>
  <member type="way" ref="1079874268" role=""/>
  <member type="way" ref="104181927" role=""/>
  <member type="way" ref="1079874259" role=""/>
  <member type="way" ref="1079874267" role=""/>
  <member type="way" ref="1079874266" role=""/>
  <member type="way" ref="17423574" role=""/>
  <member type="way" ref="1079874260" role=""/>
  <member type="way" ref="1079874265" role=""/>
  <member type="way" ref="1079874264" role=""/>
  <member type="way" ref="512889152" role=""/>
  <member type="way" ref="1079874263" role=""/>
  <member type="way" ref="1079874262" role=""/>
  <member type="way" ref="1079874261" role=""/>
  <member type="way" ref="1079874258" role=""/>
  <member type="way" ref="1079874257" role=""/>
  <member type="way" ref="1079874256" role=""/>
  <member type="way" ref="512889154" role=""/>
  <member type="way" ref="1079874255" role=""/>
  <member type="way" ref="512889158" role=""/>
  <member type="way" ref="512889162" role=""/>
  <member type="way" ref="1079874254" role=""/>
  <member type="way" ref="1255159793" role=""/>
  <member type="way" ref="1255159794" role=""/>
  <member type="way" ref="1255159792" role=""/>
  <member type="way" ref="17414318" role=""/>
  <member type="way" ref="1255159797" role=""/>
  <member type="way" ref="1255159796" role=""/>
  <member type="way" ref="1079874253" role=""/>
  <member type="way" ref="1079874252" role=""/>
  <member type="way" ref="52041246" role=""/>
  <member type="way" ref="52041244" role="north"/>
  <member type="way" ref="17412399" role="north"/>
  <member type="way" ref="52041241" role="north"/>
  <member type="way" ref="1255159795" role=""/>
  <tag k="description" v="US 231 (IN)"/>
  <tag k="is_in:state" v="IN"/>
  <tag k="network" v="US:US"/>
  <tag k="ref" v="231"/>
  <tag k="route" v="road"/>
  <tag k="symbol" v="https://upload.wikimedia.org/wikipedia/commons/b/ba/US_231.svg"/>
  <tag k="type" v="route"/>
 </relation>
 <relation id="2309410" visible="true" version="204" changeset="147616563" timestamp="2024-02-18T16:33:39Z" user="platlas23" uid="115468">
  <member type="way" ref="388606394" role="east"/>
  <member type="way" ref="1113510666" role="east"/>
  <member type="way" ref="1113510663" role="east"/>
  <member type="way" ref="1163113497" role=""/>
  <member type="way" ref="918493453" role=""/>
  <member type="way" ref="918493454" role=""/>
  <member type="way" ref="919009229" role=""/>
  <member type="way" ref="919009230" role=""/>
  <member type="way" ref="1163113496" role=""/>
  <member type="way" ref="1163113495" role=""/>
  <member type="way" ref="172925019" role=""/>
  <member type="way" ref="95286280" role="east"/>
  <member type="way" ref="768167570" role="east"/>
  <member type="way" ref="768167571" role="east"/>
  <member type="way" ref="743303081" role="east"/>
  <member type="way" ref="51389015" role="east"/>
  <member type="way" ref="116815069" role="east"/>
  <member type="way" ref="104180617" role="east"/>
  <member type="way" ref="743303082" role="east"/>
  <member type="way" ref="1220169805" role="east"/>
  <member type="way" ref="1220169809" role="east"/>
  <member type="way" ref="1220169804" role="west"/>
  <member type="way" ref="104241217" role="west"/>
  <member type="way" ref="776824115" role="west"/>
  <member type="way" ref="17260255" role="west"/>
  <member type="way" ref="51389014" role="west"/>
  <member type="way" ref="743303079" role="west"/>
  <member type="way" ref="666144554" role="east"/>
  <member type="way" ref="666144558" role="east"/>
  <member type="way" ref="132781898" role="east"/>
  <member type="way" ref="939572667" role="east"/>
  <member type="way" ref="132781894" role="east"/>
  <member type="way" ref="132781901" role="east"/>
  <member type="way" ref="1220169816" role="east"/>
  <member type="way" ref="237948870" role="east"/>
  <member type="way" ref="1220169818" role="east"/>
  <member type="way" ref="673250027" role="east"/>
  <member type="way" ref="876060030" role="east"/>
  <member type="way" ref="895549083" role="east"/>
  <member type="way" ref="673250026" role="east"/>
  <member type="way" ref="866546286" role="west"/>
  <member type="way" ref="895549077" role="west"/>
  <member type="way" ref="237879770" role="west"/>
  <member type="way" ref="673250028" role="west"/>
  <member type="way" ref="1220169817" role="west"/>
  <member type="way" ref="673250029" role="west"/>
  <member type="way" ref="1220169815" role="west"/>
  <member type="way" ref="132781899" role="west"/>
  <member type="way" ref="5334064" role="west"/>
  <member type="way" ref="52040053" role="west"/>
  <member type="way" ref="17260249" role="west"/>
  <member type="way" ref="348668763" role="east"/>
  <member type="way" ref="993769652" role="east"/>
  <member type="way" ref="993769653" role="east"/>
  <member type="way" ref="993769649" role="east"/>
  <member type="way" ref="993769648" role="east"/>
  <member type="way" ref="993769647" role="east"/>
  <member type="way" ref="993769645" role="east"/>
  <member type="way" ref="993769644" role="east"/>
  <member type="way" ref="995003447" role="east"/>
  <member type="way" ref="995003446" role="east"/>
  <member type="way" ref="995003441" role="east"/>
  <member type="way" ref="926649442" role="east"/>
  <member type="way" ref="995003445" role="east"/>
  <member type="way" ref="895549079" role="east"/>
  <member type="way" ref="17464487" role="west"/>
  <member type="way" ref="1113510664" role="west"/>
  <member type="way" ref="1113510665" role="west"/>
  <member type="way" ref="17465961" role="west"/>
  <member type="way" ref="768167569" role="west"/>
  <member type="way" ref="768167568" role="west"/>
  <member type="way" ref="1220169808" role=""/>
  <member type="way" ref="1220169806" role=""/>
  <member type="way" ref="104180608" role=""/>
  <member type="way" ref="1220169807" role=""/>
  <member type="way" ref="1220169810" role="west"/>
  <member type="way" ref="1220169812" role="east"/>
  <member type="way" ref="104180603" role="east"/>
  <member type="way" ref="1220169813" role="east"/>
  <member type="way" ref="1252070262" role="east"/>
  <member type="way" ref="1252070263" role="east"/>
  <member type="way" ref="104180601" role="east"/>
  <member type="way" ref="113274475" role="east"/>
  <member type="way" ref="132781900" role="east"/>
  <member type="way" ref="1220169811" role="west"/>
  <member type="way" ref="17260253" role="west"/>
  <member type="way" ref="1220169814" role="west"/>
  <member type="way" ref="1252070260" role="west"/>
  <member type="way" ref="1252070261" role="west"/>
  <member type="way" ref="104180597" role="west"/>
  <member type="way" ref="113274607" role="west"/>
  <member type="way" ref="666144569" role="west"/>
  <member type="way" ref="666144564" role="west"/>
  <member type="way" ref="895618154" role="west"/>
  <member type="way" ref="207998290" role="west"/>
  <member type="way" ref="993769656" role="west"/>
  <member type="way" ref="993769654" role="west"/>
  <member type="way" ref="993769655" role="west"/>
  <member type="way" ref="993769651" role="west"/>
  <member type="way" ref="993769646" role="west"/>
  <member type="way" ref="993769650" role="west"/>
  <member type="way" ref="993769643" role="west"/>
  <member type="way" ref="993769642" role="west"/>
  <member type="way" ref="993769641" role="west"/>
  <member type="way" ref="895618153" role="west"/>
  <member type="way" ref="995003442" role="west"/>
  <member type="way" ref="995003443" role="west"/>
  <member type="way" ref="995003444" role="west"/>
  <member type="way" ref="1191325302" role="west"/>
  <member type="way" ref="121233405" role="east"/>
  <member type="way" ref="121233400" role="east"/>
  <member type="way" ref="121233398" role="east"/>
  <member type="way" ref="121233408" role="east"/>
  <member type="way" ref="121233407" role="east"/>
  <member type="way" ref="121230062" role="east"/>
  <member type="way" ref="1210602367" role="east"/>
  <member type="way" ref="1210602366" role="east"/>
  <member type="way" ref="819380976" role="east"/>
  <member type="way" ref="121230060" role="east"/>
  <member type="way" ref="1210602370" role="east"/>
  <member type="way" ref="1210602369" role="east"/>
  <member type="way" ref="121230059" role="east"/>
  <member type="way" ref="1234985696" role="east"/>
  <member type="way" ref="121230061" role="east"/>
  <member type="way" ref="1210602376" role="east"/>
  <member type="way" ref="1210602377" role="east"/>
  <member type="way" ref="17263775" role="east"/>
  <member type="way" ref="51389029" role="east"/>
  <member type="way" ref="165499305" role="east"/>
  <member type="way" ref="78595406" role="east"/>
  <member type="way" ref="1044801888" role="east"/>
  <member type="way" ref="1044801889" role="east"/>
  <member type="way" ref="17432167" role="east"/>
  <member type="way" ref="52285384" role="east"/>
  <member type="way" ref="52285380" role="east"/>
  <member type="way" ref="616714008" role="east"/>
  <member type="way" ref="616714010" role="east"/>
  <member type="way" ref="437511423" role="east"/>
  <member type="way" ref="151141975" role="east"/>
  <member type="way" ref="437511406" role="east"/>
  <member type="way" ref="437511409" role="east"/>
  <member type="way" ref="437511401" role="east"/>
  <member type="way" ref="437511416" role="east"/>
  <member type="way" ref="437511421" role="east"/>
  <member type="way" ref="151141949" role="west"/>
  <member type="way" ref="437511410" role="west"/>
  <member type="way" ref="437511414" role="west"/>
  <member type="way" ref="437511403" role="west"/>
  <member type="way" ref="437511407" role="west"/>
  <member type="way" ref="437511418" role="west"/>
  <member type="way" ref="1108944449" role="west"/>
  <member type="way" ref="17432188" role="west"/>
  <member type="way" ref="616713997" role="west"/>
  <member type="way" ref="616714006" role="west"/>
  <member type="way" ref="52285383" role="west"/>
  <member type="way" ref="52285386" role="west"/>
  <member type="way" ref="121233406" role="west"/>
  <member type="way" ref="776849863" role="west"/>
  <member type="way" ref="121233402" role="west"/>
  <member type="way" ref="5334048" role="west"/>
  <member type="way" ref="121237002" role="west"/>
  <member type="way" ref="121236999" role="west"/>
  <member type="way" ref="5334057" role="west"/>
  <member type="way" ref="121239876" role="west"/>
  <member type="way" ref="5330407" role="west"/>
  <member type="way" ref="1251015640" role="west"/>
  <member type="way" ref="1251015639" role="west"/>
  <member type="way" ref="1251015638" role="west"/>
  <member type="way" ref="264492831" role="west"/>
  <member type="way" ref="264492827" role="west"/>
  <member type="way" ref="264492828" role="west"/>
  <member type="way" ref="673238439" role="west"/>
  <member type="way" ref="673238434" role="west"/>
  <member type="way" ref="75285380" role="west"/>
  <member type="way" ref="121165786" role="east"/>
  <member type="way" ref="766828765" role="east"/>
  <member type="way" ref="886309444" role="west"/>
  <member type="way" ref="865563907" role="east"/>
  <member type="way" ref="673238441" role="east"/>
  <member type="way" ref="673238440" role="east"/>
  <member type="way" ref="264492829" role="east"/>
  <member type="way" ref="264492830" role="east"/>
  <member type="way" ref="1251015636" role="east"/>
  <member type="way" ref="1251015635" role="east"/>
  <member type="way" ref="322793804" role="east"/>
  <member type="way" ref="121239877" role="east"/>
  <member type="way" ref="831744455" role="east"/>
  <member type="way" ref="121239878" role="east"/>
  <member type="way" ref="121237004" role="east"/>
  <member type="way" ref="121236997" role="east"/>
  <member type="way" ref="128254203" role="east"/>
  <member type="way" ref="776849861" role="east"/>
  <member type="way" ref="776849860" role="east"/>
  <member type="way" ref="17283951" role="west"/>
  <member type="way" ref="17263780" role="forward"/>
  <member type="way" ref="121233399" role="west"/>
  <member type="way" ref="943737915" role="west"/>
  <member type="way" ref="121233404" role="west"/>
  <member type="way" ref="121230066" role="west"/>
  <member type="way" ref="17263778" role="west"/>
  <member type="way" ref="868520745" role="west"/>
  <member type="way" ref="837825179" role="west"/>
  <member type="way" ref="1210602365" role="west"/>
  <member type="way" ref="1210602364" role="west"/>
  <member type="way" ref="17263779" role="west"/>
  <member type="way" ref="17263777" role="west"/>
  <member type="way" ref="1210602371" role="west"/>
  <member type="way" ref="1210602368" role="west"/>
  <member type="way" ref="17263776" role="west"/>
  <member type="way" ref="1234985697" role="west"/>
  <member type="way" ref="868536582" role="west"/>
  <member type="way" ref="1210602375" role="west"/>
  <member type="way" ref="1210602378" role="west"/>
  <member type="way" ref="51389026" role="west"/>
  <member type="way" ref="102029359" role="west"/>
  <member type="way" ref="102029376" role="west"/>
  <member type="way" ref="165499287" role="west"/>
  <member type="way" ref="590521109" role="west"/>
  <member type="way" ref="121241931" role="west"/>
  <member type="way" ref="121241939" role="west"/>
  <member type="way" ref="165499323" role="west"/>
  <member type="way" ref="165499260" role="west"/>
  <member type="way" ref="1090390023" role="west"/>
  <member type="way" ref="1090390024" role="west"/>
  <member type="way" ref="51362907" role="west"/>
  <member type="way" ref="151141963" role=""/>
  <member type="way" ref="437511404" role=""/>
  <member type="way" ref="172014522" role=""/>
  <member type="way" ref="121165666" role=""/>
  <member type="way" ref="765150565" role=""/>
  <member type="way" ref="17362702" role=""/>
  <member type="way" ref="761218182" role=""/>
  <member type="way" ref="350686531" role=""/>
  <member type="way" ref="17360471" role=""/>
  <member type="way" ref="779519735" role=""/>
  <member type="way" ref="177020366" role=""/>
  <member type="way" ref="177020370" role=""/>
  <member type="way" ref="178019805" role=""/>
  <member type="way" ref="178019804" role=""/>
  <member type="way" ref="17362692" role=""/>
  <member type="way" ref="17363089" role=""/>
  <member type="way" ref="1197847531" role=""/>
  <member type="way" ref="17362697" role=""/>
  <member type="way" ref="17357617" role=""/>
  <member type="way" ref="17544447" role=""/>
  <member type="way" ref="310685784" role=""/>
  <member type="way" ref="1197847533" role=""/>
  <member type="way" ref="310685792" role=""/>
  <member type="way" ref="17545625" role=""/>
  <member type="way" ref="17547234" role=""/>
  <member type="way" ref="17544312" role=""/>
  <member type="way" ref="446226218" role=""/>
  <member type="way" ref="446226217" role=""/>
  <member type="way" ref="17545618" role=""/>
  <member type="way" ref="17546397" role=""/>
  <member type="way" ref="17545614" role=""/>
  <member type="way" ref="777090737" role=""/>
  <member type="way" ref="777090738" role=""/>
  <member type="way" ref="777090735" role=""/>
  <member type="way" ref="777090736" role=""/>
  <member type="way" ref="17528148" role=""/>
  <member type="way" ref="17528826" role=""/>
  <member type="way" ref="17528930" role=""/>
  <member type="way" ref="299525952" role=""/>
  <member type="way" ref="299525950" role=""/>
  <member type="way" ref="17528158" role=""/>
  <member type="way" ref="1128939389" role=""/>
  <member type="way" ref="1128939388" role=""/>
  <member type="way" ref="17528565" role=""/>
  <member type="way" ref="113156213" role=""/>
  <member type="way" ref="113156144" role=""/>
  <member type="way" ref="17528146" role=""/>
  <member type="way" ref="182909445" role=""/>
  <member type="way" ref="182909449" role=""/>
  <member type="way" ref="182909460" role=""/>
  <member type="way" ref="112953903" role=""/>
  <member type="way" ref="17528143" role=""/>
  <member type="way" ref="957183226" role=""/>
  <member type="way" ref="1092450632" role=""/>
  <member type="way" ref="1092450631" role=""/>
  <member type="way" ref="957183225" role=""/>
  <member type="way" ref="17528138" role=""/>
  <member type="way" ref="17528154" role=""/>
  <member type="way" ref="532076309" role=""/>
  <member type="way" ref="532076308" role=""/>
  <member type="way" ref="652253981" role=""/>
  <member type="way" ref="652253994" role=""/>
  <member type="way" ref="78918006" role=""/>
  <member type="way" ref="78918018" role=""/>
  <member type="way" ref="202765875" role=""/>
  <member type="way" ref="202765877" role=""/>
  <member type="way" ref="17335374" role=""/>
  <member type="way" ref="669610896" role=""/>
  <member type="way" ref="17338927" role=""/>
  <member type="way" ref="669610887" role=""/>
  <member type="way" ref="17334736" role=""/>
  <member type="way" ref="198713850" role=""/>
  <member type="way" ref="198713854" role=""/>
  <member type="way" ref="669610775" role=""/>
  <member type="way" ref="669610776" role=""/>
  <member type="way" ref="720396357" role=""/>
  <member type="way" ref="720396358" role=""/>
  <member type="way" ref="720396367" role=""/>
  <member type="way" ref="720396368" role=""/>
  <member type="way" ref="113030912" role=""/>
  <member type="way" ref="669610731" role=""/>
  <member type="way" ref="669610732" role=""/>
  <member type="way" ref="17335305" role=""/>
  <member type="way" ref="17334924" role=""/>
  <member type="way" ref="720396379" role=""/>
  <member type="way" ref="720396380" role=""/>
  <member type="way" ref="17335324" role=""/>
  <member type="way" ref="720396387" role=""/>
  <member type="way" ref="668921258" role=""/>
  <member type="way" ref="17302844" role=""/>
  <member type="way" ref="720396414" role=""/>
  <member type="way" ref="720396413" role=""/>
  <member type="way" ref="669610688" role=""/>
  <member type="way" ref="51388947" role="forward"/>
  <member type="way" ref="669610686" role="forward"/>
  <member type="way" ref="202778217" role=""/>
  <member type="way" ref="202778222" role=""/>
  <member type="way" ref="159603519" role="east"/>
  <member type="way" ref="51388949" role="east"/>
  <member type="way" ref="39813808" role="east"/>
  <member type="way" ref="39813827" role="east"/>
  <member type="way" ref="45048863" role="east"/>
  <member type="way" ref="45048864" role="east"/>
  <member type="way" ref="669610687" role="west"/>
  <member type="way" ref="39813865" role="west"/>
  <member type="way" ref="159603517" role="west"/>
  <member type="way" ref="159603533" role="west"/>
  <member type="way" ref="17307345" role="west"/>
  <member type="way" ref="159603524" role="west"/>
  <member type="way" ref="39813771" role="west"/>
  <member type="way" ref="39813818" role="west"/>
  <member type="way" ref="760639314" role="west"/>
  <member type="way" ref="760639315" role="west"/>
  <member type="way" ref="760639313" role="west"/>
  <member type="way" ref="760639312" role="west"/>
  <member type="way" ref="45048867" role="west"/>
  <member type="way" ref="45048865" role="west"/>
  <member type="way" ref="159603534" role="west"/>
  <member type="way" ref="339418272" role="west"/>
  <member type="way" ref="1191325303" role="west"/>
  <member type="way" ref="339418273" role="east"/>
  <member type="way" ref="52040051" role="west"/>
  <member type="way" ref="52040050" role="west"/>
  <member type="way" ref="237879771" role="west"/>
  <member type="way" ref="107137296" role="west"/>
  <member type="way" ref="995003439" role="west"/>
  <member type="way" ref="319797204" role="east"/>
  <member type="way" ref="319797203" role="east"/>
  <member type="way" ref="319797202" role="east"/>
  <member type="way" ref="1191320671" role="east"/>
  <member type="way" ref="1191320672" role="east"/>
  <member type="way" ref="1191320669" role="east"/>
  <member type="way" ref="1191320670" role="east"/>
  <member type="way" ref="5331518" role=""/>
  <member type="way" ref="764100360" role=""/>
  <member type="way" ref="894976275" role=""/>
  <member type="way" ref="894976279" role=""/>
  <member type="way" ref="895274685" role=""/>
  <member type="way" ref="895274687" role=""/>
  <member type="way" ref="938717206" role=""/>
  <member type="way" ref="75278144" role=""/>
  <member type="way" ref="5334507" role="west"/>
  <member type="way" ref="938717201" role="west"/>
  <member type="way" ref="75280535" role="west"/>
  <member type="way" ref="75278149" role="east"/>
  <member type="way" ref="339406670" role="east"/>
  <member type="way" ref="938717204" role="east"/>
  <member type="way" ref="1191320689" role=""/>
  <member type="way" ref="1191320683" role=""/>
  <member type="way" ref="1191320682" role=""/>
  <member type="way" ref="1191320684" role=""/>
  <member type="way" ref="1191320685" role=""/>
  <member type="way" ref="1191320686" role=""/>
  <member type="way" ref="862364410" role=""/>
  <member type="way" ref="1191320688" role=""/>
  <member type="way" ref="1191320687" role=""/>
  <member type="way" ref="75284946" role=""/>
  <member type="way" ref="895265942" role=""/>
  <member type="way" ref="75284947" role=""/>
  <member type="way" ref="75280529" role=""/>
  <member type="way" ref="5330606" role=""/>
  <tag k="description" v="US 52 (IN)"/>
  <tag k="is_in:state" v="IN"/>
  <tag k="network" v="US:US"/>
  <tag k="ref" v="52"/>
  <tag k="route" v="road"/>
  <tag k="symbol" v="http://en.wikipedia.org/wiki/File:US_52.svg"/>
  <tag k="type" v="route"/>
  <tag k="wikipedia" v="en:U.S. Route 52"/>
 </relation>
 <relation id="12191713" visible="true" version="25" changeset="141184659" timestamp="2023-09-13T00:01:17Z" user="Clarke22" uid="703694">
  <member type="way" ref="802709241" role=""/>
  <member type="way" ref="327252145" role=""/>
  <member type="way" ref="895569887" role=""/>
  <member type="way" ref="5335062" role=""/>
  <member type="way" ref="635838190" role=""/>
  <member type="way" ref="5330360" role=""/>
  <member type="way" ref="895558624" role=""/>
  <member type="way" ref="1095755986" role=""/>
  <member type="way" ref="895569890" role=""/>
  <member type="way" ref="895146654" role=""/>
  <member type="way" ref="895558623" role=""/>
  <member type="way" ref="5329784" role=""/>
  <member type="way" ref="860893303" role=""/>
  <member type="way" ref="1097616379" role=""/>
  <member type="way" ref="1097616378" role=""/>
  <member type="way" ref="1097616377" role=""/>
  <member type="way" ref="932656636" role=""/>
  <member type="way" ref="1097616382" role=""/>
  <member type="way" ref="1097616381" role=""/>
  <member type="way" ref="896408310" role=""/>
  <member type="way" ref="860892890" role=""/>
  <member type="way" ref="5332091" role=""/>
  <member type="way" ref="860910540" role=""/>
  <member type="way" ref="1033674874" role=""/>
  <member type="way" ref="860910537" role=""/>
  <member type="way" ref="1014357139" role=""/>
  <member type="way" ref="895564815" role=""/>
  <member type="way" ref="1093270463" role=""/>
  <member type="way" ref="1093270464" role=""/>
  <member type="way" ref="1093270465" role=""/>
  <member type="way" ref="895564816" role=""/>
  <member type="way" ref="1093270466" role=""/>
  <member type="way" ref="1193683624" role=""/>
  <member type="way" ref="5334872" role=""/>
  <member type="way" ref="1093270468" role=""/>
  <member type="way" ref="926649439" role=""/>
  <member type="way" ref="1093270469" role=""/>
  <member type="way" ref="895569891" role=""/>
  <member type="way" ref="926631153" role=""/>
  <member type="way" ref="1087114662" role=""/>
  <member type="way" ref="333094489" role=""/>
  <member type="way" ref="1087114661" role=""/>
  <member type="way" ref="1087114660" role=""/>
  <member type="way" ref="1087114659" role=""/>
  <member type="way" ref="1097618102" role=""/>
  <member type="way" ref="895564818" role=""/>
  <member type="way" ref="1093270473" role=""/>
  <member type="way" ref="5333801" role=""/>
  <member type="way" ref="333094487" role=""/>
  <member type="way" ref="1085726459" role=""/>
  <member type="way" ref="515044539" role=""/>
  <member type="way" ref="895564820" role=""/>
  <member type="way" ref="319797209" role=""/>
  <member type="way" ref="941664854" role=""/>
  <member type="way" ref="896718870" role=""/>
  <member type="way" ref="895573872" role=""/>
  <member type="way" ref="1207309272" role=""/>
  <member type="way" ref="515044536" role=""/>
  <member type="way" ref="1159531123" role=""/>
  <member type="way" ref="895569889" role=""/>
  <member type="way" ref="333094484" role=""/>
  <member type="way" ref="960201469" role=""/>
  <member type="way" ref="895395067" role=""/>
  <member type="way" ref="5334804" role=""/>
  <member type="way" ref="5332202" role=""/>
  <member type="way" ref="1095783098" role=""/>
  <member type="way" ref="1095783099" role=""/>
  <member type="way" ref="895564824" role=""/>
  <member type="way" ref="5332303" role=""/>
  <member type="way" ref="993769636" role=""/>
  <member type="way" ref="895564821" role=""/>
  <member type="way" ref="538712945" role=""/>
  <member type="way" ref="814635540" role=""/>
  <member type="way" ref="895564822" role=""/>
  <tag k="from" v="Circle Pines on David Ross Rd (Nw Corner)"/>
  <tag k="name" v="Black Loop"/>
  <tag k="operator" v="CityBus"/>
  <tag k="ref" v="14"/>
  <tag k="route" v="bus"/>
  <tag k="to" v="Circle Pines on David Ross Rd (Nw Corner)"/>
  <tag k="type" v="route"/>
 </relation>
 <relation id="12191800" visible="true" version="14" changeset="140202363" timestamp="2023-08-21T22:12:46Z" user="Clarke22" uid="703694">
  <member type="way" ref="5330848" role=""/>
  <member type="way" ref="5330616" role=""/>
  <member type="way" ref="895569890" role=""/>
  <member type="way" ref="1095755986" role=""/>
  <member type="way" ref="895558624" role=""/>
  <member type="way" ref="5330360" role=""/>
  <member type="way" ref="635838190" role=""/>
  <member type="way" ref="327252066" role=""/>
  <member type="way" ref="932656548" role=""/>
  <member type="way" ref="5335106" role=""/>
  <member type="way" ref="932656549" role=""/>
  <member type="way" ref="895395207" role=""/>
  <member type="way" ref="895395206" role=""/>
  <member type="way" ref="895569891" role=""/>
  <member type="way" ref="1093270469" role=""/>
  <member type="way" ref="926649439" role=""/>
  <member type="way" ref="895564817" role=""/>
  <member type="way" ref="1093270467" role=""/>
  <member type="way" ref="1093270466" role=""/>
  <member type="way" ref="895564816" role=""/>
  <member type="way" ref="1093270465" role=""/>
  <member type="way" ref="1093270464" role=""/>
  <member type="way" ref="1093270463" role=""/>
  <member type="way" ref="5331094" role=""/>
  <member type="way" ref="895573866" role=""/>
  <member type="way" ref="803483326" role=""/>
  <member type="way" ref="1072164395" role=""/>
  <member type="way" ref="1191325298" role=""/>
  <member type="way" ref="302407380" role=""/>
  <member type="way" ref="1191325299" role=""/>
  <member type="way" ref="1191325300" role=""/>
  <member type="way" ref="1191325301" role=""/>
  <member type="way" ref="1085726463" role=""/>
  <member type="way" ref="895564819" role=""/>
  <member type="way" ref="515044537" role=""/>
  <member type="way" ref="941664855" role=""/>
  <member type="way" ref="941664854" role=""/>
  <member type="way" ref="319797209" role=""/>
  <member type="way" ref="895564820" role=""/>
  <member type="way" ref="895573869" role=""/>
  <member type="way" ref="895618152" role=""/>
  <member type="way" ref="1085726462" role=""/>
  <member type="way" ref="302407384" role=""/>
  <member type="way" ref="889986251" role=""/>
  <member type="way" ref="889986250" role=""/>
  <member type="way" ref="895573868" role=""/>
  <member type="way" ref="704979280" role=""/>
  <member type="way" ref="51758181" role=""/>
  <member type="way" ref="895573872" role=""/>
  <member type="way" ref="1072164394" role=""/>
  <member type="way" ref="5333697" role=""/>
  <member type="way" ref="895573873" role=""/>
  <member type="way" ref="896718870" role=""/>
  <tag k="from" v="Stadium Parking Lot on Victory Dr (at Shelter)"/>
  <tag k="name" v="Ross Ade"/>
  <tag k="operator" v="CityBus"/>
  <tag k="ref" v="17"/>
  <tag k="route" v="bus"/>
  <tag k="to" v="Halsey Dr &amp; Arnold Dr (NW Corner)"/>
  <tag k="type" v="route"/>
 </relation>
 <relation id="12192325" visible="true" version="9" changeset="139281478" timestamp="2023-08-01T05:56:11Z" user="Clarke22" uid="703694">
  <member type="way" ref="538712945" role=""/>
  <member type="way" ref="895564821" role=""/>
  <member type="way" ref="895564822" role=""/>
  <member type="way" ref="814635540" role=""/>
  <member type="way" ref="993769636" role=""/>
  <member type="way" ref="5332303" role=""/>
  <member type="way" ref="895564824" role=""/>
  <member type="way" ref="1095783099" role=""/>
  <member type="way" ref="1095783098" role=""/>
  <member type="way" ref="895614893" role=""/>
  <member type="way" ref="895146653" role=""/>
  <member type="way" ref="1093270474" role=""/>
  <member type="way" ref="1093270473" role=""/>
  <member type="way" ref="895564818" role=""/>
  <member type="way" ref="1097618102" role=""/>
  <member type="way" ref="1087114659" role=""/>
  <member type="way" ref="1087114660" role=""/>
  <member type="way" ref="1087114661" role=""/>
  <member type="way" ref="333094489" role=""/>
  <member type="way" ref="1087114662" role=""/>
  <member type="way" ref="926631153" role=""/>
  <member type="way" ref="895569891" role=""/>
  <member type="way" ref="1093270469" role=""/>
  <member type="way" ref="926649439" role=""/>
  <member type="way" ref="895564817" role=""/>
  <member type="way" ref="1093270467" role=""/>
  <member type="way" ref="1193683624" role=""/>
  <member type="way" ref="5334872" role=""/>
  <member type="way" ref="1093270468" role=""/>
  <tag k="from" v="Purdue Airport Main Terminal"/>
  <tag k="name" v="Gold Loop"/>
  <tag k="operator" v="CityBus"/>
  <tag k="ref" v="28"/>
  <tag k="route" v="bus"/>
  <tag k="to" v="Stewart Center"/>
  <tag k="type" v="route"/>
 </relation>
 <relation id="12444296" visible="true" version="8" changeset="127120836" timestamp="2022-10-06T21:37:34Z" user="Zol87" uid="1237170">
  <member type="way" ref="74143797" role="outer"/>
  <member type="way" ref="917105372" role="outer"/>
  <member type="way" ref="917105373" role="outer"/>
  <member type="way" ref="917105366" role="inner"/>
  <tag k="addr:city" v="West Lafayette"/>
  <tag k="addr:housenumber" v="610"/>
  <tag k="addr:postcode" v="47907"/>
  <tag k="addr:state" v="IN"/>
  <tag k="addr:street" v="Purdue Mall"/>
  <tag k="amenity" v="university"/>
  <tag k="ele" v="189"/>
  <tag k="gnis:county_id" v="157"/>
  <tag k="gnis:created" v="2/14/1979"/>
  <tag k="gnis:feature_id" v="441652"/>
  <tag k="gnis:state_id" v="18"/>
  <tag k="name" v="Purdue University"/>
  <tag k="name:zh-Hans" v="普渡大学"/>
  <tag k="name:zh-Hant" v="普渡大學"/>
  <tag k="operator" v="Purdue University"/>
  <tag k="type" v="multipolygon"/>
  <tag k="wikidata" v="Q217741"/>
  <tag k="wikipedia" v="en:Purdue University"/>
 </relation>
 <relation id="12542543" visible="true" version="1" changeset="102398458" timestamp="2021-04-06T10:27:02Z" user="Evgeni Sautin" uid="10237811">
  <member type="way" ref="339410228" role="from"/>
  <member type="node" ref="2458102287" role="via"/>
  <member type="way" ref="339410228" role="to"/>
  <tag k="restriction" v="no_u_turn"/>
  <tag k="type" v="restriction"/>
 </relation>
 <relation id="13340533" visible="true" version="1" changeset="112671985" timestamp="2021-10-18T22:03:22Z" user="riiga" uid="83501">
  <member type="way" ref="993769642" role="from"/>
  <member type="way" ref="319797214" role="to"/>
  <member type="node" ref="2457495899" role="via"/>
  <tag k="restriction" v="no_right_turn"/>
  <tag k="type" v="restriction"/>
 </relation>
</osm>
